{"type":"FeatureCollection","features":[{"type":"Feature","properties":{"shelf_id":"1B","bookcase_id":"1B","shelf_in_case":1,"side":"back","type":"shelf","physical_bookcase_id":1,"reserved_name":null,"reserved_faculty":null,"reserved":false},"geometry":{"type":"Polygon","coordinates":[[[76,26],[74,26],[74,27],[76,27],[76,26]]]}},{"type":"Feature","properties":{"shelf_id":"2B","bookcase_id":"1B","shelf_in_case":2,"side":"back","type":"shelf","physical_bookcase_id":1,"reserved_name":null,"reserved_faculty":null,"reserved":false},"geometry":{"type":"Polygon","coordinates":[[[76,25],[74,25],[74,26],[76,26],[76,25]]]}},{"type":"Feature","properties":{"shelf_id":"3B","bookcase_id":"1B","shelf_in_case":3,"side":"back","type":"shelf","physical_bookcase_id":1,"reserved_name":null,"reserved_faculty":null,"reserved":false},"geometry":{"type":"Polygon","coordinates":[[[76,24],[74,24],[74,25],[76,25],[76,24]]]}},{"type":"Feature","properties":{"shelf_id":"4B","bookcase_id":"1B","shelf_in_case":4,"side":"back","type":"shelf","physical_bookcase_id":1,"reserved_name":null,"reserved_faculty":null,"reserved":false},"geometry":{"type":"Polygon","coordinates":[[[76,23],[74,23],[74,24],[76,24],[76,23]]]}},{"type":"Feature","properties":{"shelf_id":"5B","bookcase_id":"1B","shelf_in_case":5,"side":"back","type":"shelf","physical_bookcase_id":1,"reserved_name":null,"reserved_faculty":null,"reserved":false},"geometry":{"type":"Polygon","coordinates":[[[76,22],[74,22],[74,23],[76,23],[76,22]]]}},{"type":"Feature","properties":{"shelf_id":"6B","bookcase_id":"1B","shelf_in_case":6,"side":"back","type":"shelf","physical_bookcase_id":1,"reserved_name":null,"reserved_faculty":null,"reserved":false},"geometry":{"type":"Polygon","coordinates":[[[76,21],[74,21],[74,22],[76,22],[76,21]]]}},{"type":"Feature","properties":{"shelf_id":"7B","bookcase_id":"2B","shelf_in_case":1,"side":"back","type":"shelf","physical_bookcase_id":2,"reserved_name":null,"reserved_faculty":null,"reserved":false},"geometry":{"type":"Polygon","coordinates":[[[74,26],[72,26],[72,27],[74,27],[74,26]]]}},{"type":"Feature","properties":{"shelf_id":"8B","bookcase_id":"2B","shelf_in_case":2,"side":"back","type":"shelf","physical_bookcase_id":2,"reserved_name":null,"reserved_faculty":null,"reserved":false},"geometry":{"type":"Polygon","coordinates":[[[74,25],[72,25],[72,26],[74,26],[74,25]]]}},{"type":"Feature","properties":{"shelf_id":"9B","bookcase_id":"2B","shelf_in_case":3,"side":"back","type":"shelf","physical_bookcase_id":2,"reserved_name":null,"reserved_faculty":null,"reserved":false},"geometry":{"type":"Polygon","coordinates":[[[74,24],[72,24],[72,25],[74,25],[74,24]]]}},{"type":"Feature","properties":{"shelf_id":"10B","bookcase_id":"2B","shelf_in_case":4,"side":"back","type":"shelf","physical_bookcase_id":2,"reserved_name":null,"reserved_faculty":null,"reserved":false},"geometry":{"type":"Polygon","coordinates":[[[74,23],[72,23],[72,24],[74,24],[74,23]]]}},{"type":"Feature","properties":{"shelf_id":"11B","bookcase_id":"2B","shelf_in_case":5,"side":"back","type":"shelf","physical_bookcase_id":2,"reserved_name":null,"reserved_faculty":null,"reserved":false},"geometry":{"type":"Polygon","coordinates":[[[74,22],[72,22],[72,23],[74,23],[74,22]]]}},{"type":"Feature","properties":{"shelf_id":"12B","bookcase_id":"2B","shelf_in_case":6,"side":"back","type":"shelf","physical_bookcase_id":2,"reserved_name":null,"reserved_faculty":null,"reserved":false},"geometry":{"type":"Polygon","coordinates":[[[74,21],[72,21],[72,22],[74,22],[74,21]]]}},{"type":"Feature","properties":{"shelf_id":"13B","bookcase_id":"3B","shelf_in_case":1,"side":"back","type":"shelf","physical_bookcase_id":3,"reserved_name":null,"reserved_faculty":null,"reserved":false},"geometry":{"type":"Polygon","coordinates":[[[72,26],[70,26],[70,27],[72,27],[72,26]]]}},{"type":"Feature","properties":{"shelf_id":"14B","bookcase_id":"3B","shelf_in_case":2,"side":"back","type":"shelf","physical_bookcase_id":3,"reserved_name":null,"reserved_faculty":null,"reserved":false},"geometry":{"type":"Polygon","coordinates":[[[72,25],[70,25],[70,26],[72,26],[72,25]]]}},{"type":"Feature","properties":{"shelf_id":"15B","bookcase_id":"3B","shelf_in_case":3,"side":"back","type":"shelf","physical_bookcase_id":3,"reserved_name":null,"reserved_faculty":null,"reserved":false},"geometry":{"type":"Polygon","coordinates":[[[72,24],[70,24],[70,25],[72,25],[72,24]]]}},{"type":"Feature","properties":{"shelf_id":"16B","bookcase_id":"3B","shelf_in_case":4,"side":"back","type":"shelf","physical_bookcase_id":3,"reserved_name":null,"reserved_faculty":null,"reserved":false},"geometry":{"type":"Polygon","coordinates":[[[72,23],[70,23],[70,24],[72,24],[72,23]]]}},{"type":"Feature","properties":{"shelf_id":"17B","bookcase_id":"3B","shelf_in_case":5,"side":"back","type":"shelf","physical_bookcase_id":3,"reserved_name":null,"reserved_faculty":null,"reserved":false},"geometry":{"type":"Polygon","coordinates":[[[72,22],[70,22],[70,23],[72,23],[72,22]]]}},{"type":"Feature","properties":{"shelf_id":"18B","bookcase_id":"3B","shelf_in_case":6,"side":"back","type":"shelf","physical_bookcase_id":3,"reserved_name":null,"reserved_faculty":null,"reserved":false},"geometry":{"type":"Polygon","coordinates":[[[72,21],[70,21],[70,22],[72,22],[72,21]]]}},{"type":"Feature","properties":{"shelf_id":"19B","bookcase_id":"4B","shelf_in_case":1,"side":"back","type":"shelf","physical_bookcase_id":4,"reserved_name":"CEG Expo","reserved_faculty":"CEG","reserved":true},"geometry":{"type":"Polygon","coordinates":[[[68,26],[66,26],[66,27],[68,27],[68,26]]]}},{"type":"Feature","properties":{"shelf_id":"20B","bookcase_id":"4B","shelf_in_case":2,"side":"back","type":"shelf","physical_bookcase_id":4,"reserved_name":"CEG Expo","reserved_faculty":"CEG","reserved":true},"geometry":{"type":"Polygon","coordinates":[[[68,25],[66,25],[66,26],[68,26],[68,25]]]}},{"type":"Feature","properties":{"shelf_id":"21B","bookcase_id":"4B","shelf_in_case":3,"side":"back","type":"shelf","physical_bookcase_id":4,"reserved_name":"CEG Expo","reserved_faculty":"CEG","reserved":true},"geometry":{"type":"Polygon","coordinates":[[[68,24],[66,24],[66,25],[68,25],[68,24]]]}},{"type":"Feature","properties":{"shelf_id":"22B","bookcase_id":"4B","shelf_in_case":4,"side":"back","type":"shelf","physical_bookcase_id":4,"reserved_name":"CEG Expo","reserved_faculty":"CEG","reserved":true},"geometry":{"type":"Polygon","coordinates":[[[68,23],[66,23],[66,24],[68,24],[68,23]]]}},{"type":"Feature","properties":{"shelf_id":"23B","bookcase_id":"4B","shelf_in_case":5,"side":"back","type":"shelf","physical_bookcase_id":4,"reserved_name":"CEG Expo","reserved_faculty":"CEG","reserved":true},"geometry":{"type":"Polygon","coordinates":[[[68,22],[66,22],[66,23],[68,23],[68,22]]]}},{"type":"Feature","properties":{"shelf_id":"24B","bookcase_id":"4B","shelf_in_case":6,"side":"back","type":"shelf","physical_bookcase_id":4,"reserved_name":"CEG Expo","reserved_faculty":"CEG","reserved":true},"geometry":{"type":"Polygon","coordinates":[[[68,21],[66,21],[66,22],[68,22],[68,21]]]}},{"type":"Feature","properties":{"shelf_id":"25B","bookcase_id":"5B","shelf_in_case":1,"side":"back","type":"shelf","physical_bookcase_id":5,"reserved_name":"CEG Expo","reserved_faculty":"CEG","reserved":true},"geometry":{"type":"Polygon","coordinates":[[[66,26],[64,26],[64,27],[66,27],[66,26]]]}},{"type":"Feature","properties":{"shelf_id":"26B","bookcase_id":"5B","shelf_in_case":2,"side":"back","type":"shelf","physical_bookcase_id":5,"reserved_name":"CEG Expo","reserved_faculty":"CEG","reserved":true},"geometry":{"type":"Polygon","coordinates":[[[66,25],[64,25],[64,26],[66,26],[66,25]]]}},{"type":"Feature","properties":{"shelf_id":"27B","bookcase_id":"5B","shelf_in_case":3,"side":"back","type":"shelf","physical_bookcase_id":5,"reserved_name":"CEG Expo","reserved_faculty":"CEG","reserved":true},"geometry":{"type":"Polygon","coordinates":[[[66,24],[64,24],[64,25],[66,25],[66,24]]]}},{"type":"Feature","properties":{"shelf_id":"28B","bookcase_id":"5B","shelf_in_case":4,"side":"back","type":"shelf","physical_bookcase_id":5,"reserved_name":"CEG Expo","reserved_faculty":"CEG","reserved":true},"geometry":{"type":"Polygon","coordinates":[[[66,23],[64,23],[64,24],[66,24],[66,23]]]}},{"type":"Feature","properties":{"shelf_id":"29B","bookcase_id":"5B","shelf_in_case":5,"side":"back","type":"shelf","physical_bookcase_id":5,"reserved_name":"CEG Expo","reserved_faculty":"CEG","reserved":true},"geometry":{"type":"Polygon","coordinates":[[[66,22],[64,22],[64,23],[66,23],[66,22]]]}},{"type":"Feature","properties":{"shelf_id":"30B","bookcase_id":"5B","shelf_in_case":6,"side":"back","type":"shelf","physical_bookcase_id":5,"reserved_name":"CEG Expo","reserved_faculty":"CEG","reserved":true},"geometry":{"type":"Polygon","coordinates":[[[66,21],[64,21],[64,22],[66,22],[66,21]]]}},{"type":"Feature","properties":{"shelf_id":"31B","bookcase_id":"6B","shelf_in_case":1,"side":"back","type":"shelf","physical_bookcase_id":6,"reserved_name":"CEG Expo","reserved_faculty":"CEG","reserved":true},"geometry":{"type":"Polygon","coordinates":[[[64,26],[62,26],[62,27],[64,27],[64,26]]]}},{"type":"Feature","properties":{"shelf_id":"32B","bookcase_id":"6B","shelf_in_case":2,"side":"back","type":"shelf","physical_bookcase_id":6,"reserved_name":"CEG Expo","reserved_faculty":"CEG","reserved":true},"geometry":{"type":"Polygon","coordinates":[[[64,25],[62,25],[62,26],[64,26],[64,25]]]}},{"type":"Feature","properties":{"shelf_id":"33B","bookcase_id":"6B","shelf_in_case":3,"side":"back","type":"shelf","physical_bookcase_id":6,"reserved_name":"CEG Expo","reserved_faculty":"CEG","reserved":true},"geometry":{"type":"Polygon","coordinates":[[[64,24],[62,24],[62,25],[64,25],[64,24]]]}},{"type":"Feature","properties":{"shelf_id":"34B","bookcase_id":"6B","shelf_in_case":4,"side":"back","type":"shelf","physical_bookcase_id":6,"reserved_name":"CEG Expo","reserved_faculty":"CEG","reserved":true},"geometry":{"type":"Polygon","coordinates":[[[64,23],[62,23],[62,24],[64,24],[64,23]]]}},{"type":"Feature","properties":{"shelf_id":"35B","bookcase_id":"6B","shelf_in_case":5,"side":"back","type":"shelf","physical_bookcase_id":6,"reserved_name":"CEG Expo","reserved_faculty":"CEG","reserved":true},"geometry":{"type":"Polygon","coordinates":[[[64,22],[62,22],[62,23],[64,23],[64,22]]]}},{"type":"Feature","properties":{"shelf_id":"36B","bookcase_id":"6B","shelf_in_case":6,"side":"back","type":"shelf","physical_bookcase_id":6,"reserved_name":"CEG Expo","reserved_faculty":"CEG","reserved":true},"geometry":{"type":"Polygon","coordinates":[[[64,21],[62,21],[62,22],[64,22],[64,21]]]}},{"type":"Feature","properties":{"shelf_id":"37B","bookcase_id":"7B","shelf_in_case":1,"side":"back","type":"shelf","physical_bookcase_id":7,"reserved_name":null,"reserved_faculty":null,"reserved":false},"geometry":{"type":"Polygon","coordinates":[[[62,26],[60,26],[60,27],[62,27],[62,26]]]}},{"type":"Feature","properties":{"shelf_id":"38B","bookcase_id":"7B","shelf_in_case":2,"side":"back","type":"shelf","physical_bookcase_id":7,"reserved_name":null,"reserved_faculty":null,"reserved":false},"geometry":{"type":"Polygon","coordinates":[[[62,25],[60,25],[60,26],[62,26],[62,25]]]}},{"type":"Feature","properties":{"shelf_id":"39B","bookcase_id":"7B","shelf_in_case":3,"side":"back","type":"shelf","physical_bookcase_id":7,"reserved_name":null,"reserved_faculty":null,"reserved":false},"geometry":{"type":"Polygon","coordinates":[[[62,24],[60,24],[60,25],[62,25],[62,24]]]}},{"type":"Feature","properties":{"shelf_id":"40B","bookcase_id":"7B","shelf_in_case":4,"side":"back","type":"shelf","physical_bookcase_id":7,"reserved_name":null,"reserved_faculty":null,"reserved":false},"geometry":{"type":"Polygon","coordinates":[[[62,23],[60,23],[60,24],[62,24],[62,23]]]}},{"type":"Feature","properties":{"shelf_id":"41B","bookcase_id":"7B","shelf_in_case":5,"side":"back","type":"shelf","physical_bookcase_id":7,"reserved_name":null,"reserved_faculty":null,"reserved":false},"geometry":{"type":"Polygon","coordinates":[[[62,22],[60,22],[60,23],[62,23],[62,22]]]}},{"type":"Feature","properties":{"shelf_id":"42B","bookcase_id":"7B","shelf_in_case":6,"side":"back","type":"shelf","physical_bookcase_id":7,"reserved_name":null,"reserved_faculty":null,"reserved":false},"geometry":{"type":"Polygon","coordinates":[[[62,21],[60,21],[60,22],[62,22],[62,21]]]}},{"type":"Feature","properties":{"shelf_id":"43B","bookcase_id":"8B","shelf_in_case":1,"side":"back","type":"shelf","physical_bookcase_id":8,"reserved_name":null,"reserved_faculty":null,"reserved":false},"geometry":{"type":"Polygon","coordinates":[[[60,26],[58,26],[58,27],[60,27],[60,26]]]}},{"type":"Feature","properties":{"shelf_id":"44B","bookcase_id":"8B","shelf_in_case":2,"side":"back","type":"shelf","physical_bookcase_id":8,"reserved_name":null,"reserved_faculty":null,"reserved":false},"geometry":{"type":"Polygon","coordinates":[[[60,25],[58,25],[58,26],[60,26],[60,25]]]}},{"type":"Feature","properties":{"shelf_id":"45B","bookcase_id":"8B","shelf_in_case":3,"side":"back","type":"shelf","physical_bookcase_id":8,"reserved_name":null,"reserved_faculty":null,"reserved":false},"geometry":{"type":"Polygon","coordinates":[[[60,24],[58,24],[58,25],[60,25],[60,24]]]}},{"type":"Feature","properties":{"shelf_id":"46B","bookcase_id":"8B","shelf_in_case":4,"side":"back","type":"shelf","physical_bookcase_id":8,"reserved_name":null,"reserved_faculty":null,"reserved":false},"geometry":{"type":"Polygon","coordinates":[[[60,23],[58,23],[58,24],[60,24],[60,23]]]}},{"type":"Feature","properties":{"shelf_id":"47B","bookcase_id":"8B","shelf_in_case":5,"side":"back","type":"shelf","physical_bookcase_id":8,"reserved_name":null,"reserved_faculty":null,"reserved":false},"geometry":{"type":"Polygon","coordinates":[[[60,22],[58,22],[58,23],[60,23],[60,22]]]}},{"type":"Feature","properties":{"shelf_id":"48B","bookcase_id":"8B","shelf_in_case":6,"side":"back","type":"shelf","physical_bookcase_id":8,"reserved_name":null,"reserved_faculty":null,"reserved":false},"geometry":{"type":"Polygon","coordinates":[[[60,21],[58,21],[58,22],[60,22],[60,21]]]}},{"type":"Feature","properties":{"shelf_id":"49B","bookcase_id":"9B","shelf_in_case":1,"side":"back","type":"shelf","physical_bookcase_id":9,"reserved_name":null,"reserved_faculty":null,"reserved":false},"geometry":{"type":"Polygon","coordinates":[[[58,26],[56,26],[56,27],[58,27],[58,26]]]}},{"type":"Feature","properties":{"shelf_id":"50B","bookcase_id":"9B","shelf_in_case":2,"side":"back","type":"shelf","physical_bookcase_id":9,"reserved_name":null,"reserved_faculty":null,"reserved":false},"geometry":{"type":"Polygon","coordinates":[[[58,25],[56,25],[56,26],[58,26],[58,25]]]}},{"type":"Feature","properties":{"shelf_id":"51B","bookcase_id":"9B","shelf_in_case":3,"side":"back","type":"shelf","physical_bookcase_id":9,"reserved_name":null,"reserved_faculty":null,"reserved":false},"geometry":{"type":"Polygon","coordinates":[[[58,24],[56,24],[56,25],[58,25],[58,24]]]}},{"type":"Feature","properties":{"shelf_id":"52B","bookcase_id":"9B","shelf_in_case":4,"side":"back","type":"shelf","physical_bookcase_id":9,"reserved_name":null,"reserved_faculty":null,"reserved":false},"geometry":{"type":"Polygon","coordinates":[[[58,23],[56,23],[56,24],[58,24],[58,23]]]}},{"type":"Feature","properties":{"shelf_id":"53B","bookcase_id":"9B","shelf_in_case":5,"side":"back","type":"shelf","physical_bookcase_id":9,"reserved_name":null,"reserved_faculty":null,"reserved":false},"geometry":{"type":"Polygon","coordinates":[[[58,22],[56,22],[56,23],[58,23],[58,22]]]}},{"type":"Feature","properties":{"shelf_id":"54B","bookcase_id":"9B","shelf_in_case":6,"side":"back","type":"shelf","physical_bookcase_id":9,"reserved_name":null,"reserved_faculty":null,"reserved":false},"geometry":{"type":"Polygon","coordinates":[[[58,21],[56,21],[56,22],[58,22],[58,21]]]}},{"type":"Feature","properties":{"shelf_id":"55B","bookcase_id":"10B","shelf_in_case":1,"side":"back","type":"shelf","physical_bookcase_id":10,"reserved_name":null,"reserved_faculty":null,"reserved":false},"geometry":{"type":"Polygon","coordinates":[[[56,26],[54,26],[54,27],[56,27],[56,26]]]}},{"type":"Feature","properties":{"shelf_id":"56B","bookcase_id":"10B","shelf_in_case":2,"side":"back","type":"shelf","physical_bookcase_id":10,"reserved_name":null,"reserved_faculty":null,"reserved":false},"geometry":{"type":"Polygon","coordinates":[[[56,25],[54,25],[54,26],[56,26],[56,25]]]}},{"type":"Feature","properties":{"shelf_id":"57B","bookcase_id":"10B","shelf_in_case":3,"side":"back","type":"shelf","physical_bookcase_id":10,"reserved_name":null,"reserved_faculty":null,"reserved":false},"geometry":{"type":"Polygon","coordinates":[[[56,24],[54,24],[54,25],[56,25],[56,24]]]}},{"type":"Feature","properties":{"shelf_id":"58B","bookcase_id":"10B","shelf_in_case":4,"side":"back","type":"shelf","physical_bookcase_id":10,"reserved_name":null,"reserved_faculty":null,"reserved":false},"geometry":{"type":"Polygon","coordinates":[[[56,23],[54,23],[54,24],[56,24],[56,23]]]}},{"type":"Feature","properties":{"shelf_id":"59B","bookcase_id":"10B","shelf_in_case":5,"side":"back","type":"shelf","physical_bookcase_id":10,"reserved_name":null,"reserved_faculty":null,"reserved":false},"geometry":{"type":"Polygon","coordinates":[[[56,22],[54,22],[54,23],[56,23],[56,22]]]}},{"type":"Feature","properties":{"shelf_id":"60B","bookcase_id":"10B","shelf_in_case":6,"side":"back","type":"shelf","physical_bookcase_id":10,"reserved_name":null,"reserved_faculty":null,"reserved":false},"geometry":{"type":"Polygon","coordinates":[[[56,21],[54,21],[54,22],[56,22],[56,21]]]}},{"type":"Feature","properties":{"shelf_id":"61B","bookcase_id":"11B","shelf_in_case":1,"side":"back","type":"shelf","physical_bookcase_id":11,"reserved_name":null,"reserved_faculty":null,"reserved":false},"geometry":{"type":"Polygon","coordinates":[[[54,26],[52,26],[52,27],[54,27],[54,26]]]}},{"type":"Feature","properties":{"shelf_id":"62B","bookcase_id":"11B","shelf_in_case":2,"side":"back","type":"shelf","physical_bookcase_id":11,"reserved_name":null,"reserved_faculty":null,"reserved":false},"geometry":{"type":"Polygon","coordinates":[[[54,25],[52,25],[52,26],[54,26],[54,25]]]}},{"type":"Feature","properties":{"shelf_id":"63B","bookcase_id":"11B","shelf_in_case":3,"side":"back","type":"shelf","physical_bookcase_id":11,"reserved_name":null,"reserved_faculty":null,"reserved":false},"geometry":{"type":"Polygon","coordinates":[[[54,24],[52,24],[52,25],[54,25],[54,24]]]}},{"type":"Feature","properties":{"shelf_id":"64B","bookcase_id":"11B","shelf_in_case":4,"side":"back","type":"shelf","physical_bookcase_id":11,"reserved_name":null,"reserved_faculty":null,"reserved":false},"geometry":{"type":"Polygon","coordinates":[[[54,23],[52,23],[52,24],[54,24],[54,23]]]}},{"type":"Feature","properties":{"shelf_id":"65B","bookcase_id":"11B","shelf_in_case":5,"side":"back","type":"shelf","physical_bookcase_id":11,"reserved_name":null,"reserved_faculty":null,"reserved":false},"geometry":{"type":"Polygon","coordinates":[[[54,22],[52,22],[52,23],[54,23],[54,22]]]}},{"type":"Feature","properties":{"shelf_id":"66B","bookcase_id":"11B","shelf_in_case":6,"side":"back","type":"shelf","physical_bookcase_id":11,"reserved_name":null,"reserved_faculty":null,"reserved":false},"geometry":{"type":"Polygon","coordinates":[[[54,21],[52,21],[52,22],[54,22],[54,21]]]}},{"type":"Feature","properties":{"shelf_id":"67B","bookcase_id":"12B","shelf_in_case":1,"side":"back","type":"shelf","physical_bookcase_id":12,"reserved_name":null,"reserved_faculty":null,"reserved":false},"geometry":{"type":"Polygon","coordinates":[[[52,26],[50,26],[50,27],[52,27],[52,26]]]}},{"type":"Feature","properties":{"shelf_id":"68B","bookcase_id":"12B","shelf_in_case":2,"side":"back","type":"shelf","physical_bookcase_id":12,"reserved_name":null,"reserved_faculty":null,"reserved":false},"geometry":{"type":"Polygon","coordinates":[[[52,25],[50,25],[50,26],[52,26],[52,25]]]}},{"type":"Feature","properties":{"shelf_id":"69B","bookcase_id":"12B","shelf_in_case":3,"side":"back","type":"shelf","physical_bookcase_id":12,"reserved_name":null,"reserved_faculty":null,"reserved":false},"geometry":{"type":"Polygon","coordinates":[[[52,24],[50,24],[50,25],[52,25],[52,24]]]}},{"type":"Feature","properties":{"shelf_id":"70B","bookcase_id":"12B","shelf_in_case":4,"side":"back","type":"shelf","physical_bookcase_id":12,"reserved_name":null,"reserved_faculty":null,"reserved":false},"geometry":{"type":"Polygon","coordinates":[[[52,23],[50,23],[50,24],[52,24],[52,23]]]}},{"type":"Feature","properties":{"shelf_id":"71B","bookcase_id":"12B","shelf_in_case":5,"side":"back","type":"shelf","physical_bookcase_id":12,"reserved_name":null,"reserved_faculty":null,"reserved":false},"geometry":{"type":"Polygon","coordinates":[[[52,22],[50,22],[50,23],[52,23],[52,22]]]}},{"type":"Feature","properties":{"shelf_id":"72B","bookcase_id":"12B","shelf_in_case":6,"side":"back","type":"shelf","physical_bookcase_id":12,"reserved_name":null,"reserved_faculty":null,"reserved":false},"geometry":{"type":"Polygon","coordinates":[[[52,21],[50,21],[50,22],[52,22],[52,21]]]}},{"type":"Feature","properties":{"shelf_id":"73B","bookcase_id":"13B","shelf_in_case":1,"side":"back","type":"shelf","physical_bookcase_id":13,"reserved_name":null,"reserved_faculty":null,"reserved":false},"geometry":{"type":"Polygon","coordinates":[[[50,26],[48,26],[48,27],[50,27],[50,26]]]}},{"type":"Feature","properties":{"shelf_id":"74B","bookcase_id":"13B","shelf_in_case":2,"side":"back","type":"shelf","physical_bookcase_id":13,"reserved_name":null,"reserved_faculty":null,"reserved":false},"geometry":{"type":"Polygon","coordinates":[[[50,25],[48,25],[48,26],[50,26],[50,25]]]}},{"type":"Feature","properties":{"shelf_id":"75B","bookcase_id":"13B","shelf_in_case":3,"side":"back","type":"shelf","physical_bookcase_id":13,"reserved_name":null,"reserved_faculty":null,"reserved":false},"geometry":{"type":"Polygon","coordinates":[[[50,24],[48,24],[48,25],[50,25],[50,24]]]}},{"type":"Feature","properties":{"shelf_id":"76B","bookcase_id":"13B","shelf_in_case":4,"side":"back","type":"shelf","physical_bookcase_id":13,"reserved_name":null,"reserved_faculty":null,"reserved":false},"geometry":{"type":"Polygon","coordinates":[[[50,23],[48,23],[48,24],[50,24],[50,23]]]}},{"type":"Feature","properties":{"shelf_id":"77B","bookcase_id":"13B","shelf_in_case":5,"side":"back","type":"shelf","physical_bookcase_id":13,"reserved_name":null,"reserved_faculty":null,"reserved":false},"geometry":{"type":"Polygon","coordinates":[[[50,22],[48,22],[48,23],[50,23],[50,22]]]}},{"type":"Feature","properties":{"shelf_id":"78B","bookcase_id":"13B","shelf_in_case":6,"side":"back","type":"shelf","physical_bookcase_id":13,"reserved_name":null,"reserved_faculty":null,"reserved":false},"geometry":{"type":"Polygon","coordinates":[[[50,21],[48,21],[48,22],[50,22],[50,21]]]}},{"type":"Feature","properties":{"shelf_id":"79B","bookcase_id":"14B","shelf_in_case":1,"side":"back","type":"shelf","physical_bookcase_id":14,"reserved_name":null,"reserved_faculty":null,"reserved":false},"geometry":{"type":"Polygon","coordinates":[[[36,26],[34,26],[34,27],[36,27],[36,26]]]}},{"type":"Feature","properties":{"shelf_id":"80B","bookcase_id":"14B","shelf_in_case":2,"side":"back","type":"shelf","physical_bookcase_id":14,"reserved_name":null,"reserved_faculty":null,"reserved":false},"geometry":{"type":"Polygon","coordinates":[[[36,25],[34,25],[34,26],[36,26],[36,25]]]}},{"type":"Feature","properties":{"shelf_id":"81B","bookcase_id":"14B","shelf_in_case":3,"side":"back","type":"shelf","physical_bookcase_id":14,"reserved_name":null,"reserved_faculty":null,"reserved":false},"geometry":{"type":"Polygon","coordinates":[[[36,24],[34,24],[34,25],[36,25],[36,24]]]}},{"type":"Feature","properties":{"shelf_id":"82B","bookcase_id":"14B","shelf_in_case":4,"side":"back","type":"shelf","physical_bookcase_id":14,"reserved_name":null,"reserved_faculty":null,"reserved":false},"geometry":{"type":"Polygon","coordinates":[[[36,23],[34,23],[34,24],[36,24],[36,23]]]}},{"type":"Feature","properties":{"shelf_id":"83B","bookcase_id":"14B","shelf_in_case":5,"side":"back","type":"shelf","physical_bookcase_id":14,"reserved_name":null,"reserved_faculty":null,"reserved":false},"geometry":{"type":"Polygon","coordinates":[[[36,22],[34,22],[34,23],[36,23],[36,22]]]}},{"type":"Feature","properties":{"shelf_id":"84B","bookcase_id":"14B","shelf_in_case":6,"side":"back","type":"shelf","physical_bookcase_id":14,"reserved_name":null,"reserved_faculty":null,"reserved":false},"geometry":{"type":"Polygon","coordinates":[[[36,21],[34,21],[34,22],[36,22],[36,21]]]}},{"type":"Feature","properties":{"shelf_id":"85B","bookcase_id":"15B","shelf_in_case":1,"side":"back","type":"shelf","physical_bookcase_id":15,"reserved_name":null,"reserved_faculty":null,"reserved":false},"geometry":{"type":"Polygon","coordinates":[[[34,26],[32,26],[32,27],[34,27],[34,26]]]}},{"type":"Feature","properties":{"shelf_id":"86B","bookcase_id":"15B","shelf_in_case":2,"side":"back","type":"shelf","physical_bookcase_id":15,"reserved_name":null,"reserved_faculty":null,"reserved":false},"geometry":{"type":"Polygon","coordinates":[[[34,25],[32,25],[32,26],[34,26],[34,25]]]}},{"type":"Feature","properties":{"shelf_id":"87B","bookcase_id":"15B","shelf_in_case":3,"side":"back","type":"shelf","physical_bookcase_id":15,"reserved_name":null,"reserved_faculty":null,"reserved":false},"geometry":{"type":"Polygon","coordinates":[[[34,24],[32,24],[32,25],[34,25],[34,24]]]}},{"type":"Feature","properties":{"shelf_id":"88B","bookcase_id":"15B","shelf_in_case":4,"side":"back","type":"shelf","physical_bookcase_id":15,"reserved_name":null,"reserved_faculty":null,"reserved":false},"geometry":{"type":"Polygon","coordinates":[[[34,23],[32,23],[32,24],[34,24],[34,23]]]}},{"type":"Feature","properties":{"shelf_id":"89B","bookcase_id":"15B","shelf_in_case":5,"side":"back","type":"shelf","physical_bookcase_id":15,"reserved_name":null,"reserved_faculty":null,"reserved":false},"geometry":{"type":"Polygon","coordinates":[[[34,22],[32,22],[32,23],[34,23],[34,22]]]}},{"type":"Feature","properties":{"shelf_id":"90B","bookcase_id":"15B","shelf_in_case":6,"side":"back","type":"shelf","physical_bookcase_id":15,"reserved_name":null,"reserved_faculty":null,"reserved":false},"geometry":{"type":"Polygon","coordinates":[[[34,21],[32,21],[32,22],[34,22],[34,21]]]}},{"type":"Feature","properties":{"shelf_id":"91B","bookcase_id":"16B","shelf_in_case":1,"side":"back","type":"shelf","physical_bookcase_id":16,"reserved_name":null,"reserved_faculty":null,"reserved":false},"geometry":{"type":"Polygon","coordinates":[[[32,26],[30,26],[30,27],[32,27],[32,26]]]}},{"type":"Feature","properties":{"shelf_id":"92B","bookcase_id":"16B","shelf_in_case":2,"side":"back","type":"shelf","physical_bookcase_id":16,"reserved_name":null,"reserved_faculty":null,"reserved":false},"geometry":{"type":"Polygon","coordinates":[[[32,25],[30,25],[30,26],[32,26],[32,25]]]}},{"type":"Feature","properties":{"shelf_id":"93B","bookcase_id":"16B","shelf_in_case":3,"side":"back","type":"shelf","physical_bookcase_id":16,"reserved_name":null,"reserved_faculty":null,"reserved":false},"geometry":{"type":"Polygon","coordinates":[[[32,24],[30,24],[30,25],[32,25],[32,24]]]}},{"type":"Feature","properties":{"shelf_id":"94B","bookcase_id":"16B","shelf_in_case":4,"side":"back","type":"shelf","physical_bookcase_id":16,"reserved_name":null,"reserved_faculty":null,"reserved":false},"geometry":{"type":"Polygon","coordinates":[[[32,23],[30,23],[30,24],[32,24],[32,23]]]}},{"type":"Feature","properties":{"shelf_id":"95B","bookcase_id":"16B","shelf_in_case":5,"side":"back","type":"shelf","physical_bookcase_id":16,"reserved_name":null,"reserved_faculty":null,"reserved":false},"geometry":{"type":"Polygon","coordinates":[[[32,22],[30,22],[30,23],[32,23],[32,22]]]}},{"type":"Feature","properties":{"shelf_id":"96B","bookcase_id":"16B","shelf_in_case":6,"side":"back","type":"shelf","physical_bookcase_id":16,"reserved_name":null,"reserved_faculty":null,"reserved":false},"geometry":{"type":"Polygon","coordinates":[[[32,21],[30,21],[30,22],[32,22],[32,21]]]}},{"type":"Feature","properties":{"shelf_id":"97B","bookcase_id":"17B","shelf_in_case":1,"side":"back","type":"shelf","physical_bookcase_id":17,"reserved_name":null,"reserved_faculty":null,"reserved":false},"geometry":{"type":"Polygon","coordinates":[[[30,26],[28,26],[28,27],[30,27],[30,26]]]}},{"type":"Feature","properties":{"shelf_id":"98B","bookcase_id":"17B","shelf_in_case":2,"side":"back","type":"shelf","physical_bookcase_id":17,"reserved_name":null,"reserved_faculty":null,"reserved":false},"geometry":{"type":"Polygon","coordinates":[[[30,25],[28,25],[28,26],[30,26],[30,25]]]}},{"type":"Feature","properties":{"shelf_id":"99B","bookcase_id":"17B","shelf_in_case":3,"side":"back","type":"shelf","physical_bookcase_id":17,"reserved_name":null,"reserved_faculty":null,"reserved":false},"geometry":{"type":"Polygon","coordinates":[[[30,24],[28,24],[28,25],[30,25],[30,24]]]}},{"type":"Feature","properties":{"shelf_id":"100B","bookcase_id":"17B","shelf_in_case":4,"side":"back","type":"shelf","physical_bookcase_id":17,"reserved_name":null,"reserved_faculty":null,"reserved":false},"geometry":{"type":"Polygon","coordinates":[[[30,23],[28,23],[28,24],[30,24],[30,23]]]}},{"type":"Feature","properties":{"shelf_id":"101B","bookcase_id":"17B","shelf_in_case":5,"side":"back","type":"shelf","physical_bookcase_id":17,"reserved_name":null,"reserved_faculty":null,"reserved":false},"geometry":{"type":"Polygon","coordinates":[[[30,22],[28,22],[28,23],[30,23],[30,22]]]}},{"type":"Feature","properties":{"shelf_id":"102B","bookcase_id":"17B","shelf_in_case":6,"side":"back","type":"shelf","physical_bookcase_id":17,"reserved_name":null,"reserved_faculty":null,"reserved":false},"geometry":{"type":"Polygon","coordinates":[[[30,21],[28,21],[28,22],[30,22],[30,21]]]}},{"type":"Feature","properties":{"shelf_id":"103B","bookcase_id":"18B","shelf_in_case":1,"side":"back","type":"shelf","physical_bookcase_id":18,"reserved_name":null,"reserved_faculty":null,"reserved":false},"geometry":{"type":"Polygon","coordinates":[[[28,26],[26,26],[26,27],[28,27],[28,26]]]}},{"type":"Feature","properties":{"shelf_id":"104B","bookcase_id":"18B","shelf_in_case":2,"side":"back","type":"shelf","physical_bookcase_id":18,"reserved_name":null,"reserved_faculty":null,"reserved":false},"geometry":{"type":"Polygon","coordinates":[[[28,25],[26,25],[26,26],[28,26],[28,25]]]}},{"type":"Feature","properties":{"shelf_id":"105B","bookcase_id":"18B","shelf_in_case":3,"side":"back","type":"shelf","physical_bookcase_id":18,"reserved_name":null,"reserved_faculty":null,"reserved":false},"geometry":{"type":"Polygon","coordinates":[[[28,24],[26,24],[26,25],[28,25],[28,24]]]}},{"type":"Feature","properties":{"shelf_id":"106B","bookcase_id":"18B","shelf_in_case":4,"side":"back","type":"shelf","physical_bookcase_id":18,"reserved_name":null,"reserved_faculty":null,"reserved":false},"geometry":{"type":"Polygon","coordinates":[[[28,23],[26,23],[26,24],[28,24],[28,23]]]}},{"type":"Feature","properties":{"shelf_id":"107B","bookcase_id":"18B","shelf_in_case":5,"side":"back","type":"shelf","physical_bookcase_id":18,"reserved_name":null,"reserved_faculty":null,"reserved":false},"geometry":{"type":"Polygon","coordinates":[[[28,22],[26,22],[26,23],[28,23],[28,22]]]}},{"type":"Feature","properties":{"shelf_id":"108B","bookcase_id":"18B","shelf_in_case":6,"side":"back","type":"shelf","physical_bookcase_id":18,"reserved_name":null,"reserved_faculty":null,"reserved":false},"geometry":{"type":"Polygon","coordinates":[[[28,21],[26,21],[26,22],[28,22],[28,21]]]}},{"type":"Feature","properties":{"shelf_id":"109B","bookcase_id":"19B","shelf_in_case":1,"side":"back","type":"shelf","physical_bookcase_id":19,"reserved_name":null,"reserved_faculty":null,"reserved":false},"geometry":{"type":"Polygon","coordinates":[[[26,26],[24,26],[24,27],[26,27],[26,26]]]}},{"type":"Feature","properties":{"shelf_id":"110B","bookcase_id":"19B","shelf_in_case":2,"side":"back","type":"shelf","physical_bookcase_id":19,"reserved_name":null,"reserved_faculty":null,"reserved":false},"geometry":{"type":"Polygon","coordinates":[[[26,25],[24,25],[24,26],[26,26],[26,25]]]}},{"type":"Feature","properties":{"shelf_id":"111B","bookcase_id":"19B","shelf_in_case":3,"side":"back","type":"shelf","physical_bookcase_id":19,"reserved_name":null,"reserved_faculty":null,"reserved":false},"geometry":{"type":"Polygon","coordinates":[[[26,24],[24,24],[24,25],[26,25],[26,24]]]}},{"type":"Feature","properties":{"shelf_id":"112B","bookcase_id":"19B","shelf_in_case":4,"side":"back","type":"shelf","physical_bookcase_id":19,"reserved_name":null,"reserved_faculty":null,"reserved":false},"geometry":{"type":"Polygon","coordinates":[[[26,23],[24,23],[24,24],[26,24],[26,23]]]}},{"type":"Feature","properties":{"shelf_id":"113B","bookcase_id":"19B","shelf_in_case":5,"side":"back","type":"shelf","physical_bookcase_id":19,"reserved_name":null,"reserved_faculty":null,"reserved":false},"geometry":{"type":"Polygon","coordinates":[[[26,22],[24,22],[24,23],[26,23],[26,22]]]}},{"type":"Feature","properties":{"shelf_id":"114B","bookcase_id":"19B","shelf_in_case":6,"side":"back","type":"shelf","physical_bookcase_id":19,"reserved_name":null,"reserved_faculty":null,"reserved":false},"geometry":{"type":"Polygon","coordinates":[[[26,21],[24,21],[24,22],[26,22],[26,21]]]}},{"type":"Feature","properties":{"shelf_id":"115B","bookcase_id":"20B","shelf_in_case":1,"side":"back","type":"shelf","physical_bookcase_id":20,"reserved_name":"TPM Expo","reserved_faculty":"TPM","reserved":true},"geometry":{"type":"Polygon","coordinates":[[[24,26],[22,26],[22,27],[24,27],[24,26]]]}},{"type":"Feature","properties":{"shelf_id":"116B","bookcase_id":"20B","shelf_in_case":2,"side":"back","type":"shelf","physical_bookcase_id":20,"reserved_name":"TPM Expo","reserved_faculty":"TPM","reserved":true},"geometry":{"type":"Polygon","coordinates":[[[24,25],[22,25],[22,26],[24,26],[24,25]]]}},{"type":"Feature","properties":{"shelf_id":"117B","bookcase_id":"20B","shelf_in_case":3,"side":"back","type":"shelf","physical_bookcase_id":20,"reserved_name":"TPM Expo","reserved_faculty":"TPM","reserved":true},"geometry":{"type":"Polygon","coordinates":[[[24,24],[22,24],[22,25],[24,25],[24,24]]]}},{"type":"Feature","properties":{"shelf_id":"118B","bookcase_id":"20B","shelf_in_case":4,"side":"back","type":"shelf","physical_bookcase_id":20,"reserved_name":"TPM Expo","reserved_faculty":"TPM","reserved":true},"geometry":{"type":"Polygon","coordinates":[[[24,23],[22,23],[22,24],[24,24],[24,23]]]}},{"type":"Feature","properties":{"shelf_id":"119B","bookcase_id":"20B","shelf_in_case":5,"side":"back","type":"shelf","physical_bookcase_id":20,"reserved_name":"TPM Expo","reserved_faculty":"TPM","reserved":true},"geometry":{"type":"Polygon","coordinates":[[[24,22],[22,22],[22,23],[24,23],[24,22]]]}},{"type":"Feature","properties":{"shelf_id":"120B","bookcase_id":"20B","shelf_in_case":6,"side":"back","type":"shelf","physical_bookcase_id":20,"reserved_name":"TPM Expo","reserved_faculty":"TPM","reserved":true},"geometry":{"type":"Polygon","coordinates":[[[24,21],[22,21],[22,22],[24,22],[24,21]]]}},{"type":"Feature","properties":{"shelf_id":"121B","bookcase_id":"21B","shelf_in_case":1,"side":"back","type":"shelf","physical_bookcase_id":21,"reserved_name":"TPM Expo","reserved_faculty":"TPM","reserved":true},"geometry":{"type":"Polygon","coordinates":[[[22,26],[20,26],[20,27],[22,27],[22,26]]]}},{"type":"Feature","properties":{"shelf_id":"122B","bookcase_id":"21B","shelf_in_case":2,"side":"back","type":"shelf","physical_bookcase_id":21,"reserved_name":"TPM Expo","reserved_faculty":"TPM","reserved":true},"geometry":{"type":"Polygon","coordinates":[[[22,25],[20,25],[20,26],[22,26],[22,25]]]}},{"type":"Feature","properties":{"shelf_id":"123B","bookcase_id":"21B","shelf_in_case":3,"side":"back","type":"shelf","physical_bookcase_id":21,"reserved_name":"TPM Expo","reserved_faculty":"TPM","reserved":true},"geometry":{"type":"Polygon","coordinates":[[[22,24],[20,24],[20,25],[22,25],[22,24]]]}},{"type":"Feature","properties":{"shelf_id":"124B","bookcase_id":"21B","shelf_in_case":4,"side":"back","type":"shelf","physical_bookcase_id":21,"reserved_name":"TPM Expo","reserved_faculty":"TPM","reserved":true},"geometry":{"type":"Polygon","coordinates":[[[22,23],[20,23],[20,24],[22,24],[22,23]]]}},{"type":"Feature","properties":{"shelf_id":"125B","bookcase_id":"21B","shelf_in_case":5,"side":"back","type":"shelf","physical_bookcase_id":21,"reserved_name":"TPM Expo","reserved_faculty":"TPM","reserved":true},"geometry":{"type":"Polygon","coordinates":[[[22,22],[20,22],[20,23],[22,23],[22,22]]]}},{"type":"Feature","properties":{"shelf_id":"126B","bookcase_id":"21B","shelf_in_case":6,"side":"back","type":"shelf","physical_bookcase_id":21,"reserved_name":"TPM Expo","reserved_faculty":"TPM","reserved":true},"geometry":{"type":"Polygon","coordinates":[[[22,21],[20,21],[20,22],[22,22],[22,21]]]}},{"type":"Feature","properties":{"shelf_id":"127B","bookcase_id":"22B","shelf_in_case":1,"side":"back","type":"shelf","physical_bookcase_id":22,"reserved_name":"TPM Expo","reserved_faculty":"TPM","reserved":true},"geometry":{"type":"Polygon","coordinates":[[[20,26],[18,26],[18,27],[20,27],[20,26]]]}},{"type":"Feature","properties":{"shelf_id":"128B","bookcase_id":"22B","shelf_in_case":2,"side":"back","type":"shelf","physical_bookcase_id":22,"reserved_name":"TPM Expo","reserved_faculty":"TPM","reserved":true},"geometry":{"type":"Polygon","coordinates":[[[20,25],[18,25],[18,26],[20,26],[20,25]]]}},{"type":"Feature","properties":{"shelf_id":"129B","bookcase_id":"22B","shelf_in_case":3,"side":"back","type":"shelf","physical_bookcase_id":22,"reserved_name":"TPM Expo","reserved_faculty":"TPM","reserved":true},"geometry":{"type":"Polygon","coordinates":[[[20,24],[18,24],[18,25],[20,25],[20,24]]]}},{"type":"Feature","properties":{"shelf_id":"130B","bookcase_id":"22B","shelf_in_case":4,"side":"back","type":"shelf","physical_bookcase_id":22,"reserved_name":"TPM Expo","reserved_faculty":"TPM","reserved":true},"geometry":{"type":"Polygon","coordinates":[[[20,23],[18,23],[18,24],[20,24],[20,23]]]}},{"type":"Feature","properties":{"shelf_id":"131B","bookcase_id":"22B","shelf_in_case":5,"side":"back","type":"shelf","physical_bookcase_id":22,"reserved_name":"TPM Expo","reserved_faculty":"TPM","reserved":true},"geometry":{"type":"Polygon","coordinates":[[[20,22],[18,22],[18,23],[20,23],[20,22]]]}},{"type":"Feature","properties":{"shelf_id":"132B","bookcase_id":"22B","shelf_in_case":6,"side":"back","type":"shelf","physical_bookcase_id":22,"reserved_name":"TPM Expo","reserved_faculty":"TPM","reserved":true},"geometry":{"type":"Polygon","coordinates":[[[20,21],[18,21],[18,22],[20,22],[20,21]]]}},{"type":"Feature","properties":{"shelf_id":"133B","bookcase_id":"23B","shelf_in_case":1,"side":"back","type":"shelf","physical_bookcase_id":23,"reserved_name":null,"reserved_faculty":null,"reserved":false},"geometry":{"type":"Polygon","coordinates":[[[18,26],[16,26],[16,27],[18,27],[18,26]]]}},{"type":"Feature","properties":{"shelf_id":"134B","bookcase_id":"23B","shelf_in_case":2,"side":"back","type":"shelf","physical_bookcase_id":23,"reserved_name":null,"reserved_faculty":null,"reserved":false},"geometry":{"type":"Polygon","coordinates":[[[18,25],[16,25],[16,26],[18,26],[18,25]]]}},{"type":"Feature","properties":{"shelf_id":"135B","bookcase_id":"23B","shelf_in_case":3,"side":"back","type":"shelf","physical_bookcase_id":23,"reserved_name":null,"reserved_faculty":null,"reserved":false},"geometry":{"type":"Polygon","coordinates":[[[18,24],[16,24],[16,25],[18,25],[18,24]]]}},{"type":"Feature","properties":{"shelf_id":"136B","bookcase_id":"23B","shelf_in_case":4,"side":"back","type":"shelf","physical_bookcase_id":23,"reserved_name":null,"reserved_faculty":null,"reserved":false},"geometry":{"type":"Polygon","coordinates":[[[18,23],[16,23],[16,24],[18,24],[18,23]]]}},{"type":"Feature","properties":{"shelf_id":"137B","bookcase_id":"23B","shelf_in_case":5,"side":"back","type":"shelf","physical_bookcase_id":23,"reserved_name":null,"reserved_faculty":null,"reserved":false},"geometry":{"type":"Polygon","coordinates":[[[18,22],[16,22],[16,23],[18,23],[18,22]]]}},{"type":"Feature","properties":{"shelf_id":"138B","bookcase_id":"23B","shelf_in_case":6,"side":"back","type":"shelf","physical_bookcase_id":23,"reserved_name":null,"reserved_faculty":null,"reserved":false},"geometry":{"type":"Polygon","coordinates":[[[18,21],[16,21],[16,22],[18,22],[18,21]]]}},{"type":"Feature","properties":{"shelf_id":"139B","bookcase_id":"24B","shelf_in_case":1,"side":"back","type":"shelf","physical_bookcase_id":24,"reserved_name":null,"reserved_faculty":null,"reserved":false},"geometry":{"type":"Polygon","coordinates":[[[16,26],[14,26],[14,27],[16,27],[16,26]]]}},{"type":"Feature","properties":{"shelf_id":"140B","bookcase_id":"24B","shelf_in_case":2,"side":"back","type":"shelf","physical_bookcase_id":24,"reserved_name":null,"reserved_faculty":null,"reserved":false},"geometry":{"type":"Polygon","coordinates":[[[16,25],[14,25],[14,26],[16,26],[16,25]]]}},{"type":"Feature","properties":{"shelf_id":"141B","bookcase_id":"24B","shelf_in_case":3,"side":"back","type":"shelf","physical_bookcase_id":24,"reserved_name":null,"reserved_faculty":null,"reserved":false},"geometry":{"type":"Polygon","coordinates":[[[16,24],[14,24],[14,25],[16,25],[16,24]]]}},{"type":"Feature","properties":{"shelf_id":"142B","bookcase_id":"24B","shelf_in_case":4,"side":"back","type":"shelf","physical_bookcase_id":24,"reserved_name":null,"reserved_faculty":null,"reserved":false},"geometry":{"type":"Polygon","coordinates":[[[16,23],[14,23],[14,24],[16,24],[16,23]]]}},{"type":"Feature","properties":{"shelf_id":"143B","bookcase_id":"24B","shelf_in_case":5,"side":"back","type":"shelf","physical_bookcase_id":24,"reserved_name":null,"reserved_faculty":null,"reserved":false},"geometry":{"type":"Polygon","coordinates":[[[16,22],[14,22],[14,23],[16,23],[16,22]]]}},{"type":"Feature","properties":{"shelf_id":"144B","bookcase_id":"24B","shelf_in_case":6,"side":"back","type":"shelf","physical_bookcase_id":24,"reserved_name":null,"reserved_faculty":null,"reserved":false},"geometry":{"type":"Polygon","coordinates":[[[16,21],[14,21],[14,22],[16,22],[16,21]]]}},{"type":"Feature","properties":{"shelf_id":"145B","bookcase_id":"25B","shelf_in_case":1,"side":"back","type":"shelf","physical_bookcase_id":25,"reserved_name":null,"reserved_faculty":null,"reserved":false},"geometry":{"type":"Polygon","coordinates":[[[14,26],[12,26],[12,27],[14,27],[14,26]]]}},{"type":"Feature","properties":{"shelf_id":"146B","bookcase_id":"25B","shelf_in_case":2,"side":"back","type":"shelf","physical_bookcase_id":25,"reserved_name":null,"reserved_faculty":null,"reserved":false},"geometry":{"type":"Polygon","coordinates":[[[14,25],[12,25],[12,26],[14,26],[14,25]]]}},{"type":"Feature","properties":{"shelf_id":"147B","bookcase_id":"25B","shelf_in_case":3,"side":"back","type":"shelf","physical_bookcase_id":25,"reserved_name":null,"reserved_faculty":null,"reserved":false},"geometry":{"type":"Polygon","coordinates":[[[14,24],[12,24],[12,25],[14,25],[14,24]]]}},{"type":"Feature","properties":{"shelf_id":"148B","bookcase_id":"25B","shelf_in_case":4,"side":"back","type":"shelf","physical_bookcase_id":25,"reserved_name":null,"reserved_faculty":null,"reserved":false},"geometry":{"type":"Polygon","coordinates":[[[14,23],[12,23],[12,24],[14,24],[14,23]]]}},{"type":"Feature","properties":{"shelf_id":"149B","bookcase_id":"25B","shelf_in_case":5,"side":"back","type":"shelf","physical_bookcase_id":25,"reserved_name":null,"reserved_faculty":null,"reserved":false},"geometry":{"type":"Polygon","coordinates":[[[14,22],[12,22],[12,23],[14,23],[14,22]]]}},{"type":"Feature","properties":{"shelf_id":"150B","bookcase_id":"25B","shelf_in_case":6,"side":"back","type":"shelf","physical_bookcase_id":25,"reserved_name":null,"reserved_faculty":null,"reserved":false},"geometry":{"type":"Polygon","coordinates":[[[14,21],[12,21],[12,22],[14,22],[14,21]]]}},{"type":"Feature","properties":{"shelf_id":"151B","bookcase_id":"26B","shelf_in_case":1,"side":"back","type":"shelf","physical_bookcase_id":26,"reserved_name":null,"reserved_faculty":null,"reserved":false},"geometry":{"type":"Polygon","coordinates":[[[12,26],[10,26],[10,27],[12,27],[12,26]]]}},{"type":"Feature","properties":{"shelf_id":"152B","bookcase_id":"26B","shelf_in_case":2,"side":"back","type":"shelf","physical_bookcase_id":26,"reserved_name":null,"reserved_faculty":null,"reserved":false},"geometry":{"type":"Polygon","coordinates":[[[12,25],[10,25],[10,26],[12,26],[12,25]]]}},{"type":"Feature","properties":{"shelf_id":"153B","bookcase_id":"26B","shelf_in_case":3,"side":"back","type":"shelf","physical_bookcase_id":26,"reserved_name":null,"reserved_faculty":null,"reserved":false},"geometry":{"type":"Polygon","coordinates":[[[12,24],[10,24],[10,25],[12,25],[12,24]]]}},{"type":"Feature","properties":{"shelf_id":"154B","bookcase_id":"26B","shelf_in_case":4,"side":"back","type":"shelf","physical_bookcase_id":26,"reserved_name":null,"reserved_faculty":null,"reserved":false},"geometry":{"type":"Polygon","coordinates":[[[12,23],[10,23],[10,24],[12,24],[12,23]]]}},{"type":"Feature","properties":{"shelf_id":"155B","bookcase_id":"26B","shelf_in_case":5,"side":"back","type":"shelf","physical_bookcase_id":26,"reserved_name":null,"reserved_faculty":null,"reserved":false},"geometry":{"type":"Polygon","coordinates":[[[12,22],[10,22],[10,23],[12,23],[12,22]]]}},{"type":"Feature","properties":{"shelf_id":"156B","bookcase_id":"26B","shelf_in_case":6,"side":"back","type":"shelf","physical_bookcase_id":26,"reserved_name":null,"reserved_faculty":null,"reserved":false},"geometry":{"type":"Polygon","coordinates":[[[12,21],[10,21],[10,22],[12,22],[12,21]]]}},{"type":"Feature","properties":{"shelf_id":"157B","bookcase_id":"27B","shelf_in_case":1,"side":"back","type":"shelf","physical_bookcase_id":27,"reserved_name":null,"reserved_faculty":null,"reserved":false},"geometry":{"type":"Polygon","coordinates":[[[10,26],[8,26],[8,27],[10,27],[10,26]]]}},{"type":"Feature","properties":{"shelf_id":"158B","bookcase_id":"27B","shelf_in_case":2,"side":"back","type":"shelf","physical_bookcase_id":27,"reserved_name":null,"reserved_faculty":null,"reserved":false},"geometry":{"type":"Polygon","coordinates":[[[10,25],[8,25],[8,26],[10,26],[10,25]]]}},{"type":"Feature","properties":{"shelf_id":"159B","bookcase_id":"27B","shelf_in_case":3,"side":"back","type":"shelf","physical_bookcase_id":27,"reserved_name":null,"reserved_faculty":null,"reserved":false},"geometry":{"type":"Polygon","coordinates":[[[10,24],[8,24],[8,25],[10,25],[10,24]]]}},{"type":"Feature","properties":{"shelf_id":"160B","bookcase_id":"27B","shelf_in_case":4,"side":"back","type":"shelf","physical_bookcase_id":27,"reserved_name":null,"reserved_faculty":null,"reserved":false},"geometry":{"type":"Polygon","coordinates":[[[10,23],[8,23],[8,24],[10,24],[10,23]]]}},{"type":"Feature","properties":{"shelf_id":"161B","bookcase_id":"27B","shelf_in_case":5,"side":"back","type":"shelf","physical_bookcase_id":27,"reserved_name":null,"reserved_faculty":null,"reserved":false},"geometry":{"type":"Polygon","coordinates":[[[10,22],[8,22],[8,23],[10,23],[10,22]]]}},{"type":"Feature","properties":{"shelf_id":"162B","bookcase_id":"27B","shelf_in_case":6,"side":"back","type":"shelf","physical_bookcase_id":27,"reserved_name":null,"reserved_faculty":null,"reserved":false},"geometry":{"type":"Polygon","coordinates":[[[10,21],[8,21],[8,22],[10,22],[10,21]]]}},{"type":"Feature","properties":{"shelf_id":"163B","bookcase_id":"28B","shelf_in_case":1,"side":"back","type":"shelf","physical_bookcase_id":28,"reserved_name":null,"reserved_faculty":null,"reserved":false},"geometry":{"type":"Polygon","coordinates":[[[6,26],[4,26],[4,27],[6,27],[6,26]]]}},{"type":"Feature","properties":{"shelf_id":"164B","bookcase_id":"28B","shelf_in_case":2,"side":"back","type":"shelf","physical_bookcase_id":28,"reserved_name":null,"reserved_faculty":null,"reserved":false},"geometry":{"type":"Polygon","coordinates":[[[6,25],[4,25],[4,26],[6,26],[6,25]]]}},{"type":"Feature","properties":{"shelf_id":"165B","bookcase_id":"28B","shelf_in_case":3,"side":"back","type":"shelf","physical_bookcase_id":28,"reserved_name":null,"reserved_faculty":null,"reserved":false},"geometry":{"type":"Polygon","coordinates":[[[6,24],[4,24],[4,25],[6,25],[6,24]]]}},{"type":"Feature","properties":{"shelf_id":"166B","bookcase_id":"28B","shelf_in_case":4,"side":"back","type":"shelf","physical_bookcase_id":28,"reserved_name":null,"reserved_faculty":null,"reserved":false},"geometry":{"type":"Polygon","coordinates":[[[6,23],[4,23],[4,24],[6,24],[6,23]]]}},{"type":"Feature","properties":{"shelf_id":"167B","bookcase_id":"28B","shelf_in_case":5,"side":"back","type":"shelf","physical_bookcase_id":28,"reserved_name":null,"reserved_faculty":null,"reserved":false},"geometry":{"type":"Polygon","coordinates":[[[6,22],[4,22],[4,23],[6,23],[6,22]]]}},{"type":"Feature","properties":{"shelf_id":"168B","bookcase_id":"28B","shelf_in_case":6,"side":"back","type":"shelf","physical_bookcase_id":28,"reserved_name":null,"reserved_faculty":null,"reserved":false},"geometry":{"type":"Polygon","coordinates":[[[6,21],[4,21],[4,22],[6,22],[6,21]]]}},{"type":"Feature","properties":{"shelf_id":"169B","bookcase_id":"29B","shelf_in_case":1,"side":"back","type":"shelf","physical_bookcase_id":29,"reserved_name":null,"reserved_faculty":null,"reserved":false},"geometry":{"type":"Polygon","coordinates":[[[4,26],[2,26],[2,27],[4,27],[4,26]]]}},{"type":"Feature","properties":{"shelf_id":"170B","bookcase_id":"29B","shelf_in_case":2,"side":"back","type":"shelf","physical_bookcase_id":29,"reserved_name":null,"reserved_faculty":null,"reserved":false},"geometry":{"type":"Polygon","coordinates":[[[4,25],[2,25],[2,26],[4,26],[4,25]]]}},{"type":"Feature","properties":{"shelf_id":"171B","bookcase_id":"29B","shelf_in_case":3,"side":"back","type":"shelf","physical_bookcase_id":29,"reserved_name":null,"reserved_faculty":null,"reserved":false},"geometry":{"type":"Polygon","coordinates":[[[4,24],[2,24],[2,25],[4,25],[4,24]]]}},{"type":"Feature","properties":{"shelf_id":"172B","bookcase_id":"29B","shelf_in_case":4,"side":"back","type":"shelf","physical_bookcase_id":29,"reserved_name":null,"reserved_faculty":null,"reserved":false},"geometry":{"type":"Polygon","coordinates":[[[4,23],[2,23],[2,24],[4,24],[4,23]]]}},{"type":"Feature","properties":{"shelf_id":"173B","bookcase_id":"29B","shelf_in_case":5,"side":"back","type":"shelf","physical_bookcase_id":29,"reserved_name":null,"reserved_faculty":null,"reserved":false},"geometry":{"type":"Polygon","coordinates":[[[4,22],[2,22],[2,23],[4,23],[4,22]]]}},{"type":"Feature","properties":{"shelf_id":"174B","bookcase_id":"29B","shelf_in_case":6,"side":"back","type":"shelf","physical_bookcase_id":29,"reserved_name":null,"reserved_faculty":null,"reserved":false},"geometry":{"type":"Polygon","coordinates":[[[4,21],[2,21],[2,22],[4,22],[4,21]]]}},{"type":"Feature","properties":{"shelf_id":"175B","bookcase_id":"30B","shelf_in_case":1,"side":"back","type":"shelf","physical_bookcase_id":30,"reserved_name":null,"reserved_faculty":null,"reserved":false},"geometry":{"type":"Polygon","coordinates":[[[2,26],[0,26],[0,27],[2,27],[2,26]]]}},{"type":"Feature","properties":{"shelf_id":"176B","bookcase_id":"30B","shelf_in_case":2,"side":"back","type":"shelf","physical_bookcase_id":30,"reserved_name":null,"reserved_faculty":null,"reserved":false},"geometry":{"type":"Polygon","coordinates":[[[2,25],[0,25],[0,26],[2,26],[2,25]]]}},{"type":"Feature","properties":{"shelf_id":"177B","bookcase_id":"30B","shelf_in_case":3,"side":"back","type":"shelf","physical_bookcase_id":30,"reserved_name":null,"reserved_faculty":null,"reserved":false},"geometry":{"type":"Polygon","coordinates":[[[2,24],[0,24],[0,25],[2,25],[2,24]]]}},{"type":"Feature","properties":{"shelf_id":"178B","bookcase_id":"30B","shelf_in_case":4,"side":"back","type":"shelf","physical_bookcase_id":30,"reserved_name":null,"reserved_faculty":null,"reserved":false},"geometry":{"type":"Polygon","coordinates":[[[2,23],[0,23],[0,24],[2,24],[2,23]]]}},{"type":"Feature","properties":{"shelf_id":"179B","bookcase_id":"30B","shelf_in_case":5,"side":"back","type":"shelf","physical_bookcase_id":30,"reserved_name":null,"reserved_faculty":null,"reserved":false},"geometry":{"type":"Polygon","coordinates":[[[2,22],[0,22],[0,23],[2,23],[2,22]]]}},{"type":"Feature","properties":{"shelf_id":"180B","bookcase_id":"30B","shelf_in_case":6,"side":"back","type":"shelf","physical_bookcase_id":30,"reserved_name":null,"reserved_faculty":null,"reserved":false},"geometry":{"type":"Polygon","coordinates":[[[2,21],[0,21],[0,22],[2,22],[2,21]]]}},{"type":"Feature","properties":{"shelf_id":"181B","bookcase_id":"31B","shelf_in_case":1,"side":"back","type":"shelf","physical_bookcase_id":31,"reserved_name":null,"reserved_faculty":null,"reserved":false},"geometry":{"type":"Polygon","coordinates":[[[114,19],[112,19],[112,20],[114,20],[114,19]]]}},{"type":"Feature","properties":{"shelf_id":"182B","bookcase_id":"31B","shelf_in_case":2,"side":"back","type":"shelf","physical_bookcase_id":31,"reserved_name":null,"reserved_faculty":null,"reserved":false},"geometry":{"type":"Polygon","coordinates":[[[114,18],[112,18],[112,19],[114,19],[114,18]]]}},{"type":"Feature","properties":{"shelf_id":"183B","bookcase_id":"31B","shelf_in_case":3,"side":"back","type":"shelf","physical_bookcase_id":31,"reserved_name":null,"reserved_faculty":null,"reserved":false},"geometry":{"type":"Polygon","coordinates":[[[114,17],[112,17],[112,18],[114,18],[114,17]]]}},{"type":"Feature","properties":{"shelf_id":"184B","bookcase_id":"31B","shelf_in_case":4,"side":"back","type":"shelf","physical_bookcase_id":31,"reserved_name":null,"reserved_faculty":null,"reserved":false},"geometry":{"type":"Polygon","coordinates":[[[114,16],[112,16],[112,17],[114,17],[114,16]]]}},{"type":"Feature","properties":{"shelf_id":"185B","bookcase_id":"31B","shelf_in_case":5,"side":"back","type":"shelf","physical_bookcase_id":31,"reserved_name":null,"reserved_faculty":null,"reserved":false},"geometry":{"type":"Polygon","coordinates":[[[114,15],[112,15],[112,16],[114,16],[114,15]]]}},{"type":"Feature","properties":{"shelf_id":"186B","bookcase_id":"31B","shelf_in_case":6,"side":"back","type":"shelf","physical_bookcase_id":31,"reserved_name":null,"reserved_faculty":null,"reserved":false},"geometry":{"type":"Polygon","coordinates":[[[114,14],[112,14],[112,15],[114,15],[114,14]]]}},{"type":"Feature","properties":{"shelf_id":"187B","bookcase_id":"32B","shelf_in_case":1,"side":"back","type":"shelf","physical_bookcase_id":32,"reserved_name":null,"reserved_faculty":null,"reserved":false},"geometry":{"type":"Polygon","coordinates":[[[112,19],[110,19],[110,20],[112,20],[112,19]]]}},{"type":"Feature","properties":{"shelf_id":"188B","bookcase_id":"32B","shelf_in_case":2,"side":"back","type":"shelf","physical_bookcase_id":32,"reserved_name":null,"reserved_faculty":null,"reserved":false},"geometry":{"type":"Polygon","coordinates":[[[112,18],[110,18],[110,19],[112,19],[112,18]]]}},{"type":"Feature","properties":{"shelf_id":"189B","bookcase_id":"32B","shelf_in_case":3,"side":"back","type":"shelf","physical_bookcase_id":32,"reserved_name":null,"reserved_faculty":null,"reserved":false},"geometry":{"type":"Polygon","coordinates":[[[112,17],[110,17],[110,18],[112,18],[112,17]]]}},{"type":"Feature","properties":{"shelf_id":"190B","bookcase_id":"32B","shelf_in_case":4,"side":"back","type":"shelf","physical_bookcase_id":32,"reserved_name":null,"reserved_faculty":null,"reserved":false},"geometry":{"type":"Polygon","coordinates":[[[112,16],[110,16],[110,17],[112,17],[112,16]]]}},{"type":"Feature","properties":{"shelf_id":"191B","bookcase_id":"32B","shelf_in_case":5,"side":"back","type":"shelf","physical_bookcase_id":32,"reserved_name":null,"reserved_faculty":null,"reserved":false},"geometry":{"type":"Polygon","coordinates":[[[112,15],[110,15],[110,16],[112,16],[112,15]]]}},{"type":"Feature","properties":{"shelf_id":"192B","bookcase_id":"32B","shelf_in_case":6,"side":"back","type":"shelf","physical_bookcase_id":32,"reserved_name":null,"reserved_faculty":null,"reserved":false},"geometry":{"type":"Polygon","coordinates":[[[112,14],[110,14],[110,15],[112,15],[112,14]]]}},{"type":"Feature","properties":{"shelf_id":"193B","bookcase_id":"33B","shelf_in_case":1,"side":"back","type":"shelf","physical_bookcase_id":33,"reserved_name":null,"reserved_faculty":null,"reserved":false},"geometry":{"type":"Polygon","coordinates":[[[110,19],[108,19],[108,20],[110,20],[110,19]]]}},{"type":"Feature","properties":{"shelf_id":"194B","bookcase_id":"33B","shelf_in_case":2,"side":"back","type":"shelf","physical_bookcase_id":33,"reserved_name":null,"reserved_faculty":null,"reserved":false},"geometry":{"type":"Polygon","coordinates":[[[110,18],[108,18],[108,19],[110,19],[110,18]]]}},{"type":"Feature","properties":{"shelf_id":"195B","bookcase_id":"33B","shelf_in_case":3,"side":"back","type":"shelf","physical_bookcase_id":33,"reserved_name":null,"reserved_faculty":null,"reserved":false},"geometry":{"type":"Polygon","coordinates":[[[110,17],[108,17],[108,18],[110,18],[110,17]]]}},{"type":"Feature","properties":{"shelf_id":"196B","bookcase_id":"33B","shelf_in_case":4,"side":"back","type":"shelf","physical_bookcase_id":33,"reserved_name":null,"reserved_faculty":null,"reserved":false},"geometry":{"type":"Polygon","coordinates":[[[110,16],[108,16],[108,17],[110,17],[110,16]]]}},{"type":"Feature","properties":{"shelf_id":"197B","bookcase_id":"33B","shelf_in_case":5,"side":"back","type":"shelf","physical_bookcase_id":33,"reserved_name":null,"reserved_faculty":null,"reserved":false},"geometry":{"type":"Polygon","coordinates":[[[110,15],[108,15],[108,16],[110,16],[110,15]]]}},{"type":"Feature","properties":{"shelf_id":"198B","bookcase_id":"33B","shelf_in_case":6,"side":"back","type":"shelf","physical_bookcase_id":33,"reserved_name":null,"reserved_faculty":null,"reserved":false},"geometry":{"type":"Polygon","coordinates":[[[110,14],[108,14],[108,15],[110,15],[110,14]]]}},{"type":"Feature","properties":{"shelf_id":"199B","bookcase_id":"34B","shelf_in_case":1,"side":"back","type":"shelf","physical_bookcase_id":34,"reserved_name":null,"reserved_faculty":null,"reserved":false},"geometry":{"type":"Polygon","coordinates":[[[108,19],[106,19],[106,20],[108,20],[108,19]]]}},{"type":"Feature","properties":{"shelf_id":"200B","bookcase_id":"34B","shelf_in_case":2,"side":"back","type":"shelf","physical_bookcase_id":34,"reserved_name":null,"reserved_faculty":null,"reserved":false},"geometry":{"type":"Polygon","coordinates":[[[108,18],[106,18],[106,19],[108,19],[108,18]]]}},{"type":"Feature","properties":{"shelf_id":"201B","bookcase_id":"34B","shelf_in_case":3,"side":"back","type":"shelf","physical_bookcase_id":34,"reserved_name":null,"reserved_faculty":null,"reserved":false},"geometry":{"type":"Polygon","coordinates":[[[108,17],[106,17],[106,18],[108,18],[108,17]]]}},{"type":"Feature","properties":{"shelf_id":"202B","bookcase_id":"34B","shelf_in_case":4,"side":"back","type":"shelf","physical_bookcase_id":34,"reserved_name":null,"reserved_faculty":null,"reserved":false},"geometry":{"type":"Polygon","coordinates":[[[108,16],[106,16],[106,17],[108,17],[108,16]]]}},{"type":"Feature","properties":{"shelf_id":"203B","bookcase_id":"34B","shelf_in_case":5,"side":"back","type":"shelf","physical_bookcase_id":34,"reserved_name":null,"reserved_faculty":null,"reserved":false},"geometry":{"type":"Polygon","coordinates":[[[108,15],[106,15],[106,16],[108,16],[108,15]]]}},{"type":"Feature","properties":{"shelf_id":"204B","bookcase_id":"34B","shelf_in_case":6,"side":"back","type":"shelf","physical_bookcase_id":34,"reserved_name":null,"reserved_faculty":null,"reserved":false},"geometry":{"type":"Polygon","coordinates":[[[108,14],[106,14],[106,15],[108,15],[108,14]]]}},{"type":"Feature","properties":{"shelf_id":"205B","bookcase_id":"35B","shelf_in_case":1,"side":"back","type":"shelf","physical_bookcase_id":35,"reserved_name":null,"reserved_faculty":null,"reserved":false},"geometry":{"type":"Polygon","coordinates":[[[106,19],[104,19],[104,20],[106,20],[106,19]]]}},{"type":"Feature","properties":{"shelf_id":"206B","bookcase_id":"35B","shelf_in_case":2,"side":"back","type":"shelf","physical_bookcase_id":35,"reserved_name":null,"reserved_faculty":null,"reserved":false},"geometry":{"type":"Polygon","coordinates":[[[106,18],[104,18],[104,19],[106,19],[106,18]]]}},{"type":"Feature","properties":{"shelf_id":"207B","bookcase_id":"35B","shelf_in_case":3,"side":"back","type":"shelf","physical_bookcase_id":35,"reserved_name":null,"reserved_faculty":null,"reserved":false},"geometry":{"type":"Polygon","coordinates":[[[106,17],[104,17],[104,18],[106,18],[106,17]]]}},{"type":"Feature","properties":{"shelf_id":"208B","bookcase_id":"35B","shelf_in_case":4,"side":"back","type":"shelf","physical_bookcase_id":35,"reserved_name":null,"reserved_faculty":null,"reserved":false},"geometry":{"type":"Polygon","coordinates":[[[106,16],[104,16],[104,17],[106,17],[106,16]]]}},{"type":"Feature","properties":{"shelf_id":"209B","bookcase_id":"35B","shelf_in_case":5,"side":"back","type":"shelf","physical_bookcase_id":35,"reserved_name":null,"reserved_faculty":null,"reserved":false},"geometry":{"type":"Polygon","coordinates":[[[106,15],[104,15],[104,16],[106,16],[106,15]]]}},{"type":"Feature","properties":{"shelf_id":"210B","bookcase_id":"35B","shelf_in_case":6,"side":"back","type":"shelf","physical_bookcase_id":35,"reserved_name":null,"reserved_faculty":null,"reserved":false},"geometry":{"type":"Polygon","coordinates":[[[106,14],[104,14],[104,15],[106,15],[106,14]]]}},{"type":"Feature","properties":{"shelf_id":"211B","bookcase_id":"36B","shelf_in_case":1,"side":"back","type":"shelf","physical_bookcase_id":36,"reserved_name":null,"reserved_faculty":null,"reserved":false},"geometry":{"type":"Polygon","coordinates":[[[104,19],[102,19],[102,20],[104,20],[104,19]]]}},{"type":"Feature","properties":{"shelf_id":"212B","bookcase_id":"36B","shelf_in_case":2,"side":"back","type":"shelf","physical_bookcase_id":36,"reserved_name":null,"reserved_faculty":null,"reserved":false},"geometry":{"type":"Polygon","coordinates":[[[104,18],[102,18],[102,19],[104,19],[104,18]]]}},{"type":"Feature","properties":{"shelf_id":"213B","bookcase_id":"36B","shelf_in_case":3,"side":"back","type":"shelf","physical_bookcase_id":36,"reserved_name":null,"reserved_faculty":null,"reserved":false},"geometry":{"type":"Polygon","coordinates":[[[104,17],[102,17],[102,18],[104,18],[104,17]]]}},{"type":"Feature","properties":{"shelf_id":"214B","bookcase_id":"36B","shelf_in_case":4,"side":"back","type":"shelf","physical_bookcase_id":36,"reserved_name":null,"reserved_faculty":null,"reserved":false},"geometry":{"type":"Polygon","coordinates":[[[104,16],[102,16],[102,17],[104,17],[104,16]]]}},{"type":"Feature","properties":{"shelf_id":"215B","bookcase_id":"36B","shelf_in_case":5,"side":"back","type":"shelf","physical_bookcase_id":36,"reserved_name":null,"reserved_faculty":null,"reserved":false},"geometry":{"type":"Polygon","coordinates":[[[104,15],[102,15],[102,16],[104,16],[104,15]]]}},{"type":"Feature","properties":{"shelf_id":"216B","bookcase_id":"36B","shelf_in_case":6,"side":"back","type":"shelf","physical_bookcase_id":36,"reserved_name":null,"reserved_faculty":null,"reserved":false},"geometry":{"type":"Polygon","coordinates":[[[104,14],[102,14],[102,15],[104,15],[104,14]]]}},{"type":"Feature","properties":{"shelf_id":"217B","bookcase_id":"37B","shelf_in_case":1,"side":"back","type":"shelf","physical_bookcase_id":37,"reserved_name":null,"reserved_faculty":null,"reserved":false},"geometry":{"type":"Polygon","coordinates":[[[102,19],[100,19],[100,20],[102,20],[102,19]]]}},{"type":"Feature","properties":{"shelf_id":"218B","bookcase_id":"37B","shelf_in_case":2,"side":"back","type":"shelf","physical_bookcase_id":37,"reserved_name":null,"reserved_faculty":null,"reserved":false},"geometry":{"type":"Polygon","coordinates":[[[102,18],[100,18],[100,19],[102,19],[102,18]]]}},{"type":"Feature","properties":{"shelf_id":"219B","bookcase_id":"37B","shelf_in_case":3,"side":"back","type":"shelf","physical_bookcase_id":37,"reserved_name":null,"reserved_faculty":null,"reserved":false},"geometry":{"type":"Polygon","coordinates":[[[102,17],[100,17],[100,18],[102,18],[102,17]]]}},{"type":"Feature","properties":{"shelf_id":"220B","bookcase_id":"37B","shelf_in_case":4,"side":"back","type":"shelf","physical_bookcase_id":37,"reserved_name":null,"reserved_faculty":null,"reserved":false},"geometry":{"type":"Polygon","coordinates":[[[102,16],[100,16],[100,17],[102,17],[102,16]]]}},{"type":"Feature","properties":{"shelf_id":"221B","bookcase_id":"37B","shelf_in_case":5,"side":"back","type":"shelf","physical_bookcase_id":37,"reserved_name":null,"reserved_faculty":null,"reserved":false},"geometry":{"type":"Polygon","coordinates":[[[102,15],[100,15],[100,16],[102,16],[102,15]]]}},{"type":"Feature","properties":{"shelf_id":"222B","bookcase_id":"37B","shelf_in_case":6,"side":"back","type":"shelf","physical_bookcase_id":37,"reserved_name":null,"reserved_faculty":null,"reserved":false},"geometry":{"type":"Polygon","coordinates":[[[102,14],[100,14],[100,15],[102,15],[102,14]]]}},{"type":"Feature","properties":{"shelf_id":"223B","bookcase_id":"38B","shelf_in_case":1,"side":"back","type":"shelf","physical_bookcase_id":38,"reserved_name":null,"reserved_faculty":null,"reserved":false},"geometry":{"type":"Polygon","coordinates":[[[100,19],[98,19],[98,20],[100,20],[100,19]]]}},{"type":"Feature","properties":{"shelf_id":"224B","bookcase_id":"38B","shelf_in_case":2,"side":"back","type":"shelf","physical_bookcase_id":38,"reserved_name":null,"reserved_faculty":null,"reserved":false},"geometry":{"type":"Polygon","coordinates":[[[100,18],[98,18],[98,19],[100,19],[100,18]]]}},{"type":"Feature","properties":{"shelf_id":"225B","bookcase_id":"38B","shelf_in_case":3,"side":"back","type":"shelf","physical_bookcase_id":38,"reserved_name":null,"reserved_faculty":null,"reserved":false},"geometry":{"type":"Polygon","coordinates":[[[100,17],[98,17],[98,18],[100,18],[100,17]]]}},{"type":"Feature","properties":{"shelf_id":"226B","bookcase_id":"38B","shelf_in_case":4,"side":"back","type":"shelf","physical_bookcase_id":38,"reserved_name":null,"reserved_faculty":null,"reserved":false},"geometry":{"type":"Polygon","coordinates":[[[100,16],[98,16],[98,17],[100,17],[100,16]]]}},{"type":"Feature","properties":{"shelf_id":"227B","bookcase_id":"38B","shelf_in_case":5,"side":"back","type":"shelf","physical_bookcase_id":38,"reserved_name":null,"reserved_faculty":null,"reserved":false},"geometry":{"type":"Polygon","coordinates":[[[100,15],[98,15],[98,16],[100,16],[100,15]]]}},{"type":"Feature","properties":{"shelf_id":"228B","bookcase_id":"38B","shelf_in_case":6,"side":"back","type":"shelf","physical_bookcase_id":38,"reserved_name":null,"reserved_faculty":null,"reserved":false},"geometry":{"type":"Polygon","coordinates":[[[100,14],[98,14],[98,15],[100,15],[100,14]]]}},{"type":"Feature","properties":{"shelf_id":"229B","bookcase_id":"39B","shelf_in_case":1,"side":"back","type":"shelf","physical_bookcase_id":39,"reserved_name":null,"reserved_faculty":null,"reserved":false},"geometry":{"type":"Polygon","coordinates":[[[98,19],[96,19],[96,20],[98,20],[98,19]]]}},{"type":"Feature","properties":{"shelf_id":"230B","bookcase_id":"39B","shelf_in_case":2,"side":"back","type":"shelf","physical_bookcase_id":39,"reserved_name":null,"reserved_faculty":null,"reserved":false},"geometry":{"type":"Polygon","coordinates":[[[98,18],[96,18],[96,19],[98,19],[98,18]]]}},{"type":"Feature","properties":{"shelf_id":"231B","bookcase_id":"39B","shelf_in_case":3,"side":"back","type":"shelf","physical_bookcase_id":39,"reserved_name":null,"reserved_faculty":null,"reserved":false},"geometry":{"type":"Polygon","coordinates":[[[98,17],[96,17],[96,18],[98,18],[98,17]]]}},{"type":"Feature","properties":{"shelf_id":"232B","bookcase_id":"39B","shelf_in_case":4,"side":"back","type":"shelf","physical_bookcase_id":39,"reserved_name":null,"reserved_faculty":null,"reserved":false},"geometry":{"type":"Polygon","coordinates":[[[98,16],[96,16],[96,17],[98,17],[98,16]]]}},{"type":"Feature","properties":{"shelf_id":"233B","bookcase_id":"39B","shelf_in_case":5,"side":"back","type":"shelf","physical_bookcase_id":39,"reserved_name":null,"reserved_faculty":null,"reserved":false},"geometry":{"type":"Polygon","coordinates":[[[98,15],[96,15],[96,16],[98,16],[98,15]]]}},{"type":"Feature","properties":{"shelf_id":"234B","bookcase_id":"39B","shelf_in_case":6,"side":"back","type":"shelf","physical_bookcase_id":39,"reserved_name":null,"reserved_faculty":null,"reserved":false},"geometry":{"type":"Polygon","coordinates":[[[98,14],[96,14],[96,15],[98,15],[98,14]]]}},{"type":"Feature","properties":{"shelf_id":"235B","bookcase_id":"40B","shelf_in_case":1,"side":"back","type":"shelf","physical_bookcase_id":40,"reserved_name":"EEMCS Expo","reserved_faculty":"EEMCS","reserved":true},"geometry":{"type":"Polygon","coordinates":[[[94,19],[92,19],[92,20],[94,20],[94,19]]]}},{"type":"Feature","properties":{"shelf_id":"236B","bookcase_id":"40B","shelf_in_case":2,"side":"back","type":"shelf","physical_bookcase_id":40,"reserved_name":"EEMCS Expo","reserved_faculty":"EEMCS","reserved":true},"geometry":{"type":"Polygon","coordinates":[[[94,18],[92,18],[92,19],[94,19],[94,18]]]}},{"type":"Feature","properties":{"shelf_id":"237B","bookcase_id":"40B","shelf_in_case":3,"side":"back","type":"shelf","physical_bookcase_id":40,"reserved_name":"EEMCS Expo","reserved_faculty":"EEMCS","reserved":true},"geometry":{"type":"Polygon","coordinates":[[[94,17],[92,17],[92,18],[94,18],[94,17]]]}},{"type":"Feature","properties":{"shelf_id":"238B","bookcase_id":"40B","shelf_in_case":4,"side":"back","type":"shelf","physical_bookcase_id":40,"reserved_name":"EEMCS Expo","reserved_faculty":"EEMCS","reserved":true},"geometry":{"type":"Polygon","coordinates":[[[94,16],[92,16],[92,17],[94,17],[94,16]]]}},{"type":"Feature","properties":{"shelf_id":"239B","bookcase_id":"40B","shelf_in_case":5,"side":"back","type":"shelf","physical_bookcase_id":40,"reserved_name":"EEMCS Expo","reserved_faculty":"EEMCS","reserved":true},"geometry":{"type":"Polygon","coordinates":[[[94,15],[92,15],[92,16],[94,16],[94,15]]]}},{"type":"Feature","properties":{"shelf_id":"240B","bookcase_id":"40B","shelf_in_case":6,"side":"back","type":"shelf","physical_bookcase_id":40,"reserved_name":"EEMCS Expo","reserved_faculty":"EEMCS","reserved":true},"geometry":{"type":"Polygon","coordinates":[[[94,14],[92,14],[92,15],[94,15],[94,14]]]}},{"type":"Feature","properties":{"shelf_id":"241B","bookcase_id":"41B","shelf_in_case":1,"side":"back","type":"shelf","physical_bookcase_id":41,"reserved_name":"EEMCS Expo","reserved_faculty":"EEMCS","reserved":true},"geometry":{"type":"Polygon","coordinates":[[[92,19],[90,19],[90,20],[92,20],[92,19]]]}},{"type":"Feature","properties":{"shelf_id":"242B","bookcase_id":"41B","shelf_in_case":2,"side":"back","type":"shelf","physical_bookcase_id":41,"reserved_name":"EEMCS Expo","reserved_faculty":"EEMCS","reserved":true},"geometry":{"type":"Polygon","coordinates":[[[92,18],[90,18],[90,19],[92,19],[92,18]]]}},{"type":"Feature","properties":{"shelf_id":"243B","bookcase_id":"41B","shelf_in_case":3,"side":"back","type":"shelf","physical_bookcase_id":41,"reserved_name":"EEMCS Expo","reserved_faculty":"EEMCS","reserved":true},"geometry":{"type":"Polygon","coordinates":[[[92,17],[90,17],[90,18],[92,18],[92,17]]]}},{"type":"Feature","properties":{"shelf_id":"244B","bookcase_id":"41B","shelf_in_case":4,"side":"back","type":"shelf","physical_bookcase_id":41,"reserved_name":"EEMCS Expo","reserved_faculty":"EEMCS","reserved":true},"geometry":{"type":"Polygon","coordinates":[[[92,16],[90,16],[90,17],[92,17],[92,16]]]}},{"type":"Feature","properties":{"shelf_id":"245B","bookcase_id":"41B","shelf_in_case":5,"side":"back","type":"shelf","physical_bookcase_id":41,"reserved_name":"EEMCS Expo","reserved_faculty":"EEMCS","reserved":true},"geometry":{"type":"Polygon","coordinates":[[[92,15],[90,15],[90,16],[92,16],[92,15]]]}},{"type":"Feature","properties":{"shelf_id":"246B","bookcase_id":"41B","shelf_in_case":6,"side":"back","type":"shelf","physical_bookcase_id":41,"reserved_name":"EEMCS Expo","reserved_faculty":"EEMCS","reserved":true},"geometry":{"type":"Polygon","coordinates":[[[92,14],[90,14],[90,15],[92,15],[92,14]]]}},{"type":"Feature","properties":{"shelf_id":"247B","bookcase_id":"42B","shelf_in_case":1,"side":"back","type":"shelf","physical_bookcase_id":42,"reserved_name":"EEMCS Expo","reserved_faculty":"EEMCS","reserved":true},"geometry":{"type":"Polygon","coordinates":[[[90,19],[88,19],[88,20],[90,20],[90,19]]]}},{"type":"Feature","properties":{"shelf_id":"248B","bookcase_id":"42B","shelf_in_case":2,"side":"back","type":"shelf","physical_bookcase_id":42,"reserved_name":"EEMCS Expo","reserved_faculty":"EEMCS","reserved":true},"geometry":{"type":"Polygon","coordinates":[[[90,18],[88,18],[88,19],[90,19],[90,18]]]}},{"type":"Feature","properties":{"shelf_id":"249B","bookcase_id":"42B","shelf_in_case":3,"side":"back","type":"shelf","physical_bookcase_id":42,"reserved_name":"EEMCS Expo","reserved_faculty":"EEMCS","reserved":true},"geometry":{"type":"Polygon","coordinates":[[[90,17],[88,17],[88,18],[90,18],[90,17]]]}},{"type":"Feature","properties":{"shelf_id":"250B","bookcase_id":"42B","shelf_in_case":4,"side":"back","type":"shelf","physical_bookcase_id":42,"reserved_name":"EEMCS Expo","reserved_faculty":"EEMCS","reserved":true},"geometry":{"type":"Polygon","coordinates":[[[90,16],[88,16],[88,17],[90,17],[90,16]]]}},{"type":"Feature","properties":{"shelf_id":"251B","bookcase_id":"42B","shelf_in_case":5,"side":"back","type":"shelf","physical_bookcase_id":42,"reserved_name":"EEMCS Expo","reserved_faculty":"EEMCS","reserved":true},"geometry":{"type":"Polygon","coordinates":[[[90,15],[88,15],[88,16],[90,16],[90,15]]]}},{"type":"Feature","properties":{"shelf_id":"252B","bookcase_id":"42B","shelf_in_case":6,"side":"back","type":"shelf","physical_bookcase_id":42,"reserved_name":"EEMCS Expo","reserved_faculty":"EEMCS","reserved":true},"geometry":{"type":"Polygon","coordinates":[[[90,14],[88,14],[88,15],[90,15],[90,14]]]}},{"type":"Feature","properties":{"shelf_id":"253B","bookcase_id":"43B","shelf_in_case":1,"side":"back","type":"shelf","physical_bookcase_id":43,"reserved_name":null,"reserved_faculty":null,"reserved":false},"geometry":{"type":"Polygon","coordinates":[[[88,19],[86,19],[86,20],[88,20],[88,19]]]}},{"type":"Feature","properties":{"shelf_id":"254B","bookcase_id":"43B","shelf_in_case":2,"side":"back","type":"shelf","physical_bookcase_id":43,"reserved_name":null,"reserved_faculty":null,"reserved":false},"geometry":{"type":"Polygon","coordinates":[[[88,18],[86,18],[86,19],[88,19],[88,18]]]}},{"type":"Feature","properties":{"shelf_id":"255B","bookcase_id":"43B","shelf_in_case":3,"side":"back","type":"shelf","physical_bookcase_id":43,"reserved_name":null,"reserved_faculty":null,"reserved":false},"geometry":{"type":"Polygon","coordinates":[[[88,17],[86,17],[86,18],[88,18],[88,17]]]}},{"type":"Feature","properties":{"shelf_id":"256B","bookcase_id":"43B","shelf_in_case":4,"side":"back","type":"shelf","physical_bookcase_id":43,"reserved_name":null,"reserved_faculty":null,"reserved":false},"geometry":{"type":"Polygon","coordinates":[[[88,16],[86,16],[86,17],[88,17],[88,16]]]}},{"type":"Feature","properties":{"shelf_id":"257B","bookcase_id":"43B","shelf_in_case":5,"side":"back","type":"shelf","physical_bookcase_id":43,"reserved_name":null,"reserved_faculty":null,"reserved":false},"geometry":{"type":"Polygon","coordinates":[[[88,15],[86,15],[86,16],[88,16],[88,15]]]}},{"type":"Feature","properties":{"shelf_id":"258B","bookcase_id":"43B","shelf_in_case":6,"side":"back","type":"shelf","physical_bookcase_id":43,"reserved_name":null,"reserved_faculty":null,"reserved":false},"geometry":{"type":"Polygon","coordinates":[[[88,14],[86,14],[86,15],[88,15],[88,14]]]}},{"type":"Feature","properties":{"shelf_id":"259B","bookcase_id":"44B","shelf_in_case":1,"side":"back","type":"shelf","physical_bookcase_id":44,"reserved_name":null,"reserved_faculty":null,"reserved":false},"geometry":{"type":"Polygon","coordinates":[[[86,19],[84,19],[84,20],[86,20],[86,19]]]}},{"type":"Feature","properties":{"shelf_id":"260B","bookcase_id":"44B","shelf_in_case":2,"side":"back","type":"shelf","physical_bookcase_id":44,"reserved_name":null,"reserved_faculty":null,"reserved":false},"geometry":{"type":"Polygon","coordinates":[[[86,18],[84,18],[84,19],[86,19],[86,18]]]}},{"type":"Feature","properties":{"shelf_id":"261B","bookcase_id":"44B","shelf_in_case":3,"side":"back","type":"shelf","physical_bookcase_id":44,"reserved_name":null,"reserved_faculty":null,"reserved":false},"geometry":{"type":"Polygon","coordinates":[[[86,17],[84,17],[84,18],[86,18],[86,17]]]}},{"type":"Feature","properties":{"shelf_id":"262B","bookcase_id":"44B","shelf_in_case":4,"side":"back","type":"shelf","physical_bookcase_id":44,"reserved_name":null,"reserved_faculty":null,"reserved":false},"geometry":{"type":"Polygon","coordinates":[[[86,16],[84,16],[84,17],[86,17],[86,16]]]}},{"type":"Feature","properties":{"shelf_id":"263B","bookcase_id":"44B","shelf_in_case":5,"side":"back","type":"shelf","physical_bookcase_id":44,"reserved_name":null,"reserved_faculty":null,"reserved":false},"geometry":{"type":"Polygon","coordinates":[[[86,15],[84,15],[84,16],[86,16],[86,15]]]}},{"type":"Feature","properties":{"shelf_id":"264B","bookcase_id":"44B","shelf_in_case":6,"side":"back","type":"shelf","physical_bookcase_id":44,"reserved_name":null,"reserved_faculty":null,"reserved":false},"geometry":{"type":"Polygon","coordinates":[[[86,14],[84,14],[84,15],[86,15],[86,14]]]}},{"type":"Feature","properties":{"shelf_id":"265B","bookcase_id":"45B","shelf_in_case":1,"side":"back","type":"shelf","physical_bookcase_id":45,"reserved_name":null,"reserved_faculty":null,"reserved":false},"geometry":{"type":"Polygon","coordinates":[[[84,19],[82,19],[82,20],[84,20],[84,19]]]}},{"type":"Feature","properties":{"shelf_id":"266B","bookcase_id":"45B","shelf_in_case":2,"side":"back","type":"shelf","physical_bookcase_id":45,"reserved_name":null,"reserved_faculty":null,"reserved":false},"geometry":{"type":"Polygon","coordinates":[[[84,18],[82,18],[82,19],[84,19],[84,18]]]}},{"type":"Feature","properties":{"shelf_id":"267B","bookcase_id":"45B","shelf_in_case":3,"side":"back","type":"shelf","physical_bookcase_id":45,"reserved_name":null,"reserved_faculty":null,"reserved":false},"geometry":{"type":"Polygon","coordinates":[[[84,17],[82,17],[82,18],[84,18],[84,17]]]}},{"type":"Feature","properties":{"shelf_id":"268B","bookcase_id":"45B","shelf_in_case":4,"side":"back","type":"shelf","physical_bookcase_id":45,"reserved_name":null,"reserved_faculty":null,"reserved":false},"geometry":{"type":"Polygon","coordinates":[[[84,16],[82,16],[82,17],[84,17],[84,16]]]}},{"type":"Feature","properties":{"shelf_id":"269B","bookcase_id":"45B","shelf_in_case":5,"side":"back","type":"shelf","physical_bookcase_id":45,"reserved_name":null,"reserved_faculty":null,"reserved":false},"geometry":{"type":"Polygon","coordinates":[[[84,15],[82,15],[82,16],[84,16],[84,15]]]}},{"type":"Feature","properties":{"shelf_id":"270B","bookcase_id":"45B","shelf_in_case":6,"side":"back","type":"shelf","physical_bookcase_id":45,"reserved_name":null,"reserved_faculty":null,"reserved":false},"geometry":{"type":"Polygon","coordinates":[[[84,14],[82,14],[82,15],[84,15],[84,14]]]}},{"type":"Feature","properties":{"shelf_id":"271B","bookcase_id":"46B","shelf_in_case":1,"side":"back","type":"shelf","physical_bookcase_id":46,"reserved_name":null,"reserved_faculty":null,"reserved":false},"geometry":{"type":"Polygon","coordinates":[[[82,19],[80,19],[80,20],[82,20],[82,19]]]}},{"type":"Feature","properties":{"shelf_id":"272B","bookcase_id":"46B","shelf_in_case":2,"side":"back","type":"shelf","physical_bookcase_id":46,"reserved_name":null,"reserved_faculty":null,"reserved":false},"geometry":{"type":"Polygon","coordinates":[[[82,18],[80,18],[80,19],[82,19],[82,18]]]}},{"type":"Feature","properties":{"shelf_id":"273B","bookcase_id":"46B","shelf_in_case":3,"side":"back","type":"shelf","physical_bookcase_id":46,"reserved_name":null,"reserved_faculty":null,"reserved":false},"geometry":{"type":"Polygon","coordinates":[[[82,17],[80,17],[80,18],[82,18],[82,17]]]}},{"type":"Feature","properties":{"shelf_id":"274B","bookcase_id":"46B","shelf_in_case":4,"side":"back","type":"shelf","physical_bookcase_id":46,"reserved_name":null,"reserved_faculty":null,"reserved":false},"geometry":{"type":"Polygon","coordinates":[[[82,16],[80,16],[80,17],[82,17],[82,16]]]}},{"type":"Feature","properties":{"shelf_id":"275B","bookcase_id":"46B","shelf_in_case":5,"side":"back","type":"shelf","physical_bookcase_id":46,"reserved_name":null,"reserved_faculty":null,"reserved":false},"geometry":{"type":"Polygon","coordinates":[[[82,15],[80,15],[80,16],[82,16],[82,15]]]}},{"type":"Feature","properties":{"shelf_id":"276B","bookcase_id":"46B","shelf_in_case":6,"side":"back","type":"shelf","physical_bookcase_id":46,"reserved_name":null,"reserved_faculty":null,"reserved":false},"geometry":{"type":"Polygon","coordinates":[[[82,14],[80,14],[80,15],[82,15],[82,14]]]}},{"type":"Feature","properties":{"shelf_id":"277B","bookcase_id":"47B","shelf_in_case":1,"side":"back","type":"shelf","physical_bookcase_id":47,"reserved_name":null,"reserved_faculty":null,"reserved":false},"geometry":{"type":"Polygon","coordinates":[[[80,19],[78,19],[78,20],[80,20],[80,19]]]}},{"type":"Feature","properties":{"shelf_id":"278B","bookcase_id":"47B","shelf_in_case":2,"side":"back","type":"shelf","physical_bookcase_id":47,"reserved_name":null,"reserved_faculty":null,"reserved":false},"geometry":{"type":"Polygon","coordinates":[[[80,18],[78,18],[78,19],[80,19],[80,18]]]}},{"type":"Feature","properties":{"shelf_id":"279B","bookcase_id":"47B","shelf_in_case":3,"side":"back","type":"shelf","physical_bookcase_id":47,"reserved_name":null,"reserved_faculty":null,"reserved":false},"geometry":{"type":"Polygon","coordinates":[[[80,17],[78,17],[78,18],[80,18],[80,17]]]}},{"type":"Feature","properties":{"shelf_id":"280B","bookcase_id":"47B","shelf_in_case":4,"side":"back","type":"shelf","physical_bookcase_id":47,"reserved_name":null,"reserved_faculty":null,"reserved":false},"geometry":{"type":"Polygon","coordinates":[[[80,16],[78,16],[78,17],[80,17],[80,16]]]}},{"type":"Feature","properties":{"shelf_id":"281B","bookcase_id":"47B","shelf_in_case":5,"side":"back","type":"shelf","physical_bookcase_id":47,"reserved_name":null,"reserved_faculty":null,"reserved":false},"geometry":{"type":"Polygon","coordinates":[[[80,15],[78,15],[78,16],[80,16],[80,15]]]}},{"type":"Feature","properties":{"shelf_id":"282B","bookcase_id":"47B","shelf_in_case":6,"side":"back","type":"shelf","physical_bookcase_id":47,"reserved_name":null,"reserved_faculty":null,"reserved":false},"geometry":{"type":"Polygon","coordinates":[[[80,14],[78,14],[78,15],[80,15],[80,14]]]}},{"type":"Feature","properties":{"shelf_id":"283B","bookcase_id":"48B","shelf_in_case":1,"side":"back","type":"shelf","physical_bookcase_id":48,"reserved_name":null,"reserved_faculty":null,"reserved":false},"geometry":{"type":"Polygon","coordinates":[[[78,19],[76,19],[76,20],[78,20],[78,19]]]}},{"type":"Feature","properties":{"shelf_id":"284B","bookcase_id":"48B","shelf_in_case":2,"side":"back","type":"shelf","physical_bookcase_id":48,"reserved_name":null,"reserved_faculty":null,"reserved":false},"geometry":{"type":"Polygon","coordinates":[[[78,18],[76,18],[76,19],[78,19],[78,18]]]}},{"type":"Feature","properties":{"shelf_id":"285B","bookcase_id":"48B","shelf_in_case":3,"side":"back","type":"shelf","physical_bookcase_id":48,"reserved_name":null,"reserved_faculty":null,"reserved":false},"geometry":{"type":"Polygon","coordinates":[[[78,17],[76,17],[76,18],[78,18],[78,17]]]}},{"type":"Feature","properties":{"shelf_id":"286B","bookcase_id":"48B","shelf_in_case":4,"side":"back","type":"shelf","physical_bookcase_id":48,"reserved_name":null,"reserved_faculty":null,"reserved":false},"geometry":{"type":"Polygon","coordinates":[[[78,16],[76,16],[76,17],[78,17],[78,16]]]}},{"type":"Feature","properties":{"shelf_id":"287B","bookcase_id":"48B","shelf_in_case":5,"side":"back","type":"shelf","physical_bookcase_id":48,"reserved_name":null,"reserved_faculty":null,"reserved":false},"geometry":{"type":"Polygon","coordinates":[[[78,15],[76,15],[76,16],[78,16],[78,15]]]}},{"type":"Feature","properties":{"shelf_id":"288B","bookcase_id":"48B","shelf_in_case":6,"side":"back","type":"shelf","physical_bookcase_id":48,"reserved_name":null,"reserved_faculty":null,"reserved":false},"geometry":{"type":"Polygon","coordinates":[[[78,14],[76,14],[76,15],[78,15],[78,14]]]}},{"type":"Feature","properties":{"shelf_id":"289B","bookcase_id":"49B","shelf_in_case":1,"side":"back","type":"shelf","physical_bookcase_id":49,"reserved_name":null,"reserved_faculty":null,"reserved":false},"geometry":{"type":"Polygon","coordinates":[[[76,19],[74,19],[74,20],[76,20],[76,19]]]}},{"type":"Feature","properties":{"shelf_id":"290B","bookcase_id":"49B","shelf_in_case":2,"side":"back","type":"shelf","physical_bookcase_id":49,"reserved_name":null,"reserved_faculty":null,"reserved":false},"geometry":{"type":"Polygon","coordinates":[[[76,18],[74,18],[74,19],[76,19],[76,18]]]}},{"type":"Feature","properties":{"shelf_id":"291B","bookcase_id":"49B","shelf_in_case":3,"side":"back","type":"shelf","physical_bookcase_id":49,"reserved_name":null,"reserved_faculty":null,"reserved":false},"geometry":{"type":"Polygon","coordinates":[[[76,17],[74,17],[74,18],[76,18],[76,17]]]}},{"type":"Feature","properties":{"shelf_id":"292B","bookcase_id":"49B","shelf_in_case":4,"side":"back","type":"shelf","physical_bookcase_id":49,"reserved_name":null,"reserved_faculty":null,"reserved":false},"geometry":{"type":"Polygon","coordinates":[[[76,16],[74,16],[74,17],[76,17],[76,16]]]}},{"type":"Feature","properties":{"shelf_id":"293B","bookcase_id":"49B","shelf_in_case":5,"side":"back","type":"shelf","physical_bookcase_id":49,"reserved_name":null,"reserved_faculty":null,"reserved":false},"geometry":{"type":"Polygon","coordinates":[[[76,15],[74,15],[74,16],[76,16],[76,15]]]}},{"type":"Feature","properties":{"shelf_id":"294B","bookcase_id":"49B","shelf_in_case":6,"side":"back","type":"shelf","physical_bookcase_id":49,"reserved_name":null,"reserved_faculty":null,"reserved":false},"geometry":{"type":"Polygon","coordinates":[[[76,14],[74,14],[74,15],[76,15],[76,14]]]}},{"type":"Feature","properties":{"shelf_id":"295B","bookcase_id":"50B","shelf_in_case":1,"side":"back","type":"shelf","physical_bookcase_id":50,"reserved_name":null,"reserved_faculty":null,"reserved":false},"geometry":{"type":"Polygon","coordinates":[[[74,19],[72,19],[72,20],[74,20],[74,19]]]}},{"type":"Feature","properties":{"shelf_id":"296B","bookcase_id":"50B","shelf_in_case":2,"side":"back","type":"shelf","physical_bookcase_id":50,"reserved_name":null,"reserved_faculty":null,"reserved":false},"geometry":{"type":"Polygon","coordinates":[[[74,18],[72,18],[72,19],[74,19],[74,18]]]}},{"type":"Feature","properties":{"shelf_id":"297B","bookcase_id":"50B","shelf_in_case":3,"side":"back","type":"shelf","physical_bookcase_id":50,"reserved_name":null,"reserved_faculty":null,"reserved":false},"geometry":{"type":"Polygon","coordinates":[[[74,17],[72,17],[72,18],[74,18],[74,17]]]}},{"type":"Feature","properties":{"shelf_id":"298B","bookcase_id":"50B","shelf_in_case":4,"side":"back","type":"shelf","physical_bookcase_id":50,"reserved_name":null,"reserved_faculty":null,"reserved":false},"geometry":{"type":"Polygon","coordinates":[[[74,16],[72,16],[72,17],[74,17],[74,16]]]}},{"type":"Feature","properties":{"shelf_id":"299B","bookcase_id":"50B","shelf_in_case":5,"side":"back","type":"shelf","physical_bookcase_id":50,"reserved_name":null,"reserved_faculty":null,"reserved":false},"geometry":{"type":"Polygon","coordinates":[[[74,15],[72,15],[72,16],[74,16],[74,15]]]}},{"type":"Feature","properties":{"shelf_id":"300B","bookcase_id":"50B","shelf_in_case":6,"side":"back","type":"shelf","physical_bookcase_id":50,"reserved_name":null,"reserved_faculty":null,"reserved":false},"geometry":{"type":"Polygon","coordinates":[[[74,14],[72,14],[72,15],[74,15],[74,14]]]}},{"type":"Feature","properties":{"shelf_id":"301B","bookcase_id":"51B","shelf_in_case":1,"side":"back","type":"shelf","physical_bookcase_id":51,"reserved_name":null,"reserved_faculty":null,"reserved":false},"geometry":{"type":"Polygon","coordinates":[[[72,19],[70,19],[70,20],[72,20],[72,19]]]}},{"type":"Feature","properties":{"shelf_id":"302B","bookcase_id":"51B","shelf_in_case":2,"side":"back","type":"shelf","physical_bookcase_id":51,"reserved_name":null,"reserved_faculty":null,"reserved":false},"geometry":{"type":"Polygon","coordinates":[[[72,18],[70,18],[70,19],[72,19],[72,18]]]}},{"type":"Feature","properties":{"shelf_id":"303B","bookcase_id":"51B","shelf_in_case":3,"side":"back","type":"shelf","physical_bookcase_id":51,"reserved_name":null,"reserved_faculty":null,"reserved":false},"geometry":{"type":"Polygon","coordinates":[[[72,17],[70,17],[70,18],[72,18],[72,17]]]}},{"type":"Feature","properties":{"shelf_id":"304B","bookcase_id":"51B","shelf_in_case":4,"side":"back","type":"shelf","physical_bookcase_id":51,"reserved_name":null,"reserved_faculty":null,"reserved":false},"geometry":{"type":"Polygon","coordinates":[[[72,16],[70,16],[70,17],[72,17],[72,16]]]}},{"type":"Feature","properties":{"shelf_id":"305B","bookcase_id":"51B","shelf_in_case":5,"side":"back","type":"shelf","physical_bookcase_id":51,"reserved_name":null,"reserved_faculty":null,"reserved":false},"geometry":{"type":"Polygon","coordinates":[[[72,15],[70,15],[70,16],[72,16],[72,15]]]}},{"type":"Feature","properties":{"shelf_id":"306B","bookcase_id":"51B","shelf_in_case":6,"side":"back","type":"shelf","physical_bookcase_id":51,"reserved_name":null,"reserved_faculty":null,"reserved":false},"geometry":{"type":"Polygon","coordinates":[[[72,14],[70,14],[70,15],[72,15],[72,14]]]}},{"type":"Feature","properties":{"shelf_id":"307B","bookcase_id":"52B","shelf_in_case":1,"side":"back","type":"shelf","physical_bookcase_id":52,"reserved_name":null,"reserved_faculty":null,"reserved":false},"geometry":{"type":"Polygon","coordinates":[[[70,19],[68,19],[68,20],[70,20],[70,19]]]}},{"type":"Feature","properties":{"shelf_id":"308B","bookcase_id":"52B","shelf_in_case":2,"side":"back","type":"shelf","physical_bookcase_id":52,"reserved_name":null,"reserved_faculty":null,"reserved":false},"geometry":{"type":"Polygon","coordinates":[[[70,18],[68,18],[68,19],[70,19],[70,18]]]}},{"type":"Feature","properties":{"shelf_id":"309B","bookcase_id":"52B","shelf_in_case":3,"side":"back","type":"shelf","physical_bookcase_id":52,"reserved_name":null,"reserved_faculty":null,"reserved":false},"geometry":{"type":"Polygon","coordinates":[[[70,17],[68,17],[68,18],[70,18],[70,17]]]}},{"type":"Feature","properties":{"shelf_id":"310B","bookcase_id":"52B","shelf_in_case":4,"side":"back","type":"shelf","physical_bookcase_id":52,"reserved_name":null,"reserved_faculty":null,"reserved":false},"geometry":{"type":"Polygon","coordinates":[[[70,16],[68,16],[68,17],[70,17],[70,16]]]}},{"type":"Feature","properties":{"shelf_id":"311B","bookcase_id":"52B","shelf_in_case":5,"side":"back","type":"shelf","physical_bookcase_id":52,"reserved_name":null,"reserved_faculty":null,"reserved":false},"geometry":{"type":"Polygon","coordinates":[[[70,15],[68,15],[68,16],[70,16],[70,15]]]}},{"type":"Feature","properties":{"shelf_id":"312B","bookcase_id":"52B","shelf_in_case":6,"side":"back","type":"shelf","physical_bookcase_id":52,"reserved_name":null,"reserved_faculty":null,"reserved":false},"geometry":{"type":"Polygon","coordinates":[[[70,14],[68,14],[68,15],[70,15],[70,14]]]}},{"type":"Feature","properties":{"shelf_id":"313B","bookcase_id":"53B","shelf_in_case":1,"side":"back","type":"shelf","physical_bookcase_id":53,"reserved_name":null,"reserved_faculty":null,"reserved":false},"geometry":{"type":"Polygon","coordinates":[[[68,19],[66,19],[66,20],[68,20],[68,19]]]}},{"type":"Feature","properties":{"shelf_id":"314B","bookcase_id":"53B","shelf_in_case":2,"side":"back","type":"shelf","physical_bookcase_id":53,"reserved_name":null,"reserved_faculty":null,"reserved":false},"geometry":{"type":"Polygon","coordinates":[[[68,18],[66,18],[66,19],[68,19],[68,18]]]}},{"type":"Feature","properties":{"shelf_id":"315B","bookcase_id":"53B","shelf_in_case":3,"side":"back","type":"shelf","physical_bookcase_id":53,"reserved_name":null,"reserved_faculty":null,"reserved":false},"geometry":{"type":"Polygon","coordinates":[[[68,17],[66,17],[66,18],[68,18],[68,17]]]}},{"type":"Feature","properties":{"shelf_id":"316B","bookcase_id":"53B","shelf_in_case":4,"side":"back","type":"shelf","physical_bookcase_id":53,"reserved_name":null,"reserved_faculty":null,"reserved":false},"geometry":{"type":"Polygon","coordinates":[[[68,16],[66,16],[66,17],[68,17],[68,16]]]}},{"type":"Feature","properties":{"shelf_id":"317B","bookcase_id":"53B","shelf_in_case":5,"side":"back","type":"shelf","physical_bookcase_id":53,"reserved_name":null,"reserved_faculty":null,"reserved":false},"geometry":{"type":"Polygon","coordinates":[[[68,15],[66,15],[66,16],[68,16],[68,15]]]}},{"type":"Feature","properties":{"shelf_id":"318B","bookcase_id":"53B","shelf_in_case":6,"side":"back","type":"shelf","physical_bookcase_id":53,"reserved_name":null,"reserved_faculty":null,"reserved":false},"geometry":{"type":"Polygon","coordinates":[[[68,14],[66,14],[66,15],[68,15],[68,14]]]}},{"type":"Feature","properties":{"shelf_id":"319B","bookcase_id":"54B","shelf_in_case":1,"side":"back","type":"shelf","physical_bookcase_id":54,"reserved_name":"ME Expo","reserved_faculty":"ME","reserved":true},"geometry":{"type":"Polygon","coordinates":[[[64,19],[62,19],[62,20],[64,20],[64,19]]]}},{"type":"Feature","properties":{"shelf_id":"320B","bookcase_id":"54B","shelf_in_case":2,"side":"back","type":"shelf","physical_bookcase_id":54,"reserved_name":"ME Expo","reserved_faculty":"ME","reserved":true},"geometry":{"type":"Polygon","coordinates":[[[64,18],[62,18],[62,19],[64,19],[64,18]]]}},{"type":"Feature","properties":{"shelf_id":"321B","bookcase_id":"54B","shelf_in_case":3,"side":"back","type":"shelf","physical_bookcase_id":54,"reserved_name":"ME Expo","reserved_faculty":"ME","reserved":true},"geometry":{"type":"Polygon","coordinates":[[[64,17],[62,17],[62,18],[64,18],[64,17]]]}},{"type":"Feature","properties":{"shelf_id":"322B","bookcase_id":"54B","shelf_in_case":4,"side":"back","type":"shelf","physical_bookcase_id":54,"reserved_name":"ME Expo","reserved_faculty":"ME","reserved":true},"geometry":{"type":"Polygon","coordinates":[[[64,16],[62,16],[62,17],[64,17],[64,16]]]}},{"type":"Feature","properties":{"shelf_id":"323B","bookcase_id":"54B","shelf_in_case":5,"side":"back","type":"shelf","physical_bookcase_id":54,"reserved_name":"ME Expo","reserved_faculty":"ME","reserved":true},"geometry":{"type":"Polygon","coordinates":[[[64,15],[62,15],[62,16],[64,16],[64,15]]]}},{"type":"Feature","properties":{"shelf_id":"324B","bookcase_id":"54B","shelf_in_case":6,"side":"back","type":"shelf","physical_bookcase_id":54,"reserved_name":"ME Expo","reserved_faculty":"ME","reserved":true},"geometry":{"type":"Polygon","coordinates":[[[64,14],[62,14],[62,15],[64,15],[64,14]]]}},{"type":"Feature","properties":{"shelf_id":"325B","bookcase_id":"55B","shelf_in_case":1,"side":"back","type":"shelf","physical_bookcase_id":55,"reserved_name":"ME Expo","reserved_faculty":"ME","reserved":true},"geometry":{"type":"Polygon","coordinates":[[[62,19],[60,19],[60,20],[62,20],[62,19]]]}},{"type":"Feature","properties":{"shelf_id":"326B","bookcase_id":"55B","shelf_in_case":2,"side":"back","type":"shelf","physical_bookcase_id":55,"reserved_name":"ME Expo","reserved_faculty":"ME","reserved":true},"geometry":{"type":"Polygon","coordinates":[[[62,18],[60,18],[60,19],[62,19],[62,18]]]}},{"type":"Feature","properties":{"shelf_id":"327B","bookcase_id":"55B","shelf_in_case":3,"side":"back","type":"shelf","physical_bookcase_id":55,"reserved_name":"ME Expo","reserved_faculty":"ME","reserved":true},"geometry":{"type":"Polygon","coordinates":[[[62,17],[60,17],[60,18],[62,18],[62,17]]]}},{"type":"Feature","properties":{"shelf_id":"328B","bookcase_id":"55B","shelf_in_case":4,"side":"back","type":"shelf","physical_bookcase_id":55,"reserved_name":"ME Expo","reserved_faculty":"ME","reserved":true},"geometry":{"type":"Polygon","coordinates":[[[62,16],[60,16],[60,17],[62,17],[62,16]]]}},{"type":"Feature","properties":{"shelf_id":"329B","bookcase_id":"55B","shelf_in_case":5,"side":"back","type":"shelf","physical_bookcase_id":55,"reserved_name":"ME Expo","reserved_faculty":"ME","reserved":true},"geometry":{"type":"Polygon","coordinates":[[[62,15],[60,15],[60,16],[62,16],[62,15]]]}},{"type":"Feature","properties":{"shelf_id":"330B","bookcase_id":"55B","shelf_in_case":6,"side":"back","type":"shelf","physical_bookcase_id":55,"reserved_name":"ME Expo","reserved_faculty":"ME","reserved":true},"geometry":{"type":"Polygon","coordinates":[[[62,14],[60,14],[60,15],[62,15],[62,14]]]}},{"type":"Feature","properties":{"shelf_id":"331B","bookcase_id":"56B","shelf_in_case":1,"side":"back","type":"shelf","physical_bookcase_id":56,"reserved_name":"ME Expo","reserved_faculty":"ME","reserved":true},"geometry":{"type":"Polygon","coordinates":[[[60,19],[58,19],[58,20],[60,20],[60,19]]]}},{"type":"Feature","properties":{"shelf_id":"332B","bookcase_id":"56B","shelf_in_case":2,"side":"back","type":"shelf","physical_bookcase_id":56,"reserved_name":"ME Expo","reserved_faculty":"ME","reserved":true},"geometry":{"type":"Polygon","coordinates":[[[60,18],[58,18],[58,19],[60,19],[60,18]]]}},{"type":"Feature","properties":{"shelf_id":"333B","bookcase_id":"56B","shelf_in_case":3,"side":"back","type":"shelf","physical_bookcase_id":56,"reserved_name":"ME Expo","reserved_faculty":"ME","reserved":true},"geometry":{"type":"Polygon","coordinates":[[[60,17],[58,17],[58,18],[60,18],[60,17]]]}},{"type":"Feature","properties":{"shelf_id":"334B","bookcase_id":"56B","shelf_in_case":4,"side":"back","type":"shelf","physical_bookcase_id":56,"reserved_name":"ME Expo","reserved_faculty":"ME","reserved":true},"geometry":{"type":"Polygon","coordinates":[[[60,16],[58,16],[58,17],[60,17],[60,16]]]}},{"type":"Feature","properties":{"shelf_id":"335B","bookcase_id":"56B","shelf_in_case":5,"side":"back","type":"shelf","physical_bookcase_id":56,"reserved_name":"ME Expo","reserved_faculty":"ME","reserved":true},"geometry":{"type":"Polygon","coordinates":[[[60,15],[58,15],[58,16],[60,16],[60,15]]]}},{"type":"Feature","properties":{"shelf_id":"336B","bookcase_id":"56B","shelf_in_case":6,"side":"back","type":"shelf","physical_bookcase_id":56,"reserved_name":"ME Expo","reserved_faculty":"ME","reserved":true},"geometry":{"type":"Polygon","coordinates":[[[60,14],[58,14],[58,15],[60,15],[60,14]]]}},{"type":"Feature","properties":{"shelf_id":"337B","bookcase_id":"57B","shelf_in_case":1,"side":"back","type":"shelf","physical_bookcase_id":57,"reserved_name":null,"reserved_faculty":null,"reserved":false},"geometry":{"type":"Polygon","coordinates":[[[58,19],[56,19],[56,20],[58,20],[58,19]]]}},{"type":"Feature","properties":{"shelf_id":"338B","bookcase_id":"57B","shelf_in_case":2,"side":"back","type":"shelf","physical_bookcase_id":57,"reserved_name":null,"reserved_faculty":null,"reserved":false},"geometry":{"type":"Polygon","coordinates":[[[58,18],[56,18],[56,19],[58,19],[58,18]]]}},{"type":"Feature","properties":{"shelf_id":"339B","bookcase_id":"57B","shelf_in_case":3,"side":"back","type":"shelf","physical_bookcase_id":57,"reserved_name":null,"reserved_faculty":null,"reserved":false},"geometry":{"type":"Polygon","coordinates":[[[58,17],[56,17],[56,18],[58,18],[58,17]]]}},{"type":"Feature","properties":{"shelf_id":"340B","bookcase_id":"57B","shelf_in_case":4,"side":"back","type":"shelf","physical_bookcase_id":57,"reserved_name":null,"reserved_faculty":null,"reserved":false},"geometry":{"type":"Polygon","coordinates":[[[58,16],[56,16],[56,17],[58,17],[58,16]]]}},{"type":"Feature","properties":{"shelf_id":"341B","bookcase_id":"57B","shelf_in_case":5,"side":"back","type":"shelf","physical_bookcase_id":57,"reserved_name":null,"reserved_faculty":null,"reserved":false},"geometry":{"type":"Polygon","coordinates":[[[58,15],[56,15],[56,16],[58,16],[58,15]]]}},{"type":"Feature","properties":{"shelf_id":"342B","bookcase_id":"57B","shelf_in_case":6,"side":"back","type":"shelf","physical_bookcase_id":57,"reserved_name":null,"reserved_faculty":null,"reserved":false},"geometry":{"type":"Polygon","coordinates":[[[58,14],[56,14],[56,15],[58,15],[58,14]]]}},{"type":"Feature","properties":{"shelf_id":"343B","bookcase_id":"58B","shelf_in_case":1,"side":"back","type":"shelf","physical_bookcase_id":58,"reserved_name":null,"reserved_faculty":null,"reserved":false},"geometry":{"type":"Polygon","coordinates":[[[56,19],[54,19],[54,20],[56,20],[56,19]]]}},{"type":"Feature","properties":{"shelf_id":"344B","bookcase_id":"58B","shelf_in_case":2,"side":"back","type":"shelf","physical_bookcase_id":58,"reserved_name":null,"reserved_faculty":null,"reserved":false},"geometry":{"type":"Polygon","coordinates":[[[56,18],[54,18],[54,19],[56,19],[56,18]]]}},{"type":"Feature","properties":{"shelf_id":"345B","bookcase_id":"58B","shelf_in_case":3,"side":"back","type":"shelf","physical_bookcase_id":58,"reserved_name":null,"reserved_faculty":null,"reserved":false},"geometry":{"type":"Polygon","coordinates":[[[56,17],[54,17],[54,18],[56,18],[56,17]]]}},{"type":"Feature","properties":{"shelf_id":"346B","bookcase_id":"58B","shelf_in_case":4,"side":"back","type":"shelf","physical_bookcase_id":58,"reserved_name":null,"reserved_faculty":null,"reserved":false},"geometry":{"type":"Polygon","coordinates":[[[56,16],[54,16],[54,17],[56,17],[56,16]]]}},{"type":"Feature","properties":{"shelf_id":"347B","bookcase_id":"58B","shelf_in_case":5,"side":"back","type":"shelf","physical_bookcase_id":58,"reserved_name":null,"reserved_faculty":null,"reserved":false},"geometry":{"type":"Polygon","coordinates":[[[56,15],[54,15],[54,16],[56,16],[56,15]]]}},{"type":"Feature","properties":{"shelf_id":"348B","bookcase_id":"58B","shelf_in_case":6,"side":"back","type":"shelf","physical_bookcase_id":58,"reserved_name":null,"reserved_faculty":null,"reserved":false},"geometry":{"type":"Polygon","coordinates":[[[56,14],[54,14],[54,15],[56,15],[56,14]]]}},{"type":"Feature","properties":{"shelf_id":"349B","bookcase_id":"59B","shelf_in_case":1,"side":"back","type":"shelf","physical_bookcase_id":59,"reserved_name":null,"reserved_faculty":null,"reserved":false},"geometry":{"type":"Polygon","coordinates":[[[54,19],[52,19],[52,20],[54,20],[54,19]]]}},{"type":"Feature","properties":{"shelf_id":"350B","bookcase_id":"59B","shelf_in_case":2,"side":"back","type":"shelf","physical_bookcase_id":59,"reserved_name":null,"reserved_faculty":null,"reserved":false},"geometry":{"type":"Polygon","coordinates":[[[54,18],[52,18],[52,19],[54,19],[54,18]]]}},{"type":"Feature","properties":{"shelf_id":"351B","bookcase_id":"59B","shelf_in_case":3,"side":"back","type":"shelf","physical_bookcase_id":59,"reserved_name":null,"reserved_faculty":null,"reserved":false},"geometry":{"type":"Polygon","coordinates":[[[54,17],[52,17],[52,18],[54,18],[54,17]]]}},{"type":"Feature","properties":{"shelf_id":"352B","bookcase_id":"59B","shelf_in_case":4,"side":"back","type":"shelf","physical_bookcase_id":59,"reserved_name":null,"reserved_faculty":null,"reserved":false},"geometry":{"type":"Polygon","coordinates":[[[54,16],[52,16],[52,17],[54,17],[54,16]]]}},{"type":"Feature","properties":{"shelf_id":"353B","bookcase_id":"59B","shelf_in_case":5,"side":"back","type":"shelf","physical_bookcase_id":59,"reserved_name":null,"reserved_faculty":null,"reserved":false},"geometry":{"type":"Polygon","coordinates":[[[54,15],[52,15],[52,16],[54,16],[54,15]]]}},{"type":"Feature","properties":{"shelf_id":"354B","bookcase_id":"59B","shelf_in_case":6,"side":"back","type":"shelf","physical_bookcase_id":59,"reserved_name":null,"reserved_faculty":null,"reserved":false},"geometry":{"type":"Polygon","coordinates":[[[54,14],[52,14],[52,15],[54,15],[54,14]]]}},{"type":"Feature","properties":{"shelf_id":"355B","bookcase_id":"60B","shelf_in_case":1,"side":"back","type":"shelf","physical_bookcase_id":60,"reserved_name":null,"reserved_faculty":null,"reserved":false},"geometry":{"type":"Polygon","coordinates":[[[52,19],[50,19],[50,20],[52,20],[52,19]]]}},{"type":"Feature","properties":{"shelf_id":"356B","bookcase_id":"60B","shelf_in_case":2,"side":"back","type":"shelf","physical_bookcase_id":60,"reserved_name":null,"reserved_faculty":null,"reserved":false},"geometry":{"type":"Polygon","coordinates":[[[52,18],[50,18],[50,19],[52,19],[52,18]]]}},{"type":"Feature","properties":{"shelf_id":"357B","bookcase_id":"60B","shelf_in_case":3,"side":"back","type":"shelf","physical_bookcase_id":60,"reserved_name":null,"reserved_faculty":null,"reserved":false},"geometry":{"type":"Polygon","coordinates":[[[52,17],[50,17],[50,18],[52,18],[52,17]]]}},{"type":"Feature","properties":{"shelf_id":"358B","bookcase_id":"60B","shelf_in_case":4,"side":"back","type":"shelf","physical_bookcase_id":60,"reserved_name":null,"reserved_faculty":null,"reserved":false},"geometry":{"type":"Polygon","coordinates":[[[52,16],[50,16],[50,17],[52,17],[52,16]]]}},{"type":"Feature","properties":{"shelf_id":"359B","bookcase_id":"60B","shelf_in_case":5,"side":"back","type":"shelf","physical_bookcase_id":60,"reserved_name":null,"reserved_faculty":null,"reserved":false},"geometry":{"type":"Polygon","coordinates":[[[52,15],[50,15],[50,16],[52,16],[52,15]]]}},{"type":"Feature","properties":{"shelf_id":"360B","bookcase_id":"60B","shelf_in_case":6,"side":"back","type":"shelf","physical_bookcase_id":60,"reserved_name":null,"reserved_faculty":null,"reserved":false},"geometry":{"type":"Polygon","coordinates":[[[52,14],[50,14],[50,15],[52,15],[52,14]]]}},{"type":"Feature","properties":{"shelf_id":"361B","bookcase_id":"61B","shelf_in_case":1,"side":"back","type":"shelf","physical_bookcase_id":61,"reserved_name":null,"reserved_faculty":null,"reserved":false},"geometry":{"type":"Polygon","coordinates":[[[50,19],[48,19],[48,20],[50,20],[50,19]]]}},{"type":"Feature","properties":{"shelf_id":"362B","bookcase_id":"61B","shelf_in_case":2,"side":"back","type":"shelf","physical_bookcase_id":61,"reserved_name":null,"reserved_faculty":null,"reserved":false},"geometry":{"type":"Polygon","coordinates":[[[50,18],[48,18],[48,19],[50,19],[50,18]]]}},{"type":"Feature","properties":{"shelf_id":"363B","bookcase_id":"61B","shelf_in_case":3,"side":"back","type":"shelf","physical_bookcase_id":61,"reserved_name":null,"reserved_faculty":null,"reserved":false},"geometry":{"type":"Polygon","coordinates":[[[50,17],[48,17],[48,18],[50,18],[50,17]]]}},{"type":"Feature","properties":{"shelf_id":"364B","bookcase_id":"61B","shelf_in_case":4,"side":"back","type":"shelf","physical_bookcase_id":61,"reserved_name":null,"reserved_faculty":null,"reserved":false},"geometry":{"type":"Polygon","coordinates":[[[50,16],[48,16],[48,17],[50,17],[50,16]]]}},{"type":"Feature","properties":{"shelf_id":"365B","bookcase_id":"61B","shelf_in_case":5,"side":"back","type":"shelf","physical_bookcase_id":61,"reserved_name":null,"reserved_faculty":null,"reserved":false},"geometry":{"type":"Polygon","coordinates":[[[50,15],[48,15],[48,16],[50,16],[50,15]]]}},{"type":"Feature","properties":{"shelf_id":"366B","bookcase_id":"61B","shelf_in_case":6,"side":"back","type":"shelf","physical_bookcase_id":61,"reserved_name":null,"reserved_faculty":null,"reserved":false},"geometry":{"type":"Polygon","coordinates":[[[50,14],[48,14],[48,15],[50,15],[50,14]]]}},{"type":"Feature","properties":{"shelf_id":"367B","bookcase_id":"62B","shelf_in_case":1,"side":"back","type":"shelf","physical_bookcase_id":62,"reserved_name":null,"reserved_faculty":null,"reserved":false},"geometry":{"type":"Polygon","coordinates":[[[48,19],[46,19],[46,20],[48,20],[48,19]]]}},{"type":"Feature","properties":{"shelf_id":"368B","bookcase_id":"62B","shelf_in_case":2,"side":"back","type":"shelf","physical_bookcase_id":62,"reserved_name":null,"reserved_faculty":null,"reserved":false},"geometry":{"type":"Polygon","coordinates":[[[48,18],[46,18],[46,19],[48,19],[48,18]]]}},{"type":"Feature","properties":{"shelf_id":"369B","bookcase_id":"62B","shelf_in_case":3,"side":"back","type":"shelf","physical_bookcase_id":62,"reserved_name":null,"reserved_faculty":null,"reserved":false},"geometry":{"type":"Polygon","coordinates":[[[48,17],[46,17],[46,18],[48,18],[48,17]]]}},{"type":"Feature","properties":{"shelf_id":"370B","bookcase_id":"62B","shelf_in_case":4,"side":"back","type":"shelf","physical_bookcase_id":62,"reserved_name":null,"reserved_faculty":null,"reserved":false},"geometry":{"type":"Polygon","coordinates":[[[48,16],[46,16],[46,17],[48,17],[48,16]]]}},{"type":"Feature","properties":{"shelf_id":"371B","bookcase_id":"62B","shelf_in_case":5,"side":"back","type":"shelf","physical_bookcase_id":62,"reserved_name":null,"reserved_faculty":null,"reserved":false},"geometry":{"type":"Polygon","coordinates":[[[48,15],[46,15],[46,16],[48,16],[48,15]]]}},{"type":"Feature","properties":{"shelf_id":"372B","bookcase_id":"62B","shelf_in_case":6,"side":"back","type":"shelf","physical_bookcase_id":62,"reserved_name":null,"reserved_faculty":null,"reserved":false},"geometry":{"type":"Polygon","coordinates":[[[48,14],[46,14],[46,15],[48,15],[48,14]]]}},{"type":"Feature","properties":{"shelf_id":"373B","bookcase_id":"63B","shelf_in_case":1,"side":"back","type":"shelf","physical_bookcase_id":63,"reserved_name":null,"reserved_faculty":null,"reserved":false},"geometry":{"type":"Polygon","coordinates":[[[46,19],[44,19],[44,20],[46,20],[46,19]]]}},{"type":"Feature","properties":{"shelf_id":"374B","bookcase_id":"63B","shelf_in_case":2,"side":"back","type":"shelf","physical_bookcase_id":63,"reserved_name":null,"reserved_faculty":null,"reserved":false},"geometry":{"type":"Polygon","coordinates":[[[46,18],[44,18],[44,19],[46,19],[46,18]]]}},{"type":"Feature","properties":{"shelf_id":"375B","bookcase_id":"63B","shelf_in_case":3,"side":"back","type":"shelf","physical_bookcase_id":63,"reserved_name":null,"reserved_faculty":null,"reserved":false},"geometry":{"type":"Polygon","coordinates":[[[46,17],[44,17],[44,18],[46,18],[46,17]]]}},{"type":"Feature","properties":{"shelf_id":"376B","bookcase_id":"63B","shelf_in_case":4,"side":"back","type":"shelf","physical_bookcase_id":63,"reserved_name":null,"reserved_faculty":null,"reserved":false},"geometry":{"type":"Polygon","coordinates":[[[46,16],[44,16],[44,17],[46,17],[46,16]]]}},{"type":"Feature","properties":{"shelf_id":"377B","bookcase_id":"63B","shelf_in_case":5,"side":"back","type":"shelf","physical_bookcase_id":63,"reserved_name":null,"reserved_faculty":null,"reserved":false},"geometry":{"type":"Polygon","coordinates":[[[46,15],[44,15],[44,16],[46,16],[46,15]]]}},{"type":"Feature","properties":{"shelf_id":"378B","bookcase_id":"63B","shelf_in_case":6,"side":"back","type":"shelf","physical_bookcase_id":63,"reserved_name":null,"reserved_faculty":null,"reserved":false},"geometry":{"type":"Polygon","coordinates":[[[46,14],[44,14],[44,15],[46,15],[46,14]]]}},{"type":"Feature","properties":{"shelf_id":"379B","bookcase_id":"64B","shelf_in_case":1,"side":"back","type":"shelf","physical_bookcase_id":64,"reserved_name":null,"reserved_faculty":null,"reserved":false},"geometry":{"type":"Polygon","coordinates":[[[34,19],[32,19],[32,20],[34,20],[34,19]]]}},{"type":"Feature","properties":{"shelf_id":"380B","bookcase_id":"64B","shelf_in_case":2,"side":"back","type":"shelf","physical_bookcase_id":64,"reserved_name":null,"reserved_faculty":null,"reserved":false},"geometry":{"type":"Polygon","coordinates":[[[34,18],[32,18],[32,19],[34,19],[34,18]]]}},{"type":"Feature","properties":{"shelf_id":"381B","bookcase_id":"64B","shelf_in_case":3,"side":"back","type":"shelf","physical_bookcase_id":64,"reserved_name":null,"reserved_faculty":null,"reserved":false},"geometry":{"type":"Polygon","coordinates":[[[34,17],[32,17],[32,18],[34,18],[34,17]]]}},{"type":"Feature","properties":{"shelf_id":"382B","bookcase_id":"64B","shelf_in_case":4,"side":"back","type":"shelf","physical_bookcase_id":64,"reserved_name":null,"reserved_faculty":null,"reserved":false},"geometry":{"type":"Polygon","coordinates":[[[34,16],[32,16],[32,17],[34,17],[34,16]]]}},{"type":"Feature","properties":{"shelf_id":"383B","bookcase_id":"64B","shelf_in_case":5,"side":"back","type":"shelf","physical_bookcase_id":64,"reserved_name":null,"reserved_faculty":null,"reserved":false},"geometry":{"type":"Polygon","coordinates":[[[34,15],[32,15],[32,16],[34,16],[34,15]]]}},{"type":"Feature","properties":{"shelf_id":"384B","bookcase_id":"64B","shelf_in_case":6,"side":"back","type":"shelf","physical_bookcase_id":64,"reserved_name":null,"reserved_faculty":null,"reserved":false},"geometry":{"type":"Polygon","coordinates":[[[34,14],[32,14],[32,15],[34,15],[34,14]]]}},{"type":"Feature","properties":{"shelf_id":"385B","bookcase_id":"65B","shelf_in_case":1,"side":"back","type":"shelf","physical_bookcase_id":65,"reserved_name":null,"reserved_faculty":null,"reserved":false},"geometry":{"type":"Polygon","coordinates":[[[32,19],[30,19],[30,20],[32,20],[32,19]]]}},{"type":"Feature","properties":{"shelf_id":"386B","bookcase_id":"65B","shelf_in_case":2,"side":"back","type":"shelf","physical_bookcase_id":65,"reserved_name":null,"reserved_faculty":null,"reserved":false},"geometry":{"type":"Polygon","coordinates":[[[32,18],[30,18],[30,19],[32,19],[32,18]]]}},{"type":"Feature","properties":{"shelf_id":"387B","bookcase_id":"65B","shelf_in_case":3,"side":"back","type":"shelf","physical_bookcase_id":65,"reserved_name":null,"reserved_faculty":null,"reserved":false},"geometry":{"type":"Polygon","coordinates":[[[32,17],[30,17],[30,18],[32,18],[32,17]]]}},{"type":"Feature","properties":{"shelf_id":"388B","bookcase_id":"65B","shelf_in_case":4,"side":"back","type":"shelf","physical_bookcase_id":65,"reserved_name":null,"reserved_faculty":null,"reserved":false},"geometry":{"type":"Polygon","coordinates":[[[32,16],[30,16],[30,17],[32,17],[32,16]]]}},{"type":"Feature","properties":{"shelf_id":"389B","bookcase_id":"65B","shelf_in_case":5,"side":"back","type":"shelf","physical_bookcase_id":65,"reserved_name":null,"reserved_faculty":null,"reserved":false},"geometry":{"type":"Polygon","coordinates":[[[32,15],[30,15],[30,16],[32,16],[32,15]]]}},{"type":"Feature","properties":{"shelf_id":"390B","bookcase_id":"65B","shelf_in_case":6,"side":"back","type":"shelf","physical_bookcase_id":65,"reserved_name":null,"reserved_faculty":null,"reserved":false},"geometry":{"type":"Polygon","coordinates":[[[32,14],[30,14],[30,15],[32,15],[32,14]]]}},{"type":"Feature","properties":{"shelf_id":"391B","bookcase_id":"66B","shelf_in_case":1,"side":"back","type":"shelf","physical_bookcase_id":66,"reserved_name":null,"reserved_faculty":null,"reserved":false},"geometry":{"type":"Polygon","coordinates":[[[30,19],[28,19],[28,20],[30,20],[30,19]]]}},{"type":"Feature","properties":{"shelf_id":"392B","bookcase_id":"66B","shelf_in_case":2,"side":"back","type":"shelf","physical_bookcase_id":66,"reserved_name":null,"reserved_faculty":null,"reserved":false},"geometry":{"type":"Polygon","coordinates":[[[30,18],[28,18],[28,19],[30,19],[30,18]]]}},{"type":"Feature","properties":{"shelf_id":"393B","bookcase_id":"66B","shelf_in_case":3,"side":"back","type":"shelf","physical_bookcase_id":66,"reserved_name":null,"reserved_faculty":null,"reserved":false},"geometry":{"type":"Polygon","coordinates":[[[30,17],[28,17],[28,18],[30,18],[30,17]]]}},{"type":"Feature","properties":{"shelf_id":"394B","bookcase_id":"66B","shelf_in_case":4,"side":"back","type":"shelf","physical_bookcase_id":66,"reserved_name":null,"reserved_faculty":null,"reserved":false},"geometry":{"type":"Polygon","coordinates":[[[30,16],[28,16],[28,17],[30,17],[30,16]]]}},{"type":"Feature","properties":{"shelf_id":"395B","bookcase_id":"66B","shelf_in_case":5,"side":"back","type":"shelf","physical_bookcase_id":66,"reserved_name":null,"reserved_faculty":null,"reserved":false},"geometry":{"type":"Polygon","coordinates":[[[30,15],[28,15],[28,16],[30,16],[30,15]]]}},{"type":"Feature","properties":{"shelf_id":"396B","bookcase_id":"66B","shelf_in_case":6,"side":"back","type":"shelf","physical_bookcase_id":66,"reserved_name":null,"reserved_faculty":null,"reserved":false},"geometry":{"type":"Polygon","coordinates":[[[30,14],[28,14],[28,15],[30,15],[30,14]]]}},{"type":"Feature","properties":{"shelf_id":"397B","bookcase_id":"67B","shelf_in_case":1,"side":"back","type":"shelf","physical_bookcase_id":67,"reserved_name":null,"reserved_faculty":null,"reserved":false},"geometry":{"type":"Polygon","coordinates":[[[28,19],[26,19],[26,20],[28,20],[28,19]]]}},{"type":"Feature","properties":{"shelf_id":"398B","bookcase_id":"67B","shelf_in_case":2,"side":"back","type":"shelf","physical_bookcase_id":67,"reserved_name":null,"reserved_faculty":null,"reserved":false},"geometry":{"type":"Polygon","coordinates":[[[28,18],[26,18],[26,19],[28,19],[28,18]]]}},{"type":"Feature","properties":{"shelf_id":"399B","bookcase_id":"67B","shelf_in_case":3,"side":"back","type":"shelf","physical_bookcase_id":67,"reserved_name":null,"reserved_faculty":null,"reserved":false},"geometry":{"type":"Polygon","coordinates":[[[28,17],[26,17],[26,18],[28,18],[28,17]]]}},{"type":"Feature","properties":{"shelf_id":"400B","bookcase_id":"67B","shelf_in_case":4,"side":"back","type":"shelf","physical_bookcase_id":67,"reserved_name":null,"reserved_faculty":null,"reserved":false},"geometry":{"type":"Polygon","coordinates":[[[28,16],[26,16],[26,17],[28,17],[28,16]]]}},{"type":"Feature","properties":{"shelf_id":"401B","bookcase_id":"67B","shelf_in_case":5,"side":"back","type":"shelf","physical_bookcase_id":67,"reserved_name":null,"reserved_faculty":null,"reserved":false},"geometry":{"type":"Polygon","coordinates":[[[28,15],[26,15],[26,16],[28,16],[28,15]]]}},{"type":"Feature","properties":{"shelf_id":"402B","bookcase_id":"67B","shelf_in_case":6,"side":"back","type":"shelf","physical_bookcase_id":67,"reserved_name":null,"reserved_faculty":null,"reserved":false},"geometry":{"type":"Polygon","coordinates":[[[28,14],[26,14],[26,15],[28,15],[28,14]]]}},{"type":"Feature","properties":{"shelf_id":"403B","bookcase_id":"68B","shelf_in_case":1,"side":"back","type":"shelf","physical_bookcase_id":68,"reserved_name":null,"reserved_faculty":null,"reserved":false},"geometry":{"type":"Polygon","coordinates":[[[26,19],[24,19],[24,20],[26,20],[26,19]]]}},{"type":"Feature","properties":{"shelf_id":"404B","bookcase_id":"68B","shelf_in_case":2,"side":"back","type":"shelf","physical_bookcase_id":68,"reserved_name":null,"reserved_faculty":null,"reserved":false},"geometry":{"type":"Polygon","coordinates":[[[26,18],[24,18],[24,19],[26,19],[26,18]]]}},{"type":"Feature","properties":{"shelf_id":"405B","bookcase_id":"68B","shelf_in_case":3,"side":"back","type":"shelf","physical_bookcase_id":68,"reserved_name":null,"reserved_faculty":null,"reserved":false},"geometry":{"type":"Polygon","coordinates":[[[26,17],[24,17],[24,18],[26,18],[26,17]]]}},{"type":"Feature","properties":{"shelf_id":"406B","bookcase_id":"68B","shelf_in_case":4,"side":"back","type":"shelf","physical_bookcase_id":68,"reserved_name":null,"reserved_faculty":null,"reserved":false},"geometry":{"type":"Polygon","coordinates":[[[26,16],[24,16],[24,17],[26,17],[26,16]]]}},{"type":"Feature","properties":{"shelf_id":"407B","bookcase_id":"68B","shelf_in_case":5,"side":"back","type":"shelf","physical_bookcase_id":68,"reserved_name":null,"reserved_faculty":null,"reserved":false},"geometry":{"type":"Polygon","coordinates":[[[26,15],[24,15],[24,16],[26,16],[26,15]]]}},{"type":"Feature","properties":{"shelf_id":"408B","bookcase_id":"68B","shelf_in_case":6,"side":"back","type":"shelf","physical_bookcase_id":68,"reserved_name":null,"reserved_faculty":null,"reserved":false},"geometry":{"type":"Polygon","coordinates":[[[26,14],[24,14],[24,15],[26,15],[26,14]]]}},{"type":"Feature","properties":{"shelf_id":"409B","bookcase_id":"69B","shelf_in_case":1,"side":"back","type":"shelf","physical_bookcase_id":69,"reserved_name":null,"reserved_faculty":null,"reserved":false},"geometry":{"type":"Polygon","coordinates":[[[24,19],[22,19],[22,20],[24,20],[24,19]]]}},{"type":"Feature","properties":{"shelf_id":"410B","bookcase_id":"69B","shelf_in_case":2,"side":"back","type":"shelf","physical_bookcase_id":69,"reserved_name":null,"reserved_faculty":null,"reserved":false},"geometry":{"type":"Polygon","coordinates":[[[24,18],[22,18],[22,19],[24,19],[24,18]]]}},{"type":"Feature","properties":{"shelf_id":"411B","bookcase_id":"69B","shelf_in_case":3,"side":"back","type":"shelf","physical_bookcase_id":69,"reserved_name":null,"reserved_faculty":null,"reserved":false},"geometry":{"type":"Polygon","coordinates":[[[24,17],[22,17],[22,18],[24,18],[24,17]]]}},{"type":"Feature","properties":{"shelf_id":"412B","bookcase_id":"69B","shelf_in_case":4,"side":"back","type":"shelf","physical_bookcase_id":69,"reserved_name":null,"reserved_faculty":null,"reserved":false},"geometry":{"type":"Polygon","coordinates":[[[24,16],[22,16],[22,17],[24,17],[24,16]]]}},{"type":"Feature","properties":{"shelf_id":"413B","bookcase_id":"69B","shelf_in_case":5,"side":"back","type":"shelf","physical_bookcase_id":69,"reserved_name":null,"reserved_faculty":null,"reserved":false},"geometry":{"type":"Polygon","coordinates":[[[24,15],[22,15],[22,16],[24,16],[24,15]]]}},{"type":"Feature","properties":{"shelf_id":"414B","bookcase_id":"69B","shelf_in_case":6,"side":"back","type":"shelf","physical_bookcase_id":69,"reserved_name":null,"reserved_faculty":null,"reserved":false},"geometry":{"type":"Polygon","coordinates":[[[24,14],[22,14],[22,15],[24,15],[24,14]]]}},{"type":"Feature","properties":{"shelf_id":"415B","bookcase_id":"70B","shelf_in_case":1,"side":"back","type":"shelf","physical_bookcase_id":70,"reserved_name":null,"reserved_faculty":null,"reserved":false},"geometry":{"type":"Polygon","coordinates":[[[22,19],[20,19],[20,20],[22,20],[22,19]]]}},{"type":"Feature","properties":{"shelf_id":"416B","bookcase_id":"70B","shelf_in_case":2,"side":"back","type":"shelf","physical_bookcase_id":70,"reserved_name":null,"reserved_faculty":null,"reserved":false},"geometry":{"type":"Polygon","coordinates":[[[22,18],[20,18],[20,19],[22,19],[22,18]]]}},{"type":"Feature","properties":{"shelf_id":"417B","bookcase_id":"70B","shelf_in_case":3,"side":"back","type":"shelf","physical_bookcase_id":70,"reserved_name":null,"reserved_faculty":null,"reserved":false},"geometry":{"type":"Polygon","coordinates":[[[22,17],[20,17],[20,18],[22,18],[22,17]]]}},{"type":"Feature","properties":{"shelf_id":"418B","bookcase_id":"70B","shelf_in_case":4,"side":"back","type":"shelf","physical_bookcase_id":70,"reserved_name":null,"reserved_faculty":null,"reserved":false},"geometry":{"type":"Polygon","coordinates":[[[22,16],[20,16],[20,17],[22,17],[22,16]]]}},{"type":"Feature","properties":{"shelf_id":"419B","bookcase_id":"70B","shelf_in_case":5,"side":"back","type":"shelf","physical_bookcase_id":70,"reserved_name":null,"reserved_faculty":null,"reserved":false},"geometry":{"type":"Polygon","coordinates":[[[22,15],[20,15],[20,16],[22,16],[22,15]]]}},{"type":"Feature","properties":{"shelf_id":"420B","bookcase_id":"70B","shelf_in_case":6,"side":"back","type":"shelf","physical_bookcase_id":70,"reserved_name":null,"reserved_faculty":null,"reserved":false},"geometry":{"type":"Polygon","coordinates":[[[22,14],[20,14],[20,15],[22,15],[22,14]]]}},{"type":"Feature","properties":{"shelf_id":"421B","bookcase_id":"71B","shelf_in_case":1,"side":"back","type":"shelf","physical_bookcase_id":71,"reserved_name":null,"reserved_faculty":null,"reserved":false},"geometry":{"type":"Polygon","coordinates":[[[20,19],[18,19],[18,20],[20,20],[20,19]]]}},{"type":"Feature","properties":{"shelf_id":"422B","bookcase_id":"71B","shelf_in_case":2,"side":"back","type":"shelf","physical_bookcase_id":71,"reserved_name":null,"reserved_faculty":null,"reserved":false},"geometry":{"type":"Polygon","coordinates":[[[20,18],[18,18],[18,19],[20,19],[20,18]]]}},{"type":"Feature","properties":{"shelf_id":"423B","bookcase_id":"71B","shelf_in_case":3,"side":"back","type":"shelf","physical_bookcase_id":71,"reserved_name":null,"reserved_faculty":null,"reserved":false},"geometry":{"type":"Polygon","coordinates":[[[20,17],[18,17],[18,18],[20,18],[20,17]]]}},{"type":"Feature","properties":{"shelf_id":"424B","bookcase_id":"71B","shelf_in_case":4,"side":"back","type":"shelf","physical_bookcase_id":71,"reserved_name":null,"reserved_faculty":null,"reserved":false},"geometry":{"type":"Polygon","coordinates":[[[20,16],[18,16],[18,17],[20,17],[20,16]]]}},{"type":"Feature","properties":{"shelf_id":"425B","bookcase_id":"71B","shelf_in_case":5,"side":"back","type":"shelf","physical_bookcase_id":71,"reserved_name":null,"reserved_faculty":null,"reserved":false},"geometry":{"type":"Polygon","coordinates":[[[20,15],[18,15],[18,16],[20,16],[20,15]]]}},{"type":"Feature","properties":{"shelf_id":"426B","bookcase_id":"71B","shelf_in_case":6,"side":"back","type":"shelf","physical_bookcase_id":71,"reserved_name":null,"reserved_faculty":null,"reserved":false},"geometry":{"type":"Polygon","coordinates":[[[20,14],[18,14],[18,15],[20,15],[20,14]]]}},{"type":"Feature","properties":{"shelf_id":"427B","bookcase_id":"72B","shelf_in_case":1,"side":"back","type":"shelf","physical_bookcase_id":72,"reserved_name":null,"reserved_faculty":null,"reserved":false},"geometry":{"type":"Polygon","coordinates":[[[18,19],[16,19],[16,20],[18,20],[18,19]]]}},{"type":"Feature","properties":{"shelf_id":"428B","bookcase_id":"72B","shelf_in_case":2,"side":"back","type":"shelf","physical_bookcase_id":72,"reserved_name":null,"reserved_faculty":null,"reserved":false},"geometry":{"type":"Polygon","coordinates":[[[18,18],[16,18],[16,19],[18,19],[18,18]]]}},{"type":"Feature","properties":{"shelf_id":"429B","bookcase_id":"72B","shelf_in_case":3,"side":"back","type":"shelf","physical_bookcase_id":72,"reserved_name":null,"reserved_faculty":null,"reserved":false},"geometry":{"type":"Polygon","coordinates":[[[18,17],[16,17],[16,18],[18,18],[18,17]]]}},{"type":"Feature","properties":{"shelf_id":"430B","bookcase_id":"72B","shelf_in_case":4,"side":"back","type":"shelf","physical_bookcase_id":72,"reserved_name":null,"reserved_faculty":null,"reserved":false},"geometry":{"type":"Polygon","coordinates":[[[18,16],[16,16],[16,17],[18,17],[18,16]]]}},{"type":"Feature","properties":{"shelf_id":"431B","bookcase_id":"72B","shelf_in_case":5,"side":"back","type":"shelf","physical_bookcase_id":72,"reserved_name":null,"reserved_faculty":null,"reserved":false},"geometry":{"type":"Polygon","coordinates":[[[18,15],[16,15],[16,16],[18,16],[18,15]]]}},{"type":"Feature","properties":{"shelf_id":"432B","bookcase_id":"72B","shelf_in_case":6,"side":"back","type":"shelf","physical_bookcase_id":72,"reserved_name":null,"reserved_faculty":null,"reserved":false},"geometry":{"type":"Polygon","coordinates":[[[18,14],[16,14],[16,15],[18,15],[18,14]]]}},{"type":"Feature","properties":{"shelf_id":"433B","bookcase_id":"73B","shelf_in_case":1,"side":"back","type":"shelf","physical_bookcase_id":73,"reserved_name":null,"reserved_faculty":null,"reserved":false},"geometry":{"type":"Polygon","coordinates":[[[16,19],[14,19],[14,20],[16,20],[16,19]]]}},{"type":"Feature","properties":{"shelf_id":"434B","bookcase_id":"73B","shelf_in_case":2,"side":"back","type":"shelf","physical_bookcase_id":73,"reserved_name":null,"reserved_faculty":null,"reserved":false},"geometry":{"type":"Polygon","coordinates":[[[16,18],[14,18],[14,19],[16,19],[16,18]]]}},{"type":"Feature","properties":{"shelf_id":"435B","bookcase_id":"73B","shelf_in_case":3,"side":"back","type":"shelf","physical_bookcase_id":73,"reserved_name":null,"reserved_faculty":null,"reserved":false},"geometry":{"type":"Polygon","coordinates":[[[16,17],[14,17],[14,18],[16,18],[16,17]]]}},{"type":"Feature","properties":{"shelf_id":"436B","bookcase_id":"73B","shelf_in_case":4,"side":"back","type":"shelf","physical_bookcase_id":73,"reserved_name":null,"reserved_faculty":null,"reserved":false},"geometry":{"type":"Polygon","coordinates":[[[16,16],[14,16],[14,17],[16,17],[16,16]]]}},{"type":"Feature","properties":{"shelf_id":"437B","bookcase_id":"73B","shelf_in_case":5,"side":"back","type":"shelf","physical_bookcase_id":73,"reserved_name":null,"reserved_faculty":null,"reserved":false},"geometry":{"type":"Polygon","coordinates":[[[16,15],[14,15],[14,16],[16,16],[16,15]]]}},{"type":"Feature","properties":{"shelf_id":"438B","bookcase_id":"73B","shelf_in_case":6,"side":"back","type":"shelf","physical_bookcase_id":73,"reserved_name":null,"reserved_faculty":null,"reserved":false},"geometry":{"type":"Polygon","coordinates":[[[16,14],[14,14],[14,15],[16,15],[16,14]]]}},{"type":"Feature","properties":{"shelf_id":"439B","bookcase_id":"74B","shelf_in_case":1,"side":"back","type":"shelf","physical_bookcase_id":74,"reserved_name":null,"reserved_faculty":null,"reserved":false},"geometry":{"type":"Polygon","coordinates":[[[12,19],[10,19],[10,20],[12,20],[12,19]]]}},{"type":"Feature","properties":{"shelf_id":"440B","bookcase_id":"74B","shelf_in_case":2,"side":"back","type":"shelf","physical_bookcase_id":74,"reserved_name":null,"reserved_faculty":null,"reserved":false},"geometry":{"type":"Polygon","coordinates":[[[12,18],[10,18],[10,19],[12,19],[12,18]]]}},{"type":"Feature","properties":{"shelf_id":"441B","bookcase_id":"74B","shelf_in_case":3,"side":"back","type":"shelf","physical_bookcase_id":74,"reserved_name":null,"reserved_faculty":null,"reserved":false},"geometry":{"type":"Polygon","coordinates":[[[12,17],[10,17],[10,18],[12,18],[12,17]]]}},{"type":"Feature","properties":{"shelf_id":"442B","bookcase_id":"74B","shelf_in_case":4,"side":"back","type":"shelf","physical_bookcase_id":74,"reserved_name":null,"reserved_faculty":null,"reserved":false},"geometry":{"type":"Polygon","coordinates":[[[12,16],[10,16],[10,17],[12,17],[12,16]]]}},{"type":"Feature","properties":{"shelf_id":"443B","bookcase_id":"74B","shelf_in_case":5,"side":"back","type":"shelf","physical_bookcase_id":74,"reserved_name":null,"reserved_faculty":null,"reserved":false},"geometry":{"type":"Polygon","coordinates":[[[12,15],[10,15],[10,16],[12,16],[12,15]]]}},{"type":"Feature","properties":{"shelf_id":"444B","bookcase_id":"74B","shelf_in_case":6,"side":"back","type":"shelf","physical_bookcase_id":74,"reserved_name":null,"reserved_faculty":null,"reserved":false},"geometry":{"type":"Polygon","coordinates":[[[12,14],[10,14],[10,15],[12,15],[12,14]]]}},{"type":"Feature","properties":{"shelf_id":"445B","bookcase_id":"75B","shelf_in_case":1,"side":"back","type":"shelf","physical_bookcase_id":75,"reserved_name":null,"reserved_faculty":null,"reserved":false},"geometry":{"type":"Polygon","coordinates":[[[10,19],[8,19],[8,20],[10,20],[10,19]]]}},{"type":"Feature","properties":{"shelf_id":"446B","bookcase_id":"75B","shelf_in_case":2,"side":"back","type":"shelf","physical_bookcase_id":75,"reserved_name":null,"reserved_faculty":null,"reserved":false},"geometry":{"type":"Polygon","coordinates":[[[10,18],[8,18],[8,19],[10,19],[10,18]]]}},{"type":"Feature","properties":{"shelf_id":"447B","bookcase_id":"75B","shelf_in_case":3,"side":"back","type":"shelf","physical_bookcase_id":75,"reserved_name":null,"reserved_faculty":null,"reserved":false},"geometry":{"type":"Polygon","coordinates":[[[10,17],[8,17],[8,18],[10,18],[10,17]]]}},{"type":"Feature","properties":{"shelf_id":"448B","bookcase_id":"75B","shelf_in_case":4,"side":"back","type":"shelf","physical_bookcase_id":75,"reserved_name":null,"reserved_faculty":null,"reserved":false},"geometry":{"type":"Polygon","coordinates":[[[10,16],[8,16],[8,17],[10,17],[10,16]]]}},{"type":"Feature","properties":{"shelf_id":"449B","bookcase_id":"75B","shelf_in_case":5,"side":"back","type":"shelf","physical_bookcase_id":75,"reserved_name":null,"reserved_faculty":null,"reserved":false},"geometry":{"type":"Polygon","coordinates":[[[10,15],[8,15],[8,16],[10,16],[10,15]]]}},{"type":"Feature","properties":{"shelf_id":"450B","bookcase_id":"75B","shelf_in_case":6,"side":"back","type":"shelf","physical_bookcase_id":75,"reserved_name":null,"reserved_faculty":null,"reserved":false},"geometry":{"type":"Polygon","coordinates":[[[10,14],[8,14],[8,15],[10,15],[10,14]]]}},{"type":"Feature","properties":{"shelf_id":"451B","bookcase_id":"76B","shelf_in_case":1,"side":"back","type":"shelf","physical_bookcase_id":76,"reserved_name":null,"reserved_faculty":null,"reserved":false},"geometry":{"type":"Polygon","coordinates":[[[8,19],[6,19],[6,20],[8,20],[8,19]]]}},{"type":"Feature","properties":{"shelf_id":"452B","bookcase_id":"76B","shelf_in_case":2,"side":"back","type":"shelf","physical_bookcase_id":76,"reserved_name":null,"reserved_faculty":null,"reserved":false},"geometry":{"type":"Polygon","coordinates":[[[8,18],[6,18],[6,19],[8,19],[8,18]]]}},{"type":"Feature","properties":{"shelf_id":"453B","bookcase_id":"76B","shelf_in_case":3,"side":"back","type":"shelf","physical_bookcase_id":76,"reserved_name":null,"reserved_faculty":null,"reserved":false},"geometry":{"type":"Polygon","coordinates":[[[8,17],[6,17],[6,18],[8,18],[8,17]]]}},{"type":"Feature","properties":{"shelf_id":"454B","bookcase_id":"76B","shelf_in_case":4,"side":"back","type":"shelf","physical_bookcase_id":76,"reserved_name":null,"reserved_faculty":null,"reserved":false},"geometry":{"type":"Polygon","coordinates":[[[8,16],[6,16],[6,17],[8,17],[8,16]]]}},{"type":"Feature","properties":{"shelf_id":"455B","bookcase_id":"76B","shelf_in_case":5,"side":"back","type":"shelf","physical_bookcase_id":76,"reserved_name":null,"reserved_faculty":null,"reserved":false},"geometry":{"type":"Polygon","coordinates":[[[8,15],[6,15],[6,16],[8,16],[8,15]]]}},{"type":"Feature","properties":{"shelf_id":"456B","bookcase_id":"76B","shelf_in_case":6,"side":"back","type":"shelf","physical_bookcase_id":76,"reserved_name":null,"reserved_faculty":null,"reserved":false},"geometry":{"type":"Polygon","coordinates":[[[8,14],[6,14],[6,15],[8,15],[8,14]]]}},{"type":"Feature","properties":{"shelf_id":"457B","bookcase_id":"77B","shelf_in_case":1,"side":"back","type":"shelf","physical_bookcase_id":77,"reserved_name":"AE Expo","reserved_faculty":"AE","reserved":true},"geometry":{"type":"Polygon","coordinates":[[[6,19],[4,19],[4,20],[6,20],[6,19]]]}},{"type":"Feature","properties":{"shelf_id":"458B","bookcase_id":"77B","shelf_in_case":2,"side":"back","type":"shelf","physical_bookcase_id":77,"reserved_name":"AE Expo","reserved_faculty":"AE","reserved":true},"geometry":{"type":"Polygon","coordinates":[[[6,18],[4,18],[4,19],[6,19],[6,18]]]}},{"type":"Feature","properties":{"shelf_id":"459B","bookcase_id":"77B","shelf_in_case":3,"side":"back","type":"shelf","physical_bookcase_id":77,"reserved_name":"AE Expo","reserved_faculty":"AE","reserved":true},"geometry":{"type":"Polygon","coordinates":[[[6,17],[4,17],[4,18],[6,18],[6,17]]]}},{"type":"Feature","properties":{"shelf_id":"460B","bookcase_id":"77B","shelf_in_case":4,"side":"back","type":"shelf","physical_bookcase_id":77,"reserved_name":"AE Expo","reserved_faculty":"AE","reserved":true},"geometry":{"type":"Polygon","coordinates":[[[6,16],[4,16],[4,17],[6,17],[6,16]]]}},{"type":"Feature","properties":{"shelf_id":"461B","bookcase_id":"77B","shelf_in_case":5,"side":"back","type":"shelf","physical_bookcase_id":77,"reserved_name":"AE Expo","reserved_faculty":"AE","reserved":true},"geometry":{"type":"Polygon","coordinates":[[[6,15],[4,15],[4,16],[6,16],[6,15]]]}},{"type":"Feature","properties":{"shelf_id":"462B","bookcase_id":"77B","shelf_in_case":6,"side":"back","type":"shelf","physical_bookcase_id":77,"reserved_name":"AE Expo","reserved_faculty":"AE","reserved":true},"geometry":{"type":"Polygon","coordinates":[[[6,14],[4,14],[4,15],[6,15],[6,14]]]}},{"type":"Feature","properties":{"shelf_id":"463B","bookcase_id":"78B","shelf_in_case":1,"side":"back","type":"shelf","physical_bookcase_id":78,"reserved_name":"AE Expo","reserved_faculty":"AE","reserved":true},"geometry":{"type":"Polygon","coordinates":[[[4,19],[2,19],[2,20],[4,20],[4,19]]]}},{"type":"Feature","properties":{"shelf_id":"464B","bookcase_id":"78B","shelf_in_case":2,"side":"back","type":"shelf","physical_bookcase_id":78,"reserved_name":"AE Expo","reserved_faculty":"AE","reserved":true},"geometry":{"type":"Polygon","coordinates":[[[4,18],[2,18],[2,19],[4,19],[4,18]]]}},{"type":"Feature","properties":{"shelf_id":"465B","bookcase_id":"78B","shelf_in_case":3,"side":"back","type":"shelf","physical_bookcase_id":78,"reserved_name":"AE Expo","reserved_faculty":"AE","reserved":true},"geometry":{"type":"Polygon","coordinates":[[[4,17],[2,17],[2,18],[4,18],[4,17]]]}},{"type":"Feature","properties":{"shelf_id":"466B","bookcase_id":"78B","shelf_in_case":4,"side":"back","type":"shelf","physical_bookcase_id":78,"reserved_name":"AE Expo","reserved_faculty":"AE","reserved":true},"geometry":{"type":"Polygon","coordinates":[[[4,16],[2,16],[2,17],[4,17],[4,16]]]}},{"type":"Feature","properties":{"shelf_id":"467B","bookcase_id":"78B","shelf_in_case":5,"side":"back","type":"shelf","physical_bookcase_id":78,"reserved_name":"AE Expo","reserved_faculty":"AE","reserved":true},"geometry":{"type":"Polygon","coordinates":[[[4,15],[2,15],[2,16],[4,16],[4,15]]]}},{"type":"Feature","properties":{"shelf_id":"468B","bookcase_id":"78B","shelf_in_case":6,"side":"back","type":"shelf","physical_bookcase_id":78,"reserved_name":"AE Expo","reserved_faculty":"AE","reserved":true},"geometry":{"type":"Polygon","coordinates":[[[4,14],[2,14],[2,15],[4,15],[4,14]]]}},{"type":"Feature","properties":{"shelf_id":"469B","bookcase_id":"79B","shelf_in_case":1,"side":"back","type":"shelf","physical_bookcase_id":79,"reserved_name":"AE Expo","reserved_faculty":"AE","reserved":true},"geometry":{"type":"Polygon","coordinates":[[[2,19],[0,19],[0,20],[2,20],[2,19]]]}},{"type":"Feature","properties":{"shelf_id":"470B","bookcase_id":"79B","shelf_in_case":2,"side":"back","type":"shelf","physical_bookcase_id":79,"reserved_name":"AE Expo","reserved_faculty":"AE","reserved":true},"geometry":{"type":"Polygon","coordinates":[[[2,18],[0,18],[0,19],[2,19],[2,18]]]}},{"type":"Feature","properties":{"shelf_id":"471B","bookcase_id":"79B","shelf_in_case":3,"side":"back","type":"shelf","physical_bookcase_id":79,"reserved_name":"AE Expo","reserved_faculty":"AE","reserved":true},"geometry":{"type":"Polygon","coordinates":[[[2,17],[0,17],[0,18],[2,18],[2,17]]]}},{"type":"Feature","properties":{"shelf_id":"472B","bookcase_id":"79B","shelf_in_case":4,"side":"back","type":"shelf","physical_bookcase_id":79,"reserved_name":"AE Expo","reserved_faculty":"AE","reserved":true},"geometry":{"type":"Polygon","coordinates":[[[2,16],[0,16],[0,17],[2,17],[2,16]]]}},{"type":"Feature","properties":{"shelf_id":"473B","bookcase_id":"79B","shelf_in_case":5,"side":"back","type":"shelf","physical_bookcase_id":79,"reserved_name":"AE Expo","reserved_faculty":"AE","reserved":true},"geometry":{"type":"Polygon","coordinates":[[[2,15],[0,15],[0,16],[2,16],[2,15]]]}},{"type":"Feature","properties":{"shelf_id":"474B","bookcase_id":"79B","shelf_in_case":6,"side":"back","type":"shelf","physical_bookcase_id":79,"reserved_name":"AE Expo","reserved_faculty":"AE","reserved":true},"geometry":{"type":"Polygon","coordinates":[[[2,14],[0,14],[0,15],[2,15],[2,14]]]}},{"type":"Feature","properties":{"shelf_id":"475B","bookcase_id":"80B","shelf_in_case":1,"side":"back","type":"shelf","physical_bookcase_id":80,"reserved_name":null,"reserved_faculty":null,"reserved":false},"geometry":{"type":"Polygon","coordinates":[[[114,12],[112,12],[112,13],[114,13],[114,12]]]}},{"type":"Feature","properties":{"shelf_id":"476B","bookcase_id":"80B","shelf_in_case":2,"side":"back","type":"shelf","physical_bookcase_id":80,"reserved_name":null,"reserved_faculty":null,"reserved":false},"geometry":{"type":"Polygon","coordinates":[[[114,11],[112,11],[112,12],[114,12],[114,11]]]}},{"type":"Feature","properties":{"shelf_id":"477B","bookcase_id":"80B","shelf_in_case":3,"side":"back","type":"shelf","physical_bookcase_id":80,"reserved_name":null,"reserved_faculty":null,"reserved":false},"geometry":{"type":"Polygon","coordinates":[[[114,10],[112,10],[112,11],[114,11],[114,10]]]}},{"type":"Feature","properties":{"shelf_id":"478B","bookcase_id":"80B","shelf_in_case":4,"side":"back","type":"shelf","physical_bookcase_id":80,"reserved_name":null,"reserved_faculty":null,"reserved":false},"geometry":{"type":"Polygon","coordinates":[[[114,9],[112,9],[112,10],[114,10],[114,9]]]}},{"type":"Feature","properties":{"shelf_id":"479B","bookcase_id":"80B","shelf_in_case":5,"side":"back","type":"shelf","physical_bookcase_id":80,"reserved_name":null,"reserved_faculty":null,"reserved":false},"geometry":{"type":"Polygon","coordinates":[[[114,8],[112,8],[112,9],[114,9],[114,8]]]}},{"type":"Feature","properties":{"shelf_id":"480B","bookcase_id":"80B","shelf_in_case":6,"side":"back","type":"shelf","physical_bookcase_id":80,"reserved_name":null,"reserved_faculty":null,"reserved":false},"geometry":{"type":"Polygon","coordinates":[[[114,7],[112,7],[112,8],[114,8],[114,7]]]}},{"type":"Feature","properties":{"shelf_id":"481B","bookcase_id":"81B","shelf_in_case":1,"side":"back","type":"shelf","physical_bookcase_id":81,"reserved_name":null,"reserved_faculty":null,"reserved":false},"geometry":{"type":"Polygon","coordinates":[[[112,12],[110,12],[110,13],[112,13],[112,12]]]}},{"type":"Feature","properties":{"shelf_id":"482B","bookcase_id":"81B","shelf_in_case":2,"side":"back","type":"shelf","physical_bookcase_id":81,"reserved_name":null,"reserved_faculty":null,"reserved":false},"geometry":{"type":"Polygon","coordinates":[[[112,11],[110,11],[110,12],[112,12],[112,11]]]}},{"type":"Feature","properties":{"shelf_id":"483B","bookcase_id":"81B","shelf_in_case":3,"side":"back","type":"shelf","physical_bookcase_id":81,"reserved_name":null,"reserved_faculty":null,"reserved":false},"geometry":{"type":"Polygon","coordinates":[[[112,10],[110,10],[110,11],[112,11],[112,10]]]}},{"type":"Feature","properties":{"shelf_id":"484B","bookcase_id":"81B","shelf_in_case":4,"side":"back","type":"shelf","physical_bookcase_id":81,"reserved_name":null,"reserved_faculty":null,"reserved":false},"geometry":{"type":"Polygon","coordinates":[[[112,9],[110,9],[110,10],[112,10],[112,9]]]}},{"type":"Feature","properties":{"shelf_id":"485B","bookcase_id":"81B","shelf_in_case":5,"side":"back","type":"shelf","physical_bookcase_id":81,"reserved_name":null,"reserved_faculty":null,"reserved":false},"geometry":{"type":"Polygon","coordinates":[[[112,8],[110,8],[110,9],[112,9],[112,8]]]}},{"type":"Feature","properties":{"shelf_id":"486B","bookcase_id":"81B","shelf_in_case":6,"side":"back","type":"shelf","physical_bookcase_id":81,"reserved_name":null,"reserved_faculty":null,"reserved":false},"geometry":{"type":"Polygon","coordinates":[[[112,7],[110,7],[110,8],[112,8],[112,7]]]}},{"type":"Feature","properties":{"shelf_id":"487B","bookcase_id":"82B","shelf_in_case":1,"side":"back","type":"shelf","physical_bookcase_id":82,"reserved_name":"BK Expo","reserved_faculty":"BK","reserved":true},"geometry":{"type":"Polygon","coordinates":[[[108,12],[106,12],[106,13],[108,13],[108,12]]]}},{"type":"Feature","properties":{"shelf_id":"488B","bookcase_id":"82B","shelf_in_case":2,"side":"back","type":"shelf","physical_bookcase_id":82,"reserved_name":"BK Expo","reserved_faculty":"BK","reserved":true},"geometry":{"type":"Polygon","coordinates":[[[108,11],[106,11],[106,12],[108,12],[108,11]]]}},{"type":"Feature","properties":{"shelf_id":"489B","bookcase_id":"82B","shelf_in_case":3,"side":"back","type":"shelf","physical_bookcase_id":82,"reserved_name":"BK Expo","reserved_faculty":"BK","reserved":true},"geometry":{"type":"Polygon","coordinates":[[[108,10],[106,10],[106,11],[108,11],[108,10]]]}},{"type":"Feature","properties":{"shelf_id":"490B","bookcase_id":"82B","shelf_in_case":4,"side":"back","type":"shelf","physical_bookcase_id":82,"reserved_name":"BK Expo","reserved_faculty":"BK","reserved":true},"geometry":{"type":"Polygon","coordinates":[[[108,9],[106,9],[106,10],[108,10],[108,9]]]}},{"type":"Feature","properties":{"shelf_id":"491B","bookcase_id":"82B","shelf_in_case":5,"side":"back","type":"shelf","physical_bookcase_id":82,"reserved_name":"BK Expo","reserved_faculty":"BK","reserved":true},"geometry":{"type":"Polygon","coordinates":[[[108,8],[106,8],[106,9],[108,9],[108,8]]]}},{"type":"Feature","properties":{"shelf_id":"492B","bookcase_id":"82B","shelf_in_case":6,"side":"back","type":"shelf","physical_bookcase_id":82,"reserved_name":"BK Expo","reserved_faculty":"BK","reserved":true},"geometry":{"type":"Polygon","coordinates":[[[108,7],[106,7],[106,8],[108,8],[108,7]]]}},{"type":"Feature","properties":{"shelf_id":"493B","bookcase_id":"83B","shelf_in_case":1,"side":"back","type":"shelf","physical_bookcase_id":83,"reserved_name":"BK Expo","reserved_faculty":"BK","reserved":true},"geometry":{"type":"Polygon","coordinates":[[[106,12],[104,12],[104,13],[106,13],[106,12]]]}},{"type":"Feature","properties":{"shelf_id":"494B","bookcase_id":"83B","shelf_in_case":2,"side":"back","type":"shelf","physical_bookcase_id":83,"reserved_name":"BK Expo","reserved_faculty":"BK","reserved":true},"geometry":{"type":"Polygon","coordinates":[[[106,11],[104,11],[104,12],[106,12],[106,11]]]}},{"type":"Feature","properties":{"shelf_id":"495B","bookcase_id":"83B","shelf_in_case":3,"side":"back","type":"shelf","physical_bookcase_id":83,"reserved_name":"BK Expo","reserved_faculty":"BK","reserved":true},"geometry":{"type":"Polygon","coordinates":[[[106,10],[104,10],[104,11],[106,11],[106,10]]]}},{"type":"Feature","properties":{"shelf_id":"496B","bookcase_id":"83B","shelf_in_case":4,"side":"back","type":"shelf","physical_bookcase_id":83,"reserved_name":"BK Expo","reserved_faculty":"BK","reserved":true},"geometry":{"type":"Polygon","coordinates":[[[106,9],[104,9],[104,10],[106,10],[106,9]]]}},{"type":"Feature","properties":{"shelf_id":"497B","bookcase_id":"83B","shelf_in_case":5,"side":"back","type":"shelf","physical_bookcase_id":83,"reserved_name":"BK Expo","reserved_faculty":"BK","reserved":true},"geometry":{"type":"Polygon","coordinates":[[[106,8],[104,8],[104,9],[106,9],[106,8]]]}},{"type":"Feature","properties":{"shelf_id":"498B","bookcase_id":"83B","shelf_in_case":6,"side":"back","type":"shelf","physical_bookcase_id":83,"reserved_name":"BK Expo","reserved_faculty":"BK","reserved":true},"geometry":{"type":"Polygon","coordinates":[[[106,7],[104,7],[104,8],[106,8],[106,7]]]}},{"type":"Feature","properties":{"shelf_id":"499B","bookcase_id":"84B","shelf_in_case":1,"side":"back","type":"shelf","physical_bookcase_id":84,"reserved_name":"BK Expo","reserved_faculty":"BK","reserved":true},"geometry":{"type":"Polygon","coordinates":[[[104,12],[102,12],[102,13],[104,13],[104,12]]]}},{"type":"Feature","properties":{"shelf_id":"500B","bookcase_id":"84B","shelf_in_case":2,"side":"back","type":"shelf","physical_bookcase_id":84,"reserved_name":"BK Expo","reserved_faculty":"BK","reserved":true},"geometry":{"type":"Polygon","coordinates":[[[104,11],[102,11],[102,12],[104,12],[104,11]]]}},{"type":"Feature","properties":{"shelf_id":"501B","bookcase_id":"84B","shelf_in_case":3,"side":"back","type":"shelf","physical_bookcase_id":84,"reserved_name":"BK Expo","reserved_faculty":"BK","reserved":true},"geometry":{"type":"Polygon","coordinates":[[[104,10],[102,10],[102,11],[104,11],[104,10]]]}},{"type":"Feature","properties":{"shelf_id":"502B","bookcase_id":"84B","shelf_in_case":4,"side":"back","type":"shelf","physical_bookcase_id":84,"reserved_name":"BK Expo","reserved_faculty":"BK","reserved":true},"geometry":{"type":"Polygon","coordinates":[[[104,9],[102,9],[102,10],[104,10],[104,9]]]}},{"type":"Feature","properties":{"shelf_id":"503B","bookcase_id":"84B","shelf_in_case":5,"side":"back","type":"shelf","physical_bookcase_id":84,"reserved_name":"BK Expo","reserved_faculty":"BK","reserved":true},"geometry":{"type":"Polygon","coordinates":[[[104,8],[102,8],[102,9],[104,9],[104,8]]]}},{"type":"Feature","properties":{"shelf_id":"504B","bookcase_id":"84B","shelf_in_case":6,"side":"back","type":"shelf","physical_bookcase_id":84,"reserved_name":"BK Expo","reserved_faculty":"BK","reserved":true},"geometry":{"type":"Polygon","coordinates":[[[104,7],[102,7],[102,8],[104,8],[104,7]]]}},{"type":"Feature","properties":{"shelf_id":"505B","bookcase_id":"85B","shelf_in_case":1,"side":"back","type":"shelf","physical_bookcase_id":85,"reserved_name":null,"reserved_faculty":null,"reserved":false},"geometry":{"type":"Polygon","coordinates":[[[102,12],[100,12],[100,13],[102,13],[102,12]]]}},{"type":"Feature","properties":{"shelf_id":"506B","bookcase_id":"85B","shelf_in_case":2,"side":"back","type":"shelf","physical_bookcase_id":85,"reserved_name":null,"reserved_faculty":null,"reserved":false},"geometry":{"type":"Polygon","coordinates":[[[102,11],[100,11],[100,12],[102,12],[102,11]]]}},{"type":"Feature","properties":{"shelf_id":"507B","bookcase_id":"85B","shelf_in_case":3,"side":"back","type":"shelf","physical_bookcase_id":85,"reserved_name":null,"reserved_faculty":null,"reserved":false},"geometry":{"type":"Polygon","coordinates":[[[102,10],[100,10],[100,11],[102,11],[102,10]]]}},{"type":"Feature","properties":{"shelf_id":"508B","bookcase_id":"85B","shelf_in_case":4,"side":"back","type":"shelf","physical_bookcase_id":85,"reserved_name":null,"reserved_faculty":null,"reserved":false},"geometry":{"type":"Polygon","coordinates":[[[102,9],[100,9],[100,10],[102,10],[102,9]]]}},{"type":"Feature","properties":{"shelf_id":"509B","bookcase_id":"85B","shelf_in_case":5,"side":"back","type":"shelf","physical_bookcase_id":85,"reserved_name":null,"reserved_faculty":null,"reserved":false},"geometry":{"type":"Polygon","coordinates":[[[102,8],[100,8],[100,9],[102,9],[102,8]]]}},{"type":"Feature","properties":{"shelf_id":"510B","bookcase_id":"85B","shelf_in_case":6,"side":"back","type":"shelf","physical_bookcase_id":85,"reserved_name":null,"reserved_faculty":null,"reserved":false},"geometry":{"type":"Polygon","coordinates":[[[102,7],[100,7],[100,8],[102,8],[102,7]]]}},{"type":"Feature","properties":{"shelf_id":"511B","bookcase_id":"86B","shelf_in_case":1,"side":"back","type":"shelf","physical_bookcase_id":86,"reserved_name":null,"reserved_faculty":null,"reserved":false},"geometry":{"type":"Polygon","coordinates":[[[100,12],[98,12],[98,13],[100,13],[100,12]]]}},{"type":"Feature","properties":{"shelf_id":"512B","bookcase_id":"86B","shelf_in_case":2,"side":"back","type":"shelf","physical_bookcase_id":86,"reserved_name":null,"reserved_faculty":null,"reserved":false},"geometry":{"type":"Polygon","coordinates":[[[100,11],[98,11],[98,12],[100,12],[100,11]]]}},{"type":"Feature","properties":{"shelf_id":"513B","bookcase_id":"86B","shelf_in_case":3,"side":"back","type":"shelf","physical_bookcase_id":86,"reserved_name":null,"reserved_faculty":null,"reserved":false},"geometry":{"type":"Polygon","coordinates":[[[100,10],[98,10],[98,11],[100,11],[100,10]]]}},{"type":"Feature","properties":{"shelf_id":"514B","bookcase_id":"86B","shelf_in_case":4,"side":"back","type":"shelf","physical_bookcase_id":86,"reserved_name":null,"reserved_faculty":null,"reserved":false},"geometry":{"type":"Polygon","coordinates":[[[100,9],[98,9],[98,10],[100,10],[100,9]]]}},{"type":"Feature","properties":{"shelf_id":"515B","bookcase_id":"86B","shelf_in_case":5,"side":"back","type":"shelf","physical_bookcase_id":86,"reserved_name":null,"reserved_faculty":null,"reserved":false},"geometry":{"type":"Polygon","coordinates":[[[100,8],[98,8],[98,9],[100,9],[100,8]]]}},{"type":"Feature","properties":{"shelf_id":"516B","bookcase_id":"86B","shelf_in_case":6,"side":"back","type":"shelf","physical_bookcase_id":86,"reserved_name":null,"reserved_faculty":null,"reserved":false},"geometry":{"type":"Polygon","coordinates":[[[100,7],[98,7],[98,8],[100,8],[100,7]]]}},{"type":"Feature","properties":{"shelf_id":"517B","bookcase_id":"87B","shelf_in_case":1,"side":"back","type":"shelf","physical_bookcase_id":87,"reserved_name":null,"reserved_faculty":null,"reserved":false},"geometry":{"type":"Polygon","coordinates":[[[98,12],[96,12],[96,13],[98,13],[98,12]]]}},{"type":"Feature","properties":{"shelf_id":"518B","bookcase_id":"87B","shelf_in_case":2,"side":"back","type":"shelf","physical_bookcase_id":87,"reserved_name":null,"reserved_faculty":null,"reserved":false},"geometry":{"type":"Polygon","coordinates":[[[98,11],[96,11],[96,12],[98,12],[98,11]]]}},{"type":"Feature","properties":{"shelf_id":"519B","bookcase_id":"87B","shelf_in_case":3,"side":"back","type":"shelf","physical_bookcase_id":87,"reserved_name":null,"reserved_faculty":null,"reserved":false},"geometry":{"type":"Polygon","coordinates":[[[98,10],[96,10],[96,11],[98,11],[98,10]]]}},{"type":"Feature","properties":{"shelf_id":"520B","bookcase_id":"87B","shelf_in_case":4,"side":"back","type":"shelf","physical_bookcase_id":87,"reserved_name":null,"reserved_faculty":null,"reserved":false},"geometry":{"type":"Polygon","coordinates":[[[98,9],[96,9],[96,10],[98,10],[98,9]]]}},{"type":"Feature","properties":{"shelf_id":"521B","bookcase_id":"87B","shelf_in_case":5,"side":"back","type":"shelf","physical_bookcase_id":87,"reserved_name":null,"reserved_faculty":null,"reserved":false},"geometry":{"type":"Polygon","coordinates":[[[98,8],[96,8],[96,9],[98,9],[98,8]]]}},{"type":"Feature","properties":{"shelf_id":"522B","bookcase_id":"87B","shelf_in_case":6,"side":"back","type":"shelf","physical_bookcase_id":87,"reserved_name":null,"reserved_faculty":null,"reserved":false},"geometry":{"type":"Polygon","coordinates":[[[98,7],[96,7],[96,8],[98,8],[98,7]]]}},{"type":"Feature","properties":{"shelf_id":"523B","bookcase_id":"88B","shelf_in_case":1,"side":"back","type":"shelf","physical_bookcase_id":88,"reserved_name":null,"reserved_faculty":null,"reserved":false},"geometry":{"type":"Polygon","coordinates":[[[96,12],[94,12],[94,13],[96,13],[96,12]]]}},{"type":"Feature","properties":{"shelf_id":"524B","bookcase_id":"88B","shelf_in_case":2,"side":"back","type":"shelf","physical_bookcase_id":88,"reserved_name":null,"reserved_faculty":null,"reserved":false},"geometry":{"type":"Polygon","coordinates":[[[96,11],[94,11],[94,12],[96,12],[96,11]]]}},{"type":"Feature","properties":{"shelf_id":"525B","bookcase_id":"88B","shelf_in_case":3,"side":"back","type":"shelf","physical_bookcase_id":88,"reserved_name":null,"reserved_faculty":null,"reserved":false},"geometry":{"type":"Polygon","coordinates":[[[96,10],[94,10],[94,11],[96,11],[96,10]]]}},{"type":"Feature","properties":{"shelf_id":"526B","bookcase_id":"88B","shelf_in_case":4,"side":"back","type":"shelf","physical_bookcase_id":88,"reserved_name":null,"reserved_faculty":null,"reserved":false},"geometry":{"type":"Polygon","coordinates":[[[96,9],[94,9],[94,10],[96,10],[96,9]]]}},{"type":"Feature","properties":{"shelf_id":"527B","bookcase_id":"88B","shelf_in_case":5,"side":"back","type":"shelf","physical_bookcase_id":88,"reserved_name":null,"reserved_faculty":null,"reserved":false},"geometry":{"type":"Polygon","coordinates":[[[96,8],[94,8],[94,9],[96,9],[96,8]]]}},{"type":"Feature","properties":{"shelf_id":"528B","bookcase_id":"88B","shelf_in_case":6,"side":"back","type":"shelf","physical_bookcase_id":88,"reserved_name":null,"reserved_faculty":null,"reserved":false},"geometry":{"type":"Polygon","coordinates":[[[96,7],[94,7],[94,8],[96,8],[96,7]]]}},{"type":"Feature","properties":{"shelf_id":"529B","bookcase_id":"89B","shelf_in_case":1,"side":"back","type":"shelf","physical_bookcase_id":89,"reserved_name":null,"reserved_faculty":null,"reserved":false},"geometry":{"type":"Polygon","coordinates":[[[94,12],[92,12],[92,13],[94,13],[94,12]]]}},{"type":"Feature","properties":{"shelf_id":"530B","bookcase_id":"89B","shelf_in_case":2,"side":"back","type":"shelf","physical_bookcase_id":89,"reserved_name":null,"reserved_faculty":null,"reserved":false},"geometry":{"type":"Polygon","coordinates":[[[94,11],[92,11],[92,12],[94,12],[94,11]]]}},{"type":"Feature","properties":{"shelf_id":"531B","bookcase_id":"89B","shelf_in_case":3,"side":"back","type":"shelf","physical_bookcase_id":89,"reserved_name":null,"reserved_faculty":null,"reserved":false},"geometry":{"type":"Polygon","coordinates":[[[94,10],[92,10],[92,11],[94,11],[94,10]]]}},{"type":"Feature","properties":{"shelf_id":"532B","bookcase_id":"89B","shelf_in_case":4,"side":"back","type":"shelf","physical_bookcase_id":89,"reserved_name":null,"reserved_faculty":null,"reserved":false},"geometry":{"type":"Polygon","coordinates":[[[94,9],[92,9],[92,10],[94,10],[94,9]]]}},{"type":"Feature","properties":{"shelf_id":"533B","bookcase_id":"89B","shelf_in_case":5,"side":"back","type":"shelf","physical_bookcase_id":89,"reserved_name":null,"reserved_faculty":null,"reserved":false},"geometry":{"type":"Polygon","coordinates":[[[94,8],[92,8],[92,9],[94,9],[94,8]]]}},{"type":"Feature","properties":{"shelf_id":"534B","bookcase_id":"89B","shelf_in_case":6,"side":"back","type":"shelf","physical_bookcase_id":89,"reserved_name":null,"reserved_faculty":null,"reserved":false},"geometry":{"type":"Polygon","coordinates":[[[94,7],[92,7],[92,8],[94,8],[94,7]]]}},{"type":"Feature","properties":{"shelf_id":"535B","bookcase_id":"90B","shelf_in_case":1,"side":"back","type":"shelf","physical_bookcase_id":90,"reserved_name":null,"reserved_faculty":null,"reserved":false},"geometry":{"type":"Polygon","coordinates":[[[92,12],[90,12],[90,13],[92,13],[92,12]]]}},{"type":"Feature","properties":{"shelf_id":"536B","bookcase_id":"90B","shelf_in_case":2,"side":"back","type":"shelf","physical_bookcase_id":90,"reserved_name":null,"reserved_faculty":null,"reserved":false},"geometry":{"type":"Polygon","coordinates":[[[92,11],[90,11],[90,12],[92,12],[92,11]]]}},{"type":"Feature","properties":{"shelf_id":"537B","bookcase_id":"90B","shelf_in_case":3,"side":"back","type":"shelf","physical_bookcase_id":90,"reserved_name":null,"reserved_faculty":null,"reserved":false},"geometry":{"type":"Polygon","coordinates":[[[92,10],[90,10],[90,11],[92,11],[92,10]]]}},{"type":"Feature","properties":{"shelf_id":"538B","bookcase_id":"90B","shelf_in_case":4,"side":"back","type":"shelf","physical_bookcase_id":90,"reserved_name":null,"reserved_faculty":null,"reserved":false},"geometry":{"type":"Polygon","coordinates":[[[92,9],[90,9],[90,10],[92,10],[92,9]]]}},{"type":"Feature","properties":{"shelf_id":"539B","bookcase_id":"90B","shelf_in_case":5,"side":"back","type":"shelf","physical_bookcase_id":90,"reserved_name":null,"reserved_faculty":null,"reserved":false},"geometry":{"type":"Polygon","coordinates":[[[92,8],[90,8],[90,9],[92,9],[92,8]]]}},{"type":"Feature","properties":{"shelf_id":"540B","bookcase_id":"90B","shelf_in_case":6,"side":"back","type":"shelf","physical_bookcase_id":90,"reserved_name":null,"reserved_faculty":null,"reserved":false},"geometry":{"type":"Polygon","coordinates":[[[92,7],[90,7],[90,8],[92,8],[92,7]]]}},{"type":"Feature","properties":{"shelf_id":"541B","bookcase_id":"91B","shelf_in_case":1,"side":"back","type":"shelf","physical_bookcase_id":91,"reserved_name":null,"reserved_faculty":null,"reserved":false},"geometry":{"type":"Polygon","coordinates":[[[90,12],[88,12],[88,13],[90,13],[90,12]]]}},{"type":"Feature","properties":{"shelf_id":"542B","bookcase_id":"91B","shelf_in_case":2,"side":"back","type":"shelf","physical_bookcase_id":91,"reserved_name":null,"reserved_faculty":null,"reserved":false},"geometry":{"type":"Polygon","coordinates":[[[90,11],[88,11],[88,12],[90,12],[90,11]]]}},{"type":"Feature","properties":{"shelf_id":"543B","bookcase_id":"91B","shelf_in_case":3,"side":"back","type":"shelf","physical_bookcase_id":91,"reserved_name":null,"reserved_faculty":null,"reserved":false},"geometry":{"type":"Polygon","coordinates":[[[90,10],[88,10],[88,11],[90,11],[90,10]]]}},{"type":"Feature","properties":{"shelf_id":"544B","bookcase_id":"91B","shelf_in_case":4,"side":"back","type":"shelf","physical_bookcase_id":91,"reserved_name":null,"reserved_faculty":null,"reserved":false},"geometry":{"type":"Polygon","coordinates":[[[90,9],[88,9],[88,10],[90,10],[90,9]]]}},{"type":"Feature","properties":{"shelf_id":"545B","bookcase_id":"91B","shelf_in_case":5,"side":"back","type":"shelf","physical_bookcase_id":91,"reserved_name":null,"reserved_faculty":null,"reserved":false},"geometry":{"type":"Polygon","coordinates":[[[90,8],[88,8],[88,9],[90,9],[90,8]]]}},{"type":"Feature","properties":{"shelf_id":"546B","bookcase_id":"91B","shelf_in_case":6,"side":"back","type":"shelf","physical_bookcase_id":91,"reserved_name":null,"reserved_faculty":null,"reserved":false},"geometry":{"type":"Polygon","coordinates":[[[90,7],[88,7],[88,8],[90,8],[90,7]]]}},{"type":"Feature","properties":{"shelf_id":"547B","bookcase_id":"92B","shelf_in_case":1,"side":"back","type":"shelf","physical_bookcase_id":92,"reserved_name":null,"reserved_faculty":null,"reserved":false},"geometry":{"type":"Polygon","coordinates":[[[88,12],[86,12],[86,13],[88,13],[88,12]]]}},{"type":"Feature","properties":{"shelf_id":"548B","bookcase_id":"92B","shelf_in_case":2,"side":"back","type":"shelf","physical_bookcase_id":92,"reserved_name":null,"reserved_faculty":null,"reserved":false},"geometry":{"type":"Polygon","coordinates":[[[88,11],[86,11],[86,12],[88,12],[88,11]]]}},{"type":"Feature","properties":{"shelf_id":"549B","bookcase_id":"92B","shelf_in_case":3,"side":"back","type":"shelf","physical_bookcase_id":92,"reserved_name":null,"reserved_faculty":null,"reserved":false},"geometry":{"type":"Polygon","coordinates":[[[88,10],[86,10],[86,11],[88,11],[88,10]]]}},{"type":"Feature","properties":{"shelf_id":"550B","bookcase_id":"92B","shelf_in_case":4,"side":"back","type":"shelf","physical_bookcase_id":92,"reserved_name":null,"reserved_faculty":null,"reserved":false},"geometry":{"type":"Polygon","coordinates":[[[88,9],[86,9],[86,10],[88,10],[88,9]]]}},{"type":"Feature","properties":{"shelf_id":"551B","bookcase_id":"92B","shelf_in_case":5,"side":"back","type":"shelf","physical_bookcase_id":92,"reserved_name":null,"reserved_faculty":null,"reserved":false},"geometry":{"type":"Polygon","coordinates":[[[88,8],[86,8],[86,9],[88,9],[88,8]]]}},{"type":"Feature","properties":{"shelf_id":"552B","bookcase_id":"92B","shelf_in_case":6,"side":"back","type":"shelf","physical_bookcase_id":92,"reserved_name":null,"reserved_faculty":null,"reserved":false},"geometry":{"type":"Polygon","coordinates":[[[88,7],[86,7],[86,8],[88,8],[88,7]]]}},{"type":"Feature","properties":{"shelf_id":"553B","bookcase_id":"93B","shelf_in_case":1,"side":"back","type":"shelf","physical_bookcase_id":93,"reserved_name":null,"reserved_faculty":null,"reserved":false},"geometry":{"type":"Polygon","coordinates":[[[86,12],[84,12],[84,13],[86,13],[86,12]]]}},{"type":"Feature","properties":{"shelf_id":"554B","bookcase_id":"93B","shelf_in_case":2,"side":"back","type":"shelf","physical_bookcase_id":93,"reserved_name":null,"reserved_faculty":null,"reserved":false},"geometry":{"type":"Polygon","coordinates":[[[86,11],[84,11],[84,12],[86,12],[86,11]]]}},{"type":"Feature","properties":{"shelf_id":"555B","bookcase_id":"93B","shelf_in_case":3,"side":"back","type":"shelf","physical_bookcase_id":93,"reserved_name":null,"reserved_faculty":null,"reserved":false},"geometry":{"type":"Polygon","coordinates":[[[86,10],[84,10],[84,11],[86,11],[86,10]]]}},{"type":"Feature","properties":{"shelf_id":"556B","bookcase_id":"93B","shelf_in_case":4,"side":"back","type":"shelf","physical_bookcase_id":93,"reserved_name":null,"reserved_faculty":null,"reserved":false},"geometry":{"type":"Polygon","coordinates":[[[86,9],[84,9],[84,10],[86,10],[86,9]]]}},{"type":"Feature","properties":{"shelf_id":"557B","bookcase_id":"93B","shelf_in_case":5,"side":"back","type":"shelf","physical_bookcase_id":93,"reserved_name":null,"reserved_faculty":null,"reserved":false},"geometry":{"type":"Polygon","coordinates":[[[86,8],[84,8],[84,9],[86,9],[86,8]]]}},{"type":"Feature","properties":{"shelf_id":"558B","bookcase_id":"93B","shelf_in_case":6,"side":"back","type":"shelf","physical_bookcase_id":93,"reserved_name":null,"reserved_faculty":null,"reserved":false},"geometry":{"type":"Polygon","coordinates":[[[86,7],[84,7],[84,8],[86,8],[86,7]]]}},{"type":"Feature","properties":{"shelf_id":"559B","bookcase_id":"94B","shelf_in_case":1,"side":"back","type":"shelf","physical_bookcase_id":94,"reserved_name":"IDE Expo","reserved_faculty":"IDE","reserved":true},"geometry":{"type":"Polygon","coordinates":[[[82,12],[80,12],[80,13],[82,13],[82,12]]]}},{"type":"Feature","properties":{"shelf_id":"560B","bookcase_id":"94B","shelf_in_case":2,"side":"back","type":"shelf","physical_bookcase_id":94,"reserved_name":"IDE Expo","reserved_faculty":"IDE","reserved":true},"geometry":{"type":"Polygon","coordinates":[[[82,11],[80,11],[80,12],[82,12],[82,11]]]}},{"type":"Feature","properties":{"shelf_id":"561B","bookcase_id":"94B","shelf_in_case":3,"side":"back","type":"shelf","physical_bookcase_id":94,"reserved_name":"IDE Expo","reserved_faculty":"IDE","reserved":true},"geometry":{"type":"Polygon","coordinates":[[[82,10],[80,10],[80,11],[82,11],[82,10]]]}},{"type":"Feature","properties":{"shelf_id":"562B","bookcase_id":"94B","shelf_in_case":4,"side":"back","type":"shelf","physical_bookcase_id":94,"reserved_name":"IDE Expo","reserved_faculty":"IDE","reserved":true},"geometry":{"type":"Polygon","coordinates":[[[82,9],[80,9],[80,10],[82,10],[82,9]]]}},{"type":"Feature","properties":{"shelf_id":"563B","bookcase_id":"94B","shelf_in_case":5,"side":"back","type":"shelf","physical_bookcase_id":94,"reserved_name":"IDE Expo","reserved_faculty":"IDE","reserved":true},"geometry":{"type":"Polygon","coordinates":[[[82,8],[80,8],[80,9],[82,9],[82,8]]]}},{"type":"Feature","properties":{"shelf_id":"564B","bookcase_id":"94B","shelf_in_case":6,"side":"back","type":"shelf","physical_bookcase_id":94,"reserved_name":"IDE Expo","reserved_faculty":"IDE","reserved":true},"geometry":{"type":"Polygon","coordinates":[[[82,7],[80,7],[80,8],[82,8],[82,7]]]}},{"type":"Feature","properties":{"shelf_id":"565B","bookcase_id":"95B","shelf_in_case":1,"side":"back","type":"shelf","physical_bookcase_id":95,"reserved_name":"IDE Expo","reserved_faculty":"IDE","reserved":true},"geometry":{"type":"Polygon","coordinates":[[[80,12],[78,12],[78,13],[80,13],[80,12]]]}},{"type":"Feature","properties":{"shelf_id":"566B","bookcase_id":"95B","shelf_in_case":2,"side":"back","type":"shelf","physical_bookcase_id":95,"reserved_name":"IDE Expo","reserved_faculty":"IDE","reserved":true},"geometry":{"type":"Polygon","coordinates":[[[80,11],[78,11],[78,12],[80,12],[80,11]]]}},{"type":"Feature","properties":{"shelf_id":"567B","bookcase_id":"95B","shelf_in_case":3,"side":"back","type":"shelf","physical_bookcase_id":95,"reserved_name":"IDE Expo","reserved_faculty":"IDE","reserved":true},"geometry":{"type":"Polygon","coordinates":[[[80,10],[78,10],[78,11],[80,11],[80,10]]]}},{"type":"Feature","properties":{"shelf_id":"568B","bookcase_id":"95B","shelf_in_case":4,"side":"back","type":"shelf","physical_bookcase_id":95,"reserved_name":"IDE Expo","reserved_faculty":"IDE","reserved":true},"geometry":{"type":"Polygon","coordinates":[[[80,9],[78,9],[78,10],[80,10],[80,9]]]}},{"type":"Feature","properties":{"shelf_id":"569B","bookcase_id":"95B","shelf_in_case":5,"side":"back","type":"shelf","physical_bookcase_id":95,"reserved_name":"IDE Expo","reserved_faculty":"IDE","reserved":true},"geometry":{"type":"Polygon","coordinates":[[[80,8],[78,8],[78,9],[80,9],[80,8]]]}},{"type":"Feature","properties":{"shelf_id":"570B","bookcase_id":"95B","shelf_in_case":6,"side":"back","type":"shelf","physical_bookcase_id":95,"reserved_name":"IDE Expo","reserved_faculty":"IDE","reserved":true},"geometry":{"type":"Polygon","coordinates":[[[80,7],[78,7],[78,8],[80,8],[80,7]]]}},{"type":"Feature","properties":{"shelf_id":"571B","bookcase_id":"96B","shelf_in_case":1,"side":"back","type":"shelf","physical_bookcase_id":96,"reserved_name":"IDE Expo","reserved_faculty":"IDE","reserved":true},"geometry":{"type":"Polygon","coordinates":[[[78,12],[76,12],[76,13],[78,13],[78,12]]]}},{"type":"Feature","properties":{"shelf_id":"572B","bookcase_id":"96B","shelf_in_case":2,"side":"back","type":"shelf","physical_bookcase_id":96,"reserved_name":"IDE Expo","reserved_faculty":"IDE","reserved":true},"geometry":{"type":"Polygon","coordinates":[[[78,11],[76,11],[76,12],[78,12],[78,11]]]}},{"type":"Feature","properties":{"shelf_id":"573B","bookcase_id":"96B","shelf_in_case":3,"side":"back","type":"shelf","physical_bookcase_id":96,"reserved_name":"IDE Expo","reserved_faculty":"IDE","reserved":true},"geometry":{"type":"Polygon","coordinates":[[[78,10],[76,10],[76,11],[78,11],[78,10]]]}},{"type":"Feature","properties":{"shelf_id":"574B","bookcase_id":"96B","shelf_in_case":4,"side":"back","type":"shelf","physical_bookcase_id":96,"reserved_name":"IDE Expo","reserved_faculty":"IDE","reserved":true},"geometry":{"type":"Polygon","coordinates":[[[78,9],[76,9],[76,10],[78,10],[78,9]]]}},{"type":"Feature","properties":{"shelf_id":"575B","bookcase_id":"96B","shelf_in_case":5,"side":"back","type":"shelf","physical_bookcase_id":96,"reserved_name":"IDE Expo","reserved_faculty":"IDE","reserved":true},"geometry":{"type":"Polygon","coordinates":[[[78,8],[76,8],[76,9],[78,9],[78,8]]]}},{"type":"Feature","properties":{"shelf_id":"576B","bookcase_id":"96B","shelf_in_case":6,"side":"back","type":"shelf","physical_bookcase_id":96,"reserved_name":"IDE Expo","reserved_faculty":"IDE","reserved":true},"geometry":{"type":"Polygon","coordinates":[[[78,7],[76,7],[76,8],[78,8],[78,7]]]}},{"type":"Feature","properties":{"shelf_id":"577B","bookcase_id":"97B","shelf_in_case":1,"side":"back","type":"shelf","physical_bookcase_id":97,"reserved_name":null,"reserved_faculty":null,"reserved":false},"geometry":{"type":"Polygon","coordinates":[[[76,12],[74,12],[74,13],[76,13],[76,12]]]}},{"type":"Feature","properties":{"shelf_id":"578B","bookcase_id":"97B","shelf_in_case":2,"side":"back","type":"shelf","physical_bookcase_id":97,"reserved_name":null,"reserved_faculty":null,"reserved":false},"geometry":{"type":"Polygon","coordinates":[[[76,11],[74,11],[74,12],[76,12],[76,11]]]}},{"type":"Feature","properties":{"shelf_id":"579B","bookcase_id":"97B","shelf_in_case":3,"side":"back","type":"shelf","physical_bookcase_id":97,"reserved_name":null,"reserved_faculty":null,"reserved":false},"geometry":{"type":"Polygon","coordinates":[[[76,10],[74,10],[74,11],[76,11],[76,10]]]}},{"type":"Feature","properties":{"shelf_id":"580B","bookcase_id":"97B","shelf_in_case":4,"side":"back","type":"shelf","physical_bookcase_id":97,"reserved_name":null,"reserved_faculty":null,"reserved":false},"geometry":{"type":"Polygon","coordinates":[[[76,9],[74,9],[74,10],[76,10],[76,9]]]}},{"type":"Feature","properties":{"shelf_id":"581B","bookcase_id":"97B","shelf_in_case":5,"side":"back","type":"shelf","physical_bookcase_id":97,"reserved_name":null,"reserved_faculty":null,"reserved":false},"geometry":{"type":"Polygon","coordinates":[[[76,8],[74,8],[74,9],[76,9],[76,8]]]}},{"type":"Feature","properties":{"shelf_id":"582B","bookcase_id":"97B","shelf_in_case":6,"side":"back","type":"shelf","physical_bookcase_id":97,"reserved_name":null,"reserved_faculty":null,"reserved":false},"geometry":{"type":"Polygon","coordinates":[[[76,7],[74,7],[74,8],[76,8],[76,7]]]}},{"type":"Feature","properties":{"shelf_id":"583B","bookcase_id":"98B","shelf_in_case":1,"side":"back","type":"shelf","physical_bookcase_id":98,"reserved_name":null,"reserved_faculty":null,"reserved":false},"geometry":{"type":"Polygon","coordinates":[[[74,12],[72,12],[72,13],[74,13],[74,12]]]}},{"type":"Feature","properties":{"shelf_id":"584B","bookcase_id":"98B","shelf_in_case":2,"side":"back","type":"shelf","physical_bookcase_id":98,"reserved_name":null,"reserved_faculty":null,"reserved":false},"geometry":{"type":"Polygon","coordinates":[[[74,11],[72,11],[72,12],[74,12],[74,11]]]}},{"type":"Feature","properties":{"shelf_id":"585B","bookcase_id":"98B","shelf_in_case":3,"side":"back","type":"shelf","physical_bookcase_id":98,"reserved_name":null,"reserved_faculty":null,"reserved":false},"geometry":{"type":"Polygon","coordinates":[[[74,10],[72,10],[72,11],[74,11],[74,10]]]}},{"type":"Feature","properties":{"shelf_id":"586B","bookcase_id":"98B","shelf_in_case":4,"side":"back","type":"shelf","physical_bookcase_id":98,"reserved_name":null,"reserved_faculty":null,"reserved":false},"geometry":{"type":"Polygon","coordinates":[[[74,9],[72,9],[72,10],[74,10],[74,9]]]}},{"type":"Feature","properties":{"shelf_id":"587B","bookcase_id":"98B","shelf_in_case":5,"side":"back","type":"shelf","physical_bookcase_id":98,"reserved_name":null,"reserved_faculty":null,"reserved":false},"geometry":{"type":"Polygon","coordinates":[[[74,8],[72,8],[72,9],[74,9],[74,8]]]}},{"type":"Feature","properties":{"shelf_id":"588B","bookcase_id":"98B","shelf_in_case":6,"side":"back","type":"shelf","physical_bookcase_id":98,"reserved_name":null,"reserved_faculty":null,"reserved":false},"geometry":{"type":"Polygon","coordinates":[[[74,7],[72,7],[72,8],[74,8],[74,7]]]}},{"type":"Feature","properties":{"shelf_id":"589B","bookcase_id":"99B","shelf_in_case":1,"side":"back","type":"shelf","physical_bookcase_id":99,"reserved_name":null,"reserved_faculty":null,"reserved":false},"geometry":{"type":"Polygon","coordinates":[[[72,12],[70,12],[70,13],[72,13],[72,12]]]}},{"type":"Feature","properties":{"shelf_id":"590B","bookcase_id":"99B","shelf_in_case":2,"side":"back","type":"shelf","physical_bookcase_id":99,"reserved_name":null,"reserved_faculty":null,"reserved":false},"geometry":{"type":"Polygon","coordinates":[[[72,11],[70,11],[70,12],[72,12],[72,11]]]}},{"type":"Feature","properties":{"shelf_id":"591B","bookcase_id":"99B","shelf_in_case":3,"side":"back","type":"shelf","physical_bookcase_id":99,"reserved_name":null,"reserved_faculty":null,"reserved":false},"geometry":{"type":"Polygon","coordinates":[[[72,10],[70,10],[70,11],[72,11],[72,10]]]}},{"type":"Feature","properties":{"shelf_id":"592B","bookcase_id":"99B","shelf_in_case":4,"side":"back","type":"shelf","physical_bookcase_id":99,"reserved_name":null,"reserved_faculty":null,"reserved":false},"geometry":{"type":"Polygon","coordinates":[[[72,9],[70,9],[70,10],[72,10],[72,9]]]}},{"type":"Feature","properties":{"shelf_id":"593B","bookcase_id":"99B","shelf_in_case":5,"side":"back","type":"shelf","physical_bookcase_id":99,"reserved_name":null,"reserved_faculty":null,"reserved":false},"geometry":{"type":"Polygon","coordinates":[[[72,8],[70,8],[70,9],[72,9],[72,8]]]}},{"type":"Feature","properties":{"shelf_id":"594B","bookcase_id":"99B","shelf_in_case":6,"side":"back","type":"shelf","physical_bookcase_id":99,"reserved_name":null,"reserved_faculty":null,"reserved":false},"geometry":{"type":"Polygon","coordinates":[[[72,7],[70,7],[70,8],[72,8],[72,7]]]}},{"type":"Feature","properties":{"shelf_id":"595B","bookcase_id":"100B","shelf_in_case":1,"side":"back","type":"shelf","physical_bookcase_id":100,"reserved_name":null,"reserved_faculty":null,"reserved":false},"geometry":{"type":"Polygon","coordinates":[[[70,12],[68,12],[68,13],[70,13],[70,12]]]}},{"type":"Feature","properties":{"shelf_id":"596B","bookcase_id":"100B","shelf_in_case":2,"side":"back","type":"shelf","physical_bookcase_id":100,"reserved_name":null,"reserved_faculty":null,"reserved":false},"geometry":{"type":"Polygon","coordinates":[[[70,11],[68,11],[68,12],[70,12],[70,11]]]}},{"type":"Feature","properties":{"shelf_id":"597B","bookcase_id":"100B","shelf_in_case":3,"side":"back","type":"shelf","physical_bookcase_id":100,"reserved_name":null,"reserved_faculty":null,"reserved":false},"geometry":{"type":"Polygon","coordinates":[[[70,10],[68,10],[68,11],[70,11],[70,10]]]}},{"type":"Feature","properties":{"shelf_id":"598B","bookcase_id":"100B","shelf_in_case":4,"side":"back","type":"shelf","physical_bookcase_id":100,"reserved_name":null,"reserved_faculty":null,"reserved":false},"geometry":{"type":"Polygon","coordinates":[[[70,9],[68,9],[68,10],[70,10],[70,9]]]}},{"type":"Feature","properties":{"shelf_id":"599B","bookcase_id":"100B","shelf_in_case":5,"side":"back","type":"shelf","physical_bookcase_id":100,"reserved_name":null,"reserved_faculty":null,"reserved":false},"geometry":{"type":"Polygon","coordinates":[[[70,8],[68,8],[68,9],[70,9],[70,8]]]}},{"type":"Feature","properties":{"shelf_id":"600B","bookcase_id":"100B","shelf_in_case":6,"side":"back","type":"shelf","physical_bookcase_id":100,"reserved_name":null,"reserved_faculty":null,"reserved":false},"geometry":{"type":"Polygon","coordinates":[[[70,7],[68,7],[68,8],[70,8],[70,7]]]}},{"type":"Feature","properties":{"shelf_id":"601B","bookcase_id":"101B","shelf_in_case":1,"side":"back","type":"shelf","physical_bookcase_id":101,"reserved_name":null,"reserved_faculty":null,"reserved":false},"geometry":{"type":"Polygon","coordinates":[[[68,12],[66,12],[66,13],[68,13],[68,12]]]}},{"type":"Feature","properties":{"shelf_id":"602B","bookcase_id":"101B","shelf_in_case":2,"side":"back","type":"shelf","physical_bookcase_id":101,"reserved_name":null,"reserved_faculty":null,"reserved":false},"geometry":{"type":"Polygon","coordinates":[[[68,11],[66,11],[66,12],[68,12],[68,11]]]}},{"type":"Feature","properties":{"shelf_id":"603B","bookcase_id":"101B","shelf_in_case":3,"side":"back","type":"shelf","physical_bookcase_id":101,"reserved_name":null,"reserved_faculty":null,"reserved":false},"geometry":{"type":"Polygon","coordinates":[[[68,10],[66,10],[66,11],[68,11],[68,10]]]}},{"type":"Feature","properties":{"shelf_id":"604B","bookcase_id":"101B","shelf_in_case":4,"side":"back","type":"shelf","physical_bookcase_id":101,"reserved_name":null,"reserved_faculty":null,"reserved":false},"geometry":{"type":"Polygon","coordinates":[[[68,9],[66,9],[66,10],[68,10],[68,9]]]}},{"type":"Feature","properties":{"shelf_id":"605B","bookcase_id":"101B","shelf_in_case":5,"side":"back","type":"shelf","physical_bookcase_id":101,"reserved_name":null,"reserved_faculty":null,"reserved":false},"geometry":{"type":"Polygon","coordinates":[[[68,8],[66,8],[66,9],[68,9],[68,8]]]}},{"type":"Feature","properties":{"shelf_id":"606B","bookcase_id":"101B","shelf_in_case":6,"side":"back","type":"shelf","physical_bookcase_id":101,"reserved_name":null,"reserved_faculty":null,"reserved":false},"geometry":{"type":"Polygon","coordinates":[[[68,7],[66,7],[66,8],[68,8],[68,7]]]}},{"type":"Feature","properties":{"shelf_id":"607B","bookcase_id":"102B","shelf_in_case":1,"side":"back","type":"shelf","physical_bookcase_id":102,"reserved_name":null,"reserved_faculty":null,"reserved":false},"geometry":{"type":"Polygon","coordinates":[[[66,12],[64,12],[64,13],[66,13],[66,12]]]}},{"type":"Feature","properties":{"shelf_id":"608B","bookcase_id":"102B","shelf_in_case":2,"side":"back","type":"shelf","physical_bookcase_id":102,"reserved_name":null,"reserved_faculty":null,"reserved":false},"geometry":{"type":"Polygon","coordinates":[[[66,11],[64,11],[64,12],[66,12],[66,11]]]}},{"type":"Feature","properties":{"shelf_id":"609B","bookcase_id":"102B","shelf_in_case":3,"side":"back","type":"shelf","physical_bookcase_id":102,"reserved_name":null,"reserved_faculty":null,"reserved":false},"geometry":{"type":"Polygon","coordinates":[[[66,10],[64,10],[64,11],[66,11],[66,10]]]}},{"type":"Feature","properties":{"shelf_id":"610B","bookcase_id":"102B","shelf_in_case":4,"side":"back","type":"shelf","physical_bookcase_id":102,"reserved_name":null,"reserved_faculty":null,"reserved":false},"geometry":{"type":"Polygon","coordinates":[[[66,9],[64,9],[64,10],[66,10],[66,9]]]}},{"type":"Feature","properties":{"shelf_id":"611B","bookcase_id":"102B","shelf_in_case":5,"side":"back","type":"shelf","physical_bookcase_id":102,"reserved_name":null,"reserved_faculty":null,"reserved":false},"geometry":{"type":"Polygon","coordinates":[[[66,8],[64,8],[64,9],[66,9],[66,8]]]}},{"type":"Feature","properties":{"shelf_id":"612B","bookcase_id":"102B","shelf_in_case":6,"side":"back","type":"shelf","physical_bookcase_id":102,"reserved_name":null,"reserved_faculty":null,"reserved":false},"geometry":{"type":"Polygon","coordinates":[[[66,7],[64,7],[64,8],[66,8],[66,7]]]}},{"type":"Feature","properties":{"shelf_id":"613B","bookcase_id":"103B","shelf_in_case":1,"side":"back","type":"shelf","physical_bookcase_id":103,"reserved_name":null,"reserved_faculty":null,"reserved":false},"geometry":{"type":"Polygon","coordinates":[[[64,12],[62,12],[62,13],[64,13],[64,12]]]}},{"type":"Feature","properties":{"shelf_id":"614B","bookcase_id":"103B","shelf_in_case":2,"side":"back","type":"shelf","physical_bookcase_id":103,"reserved_name":null,"reserved_faculty":null,"reserved":false},"geometry":{"type":"Polygon","coordinates":[[[64,11],[62,11],[62,12],[64,12],[64,11]]]}},{"type":"Feature","properties":{"shelf_id":"615B","bookcase_id":"103B","shelf_in_case":3,"side":"back","type":"shelf","physical_bookcase_id":103,"reserved_name":null,"reserved_faculty":null,"reserved":false},"geometry":{"type":"Polygon","coordinates":[[[64,10],[62,10],[62,11],[64,11],[64,10]]]}},{"type":"Feature","properties":{"shelf_id":"616B","bookcase_id":"103B","shelf_in_case":4,"side":"back","type":"shelf","physical_bookcase_id":103,"reserved_name":null,"reserved_faculty":null,"reserved":false},"geometry":{"type":"Polygon","coordinates":[[[64,9],[62,9],[62,10],[64,10],[64,9]]]}},{"type":"Feature","properties":{"shelf_id":"617B","bookcase_id":"103B","shelf_in_case":5,"side":"back","type":"shelf","physical_bookcase_id":103,"reserved_name":null,"reserved_faculty":null,"reserved":false},"geometry":{"type":"Polygon","coordinates":[[[64,8],[62,8],[62,9],[64,9],[64,8]]]}},{"type":"Feature","properties":{"shelf_id":"618B","bookcase_id":"103B","shelf_in_case":6,"side":"back","type":"shelf","physical_bookcase_id":103,"reserved_name":null,"reserved_faculty":null,"reserved":false},"geometry":{"type":"Polygon","coordinates":[[[64,7],[62,7],[62,8],[64,8],[64,7]]]}},{"type":"Feature","properties":{"shelf_id":"619B","bookcase_id":"104B","shelf_in_case":1,"side":"back","type":"shelf","physical_bookcase_id":104,"reserved_name":null,"reserved_faculty":null,"reserved":false},"geometry":{"type":"Polygon","coordinates":[[[62,12],[60,12],[60,13],[62,13],[62,12]]]}},{"type":"Feature","properties":{"shelf_id":"620B","bookcase_id":"104B","shelf_in_case":2,"side":"back","type":"shelf","physical_bookcase_id":104,"reserved_name":null,"reserved_faculty":null,"reserved":false},"geometry":{"type":"Polygon","coordinates":[[[62,11],[60,11],[60,12],[62,12],[62,11]]]}},{"type":"Feature","properties":{"shelf_id":"621B","bookcase_id":"104B","shelf_in_case":3,"side":"back","type":"shelf","physical_bookcase_id":104,"reserved_name":null,"reserved_faculty":null,"reserved":false},"geometry":{"type":"Polygon","coordinates":[[[62,10],[60,10],[60,11],[62,11],[62,10]]]}},{"type":"Feature","properties":{"shelf_id":"622B","bookcase_id":"104B","shelf_in_case":4,"side":"back","type":"shelf","physical_bookcase_id":104,"reserved_name":null,"reserved_faculty":null,"reserved":false},"geometry":{"type":"Polygon","coordinates":[[[62,9],[60,9],[60,10],[62,10],[62,9]]]}},{"type":"Feature","properties":{"shelf_id":"623B","bookcase_id":"104B","shelf_in_case":5,"side":"back","type":"shelf","physical_bookcase_id":104,"reserved_name":null,"reserved_faculty":null,"reserved":false},"geometry":{"type":"Polygon","coordinates":[[[62,8],[60,8],[60,9],[62,9],[62,8]]]}},{"type":"Feature","properties":{"shelf_id":"624B","bookcase_id":"104B","shelf_in_case":6,"side":"back","type":"shelf","physical_bookcase_id":104,"reserved_name":null,"reserved_faculty":null,"reserved":false},"geometry":{"type":"Polygon","coordinates":[[[62,7],[60,7],[60,8],[62,8],[62,7]]]}},{"type":"Feature","properties":{"shelf_id":"625B","bookcase_id":"105B","shelf_in_case":1,"side":"back","type":"shelf","physical_bookcase_id":105,"reserved_name":null,"reserved_faculty":null,"reserved":false},"geometry":{"type":"Polygon","coordinates":[[[60,12],[58,12],[58,13],[60,13],[60,12]]]}},{"type":"Feature","properties":{"shelf_id":"626B","bookcase_id":"105B","shelf_in_case":2,"side":"back","type":"shelf","physical_bookcase_id":105,"reserved_name":null,"reserved_faculty":null,"reserved":false},"geometry":{"type":"Polygon","coordinates":[[[60,11],[58,11],[58,12],[60,12],[60,11]]]}},{"type":"Feature","properties":{"shelf_id":"627B","bookcase_id":"105B","shelf_in_case":3,"side":"back","type":"shelf","physical_bookcase_id":105,"reserved_name":null,"reserved_faculty":null,"reserved":false},"geometry":{"type":"Polygon","coordinates":[[[60,10],[58,10],[58,11],[60,11],[60,10]]]}},{"type":"Feature","properties":{"shelf_id":"628B","bookcase_id":"105B","shelf_in_case":4,"side":"back","type":"shelf","physical_bookcase_id":105,"reserved_name":null,"reserved_faculty":null,"reserved":false},"geometry":{"type":"Polygon","coordinates":[[[60,9],[58,9],[58,10],[60,10],[60,9]]]}},{"type":"Feature","properties":{"shelf_id":"629B","bookcase_id":"105B","shelf_in_case":5,"side":"back","type":"shelf","physical_bookcase_id":105,"reserved_name":null,"reserved_faculty":null,"reserved":false},"geometry":{"type":"Polygon","coordinates":[[[60,8],[58,8],[58,9],[60,9],[60,8]]]}},{"type":"Feature","properties":{"shelf_id":"630B","bookcase_id":"105B","shelf_in_case":6,"side":"back","type":"shelf","physical_bookcase_id":105,"reserved_name":null,"reserved_faculty":null,"reserved":false},"geometry":{"type":"Polygon","coordinates":[[[60,7],[58,7],[58,8],[60,8],[60,7]]]}},{"type":"Feature","properties":{"shelf_id":"631B","bookcase_id":"106B","shelf_in_case":1,"side":"back","type":"shelf","physical_bookcase_id":106,"reserved_name":null,"reserved_faculty":null,"reserved":false},"geometry":{"type":"Polygon","coordinates":[[[56,12],[54,12],[54,13],[56,13],[56,12]]]}},{"type":"Feature","properties":{"shelf_id":"632B","bookcase_id":"106B","shelf_in_case":2,"side":"back","type":"shelf","physical_bookcase_id":106,"reserved_name":null,"reserved_faculty":null,"reserved":false},"geometry":{"type":"Polygon","coordinates":[[[56,11],[54,11],[54,12],[56,12],[56,11]]]}},{"type":"Feature","properties":{"shelf_id":"633B","bookcase_id":"106B","shelf_in_case":3,"side":"back","type":"shelf","physical_bookcase_id":106,"reserved_name":null,"reserved_faculty":null,"reserved":false},"geometry":{"type":"Polygon","coordinates":[[[56,10],[54,10],[54,11],[56,11],[56,10]]]}},{"type":"Feature","properties":{"shelf_id":"634B","bookcase_id":"106B","shelf_in_case":4,"side":"back","type":"shelf","physical_bookcase_id":106,"reserved_name":null,"reserved_faculty":null,"reserved":false},"geometry":{"type":"Polygon","coordinates":[[[56,9],[54,9],[54,10],[56,10],[56,9]]]}},{"type":"Feature","properties":{"shelf_id":"635B","bookcase_id":"106B","shelf_in_case":5,"side":"back","type":"shelf","physical_bookcase_id":106,"reserved_name":null,"reserved_faculty":null,"reserved":false},"geometry":{"type":"Polygon","coordinates":[[[56,8],[54,8],[54,9],[56,9],[56,8]]]}},{"type":"Feature","properties":{"shelf_id":"636B","bookcase_id":"106B","shelf_in_case":6,"side":"back","type":"shelf","physical_bookcase_id":106,"reserved_name":null,"reserved_faculty":null,"reserved":false},"geometry":{"type":"Polygon","coordinates":[[[56,7],[54,7],[54,8],[56,8],[56,7]]]}},{"type":"Feature","properties":{"shelf_id":"637B","bookcase_id":"107B","shelf_in_case":1,"side":"back","type":"shelf","physical_bookcase_id":107,"reserved_name":null,"reserved_faculty":null,"reserved":false},"geometry":{"type":"Polygon","coordinates":[[[54,12],[52,12],[52,13],[54,13],[54,12]]]}},{"type":"Feature","properties":{"shelf_id":"638B","bookcase_id":"107B","shelf_in_case":2,"side":"back","type":"shelf","physical_bookcase_id":107,"reserved_name":null,"reserved_faculty":null,"reserved":false},"geometry":{"type":"Polygon","coordinates":[[[54,11],[52,11],[52,12],[54,12],[54,11]]]}},{"type":"Feature","properties":{"shelf_id":"639B","bookcase_id":"107B","shelf_in_case":3,"side":"back","type":"shelf","physical_bookcase_id":107,"reserved_name":null,"reserved_faculty":null,"reserved":false},"geometry":{"type":"Polygon","coordinates":[[[54,10],[52,10],[52,11],[54,11],[54,10]]]}},{"type":"Feature","properties":{"shelf_id":"640B","bookcase_id":"107B","shelf_in_case":4,"side":"back","type":"shelf","physical_bookcase_id":107,"reserved_name":null,"reserved_faculty":null,"reserved":false},"geometry":{"type":"Polygon","coordinates":[[[54,9],[52,9],[52,10],[54,10],[54,9]]]}},{"type":"Feature","properties":{"shelf_id":"641B","bookcase_id":"107B","shelf_in_case":5,"side":"back","type":"shelf","physical_bookcase_id":107,"reserved_name":null,"reserved_faculty":null,"reserved":false},"geometry":{"type":"Polygon","coordinates":[[[54,8],[52,8],[52,9],[54,9],[54,8]]]}},{"type":"Feature","properties":{"shelf_id":"642B","bookcase_id":"107B","shelf_in_case":6,"side":"back","type":"shelf","physical_bookcase_id":107,"reserved_name":null,"reserved_faculty":null,"reserved":false},"geometry":{"type":"Polygon","coordinates":[[[54,7],[52,7],[52,8],[54,8],[54,7]]]}},{"type":"Feature","properties":{"shelf_id":"643B","bookcase_id":"108B","shelf_in_case":1,"side":"back","type":"shelf","physical_bookcase_id":108,"reserved_name":null,"reserved_faculty":null,"reserved":false},"geometry":{"type":"Polygon","coordinates":[[[52,12],[50,12],[50,13],[52,13],[52,12]]]}},{"type":"Feature","properties":{"shelf_id":"644B","bookcase_id":"108B","shelf_in_case":2,"side":"back","type":"shelf","physical_bookcase_id":108,"reserved_name":null,"reserved_faculty":null,"reserved":false},"geometry":{"type":"Polygon","coordinates":[[[52,11],[50,11],[50,12],[52,12],[52,11]]]}},{"type":"Feature","properties":{"shelf_id":"645B","bookcase_id":"108B","shelf_in_case":3,"side":"back","type":"shelf","physical_bookcase_id":108,"reserved_name":null,"reserved_faculty":null,"reserved":false},"geometry":{"type":"Polygon","coordinates":[[[52,10],[50,10],[50,11],[52,11],[52,10]]]}},{"type":"Feature","properties":{"shelf_id":"646B","bookcase_id":"108B","shelf_in_case":4,"side":"back","type":"shelf","physical_bookcase_id":108,"reserved_name":null,"reserved_faculty":null,"reserved":false},"geometry":{"type":"Polygon","coordinates":[[[52,9],[50,9],[50,10],[52,10],[52,9]]]}},{"type":"Feature","properties":{"shelf_id":"647B","bookcase_id":"108B","shelf_in_case":5,"side":"back","type":"shelf","physical_bookcase_id":108,"reserved_name":null,"reserved_faculty":null,"reserved":false},"geometry":{"type":"Polygon","coordinates":[[[52,8],[50,8],[50,9],[52,9],[52,8]]]}},{"type":"Feature","properties":{"shelf_id":"648B","bookcase_id":"108B","shelf_in_case":6,"side":"back","type":"shelf","physical_bookcase_id":108,"reserved_name":null,"reserved_faculty":null,"reserved":false},"geometry":{"type":"Polygon","coordinates":[[[52,7],[50,7],[50,8],[52,8],[52,7]]]}},{"type":"Feature","properties":{"shelf_id":"649B","bookcase_id":"109B","shelf_in_case":1,"side":"back","type":"shelf","physical_bookcase_id":109,"reserved_name":null,"reserved_faculty":null,"reserved":false},"geometry":{"type":"Polygon","coordinates":[[[50,12],[48,12],[48,13],[50,13],[50,12]]]}},{"type":"Feature","properties":{"shelf_id":"650B","bookcase_id":"109B","shelf_in_case":2,"side":"back","type":"shelf","physical_bookcase_id":109,"reserved_name":null,"reserved_faculty":null,"reserved":false},"geometry":{"type":"Polygon","coordinates":[[[50,11],[48,11],[48,12],[50,12],[50,11]]]}},{"type":"Feature","properties":{"shelf_id":"651B","bookcase_id":"109B","shelf_in_case":3,"side":"back","type":"shelf","physical_bookcase_id":109,"reserved_name":null,"reserved_faculty":null,"reserved":false},"geometry":{"type":"Polygon","coordinates":[[[50,10],[48,10],[48,11],[50,11],[50,10]]]}},{"type":"Feature","properties":{"shelf_id":"652B","bookcase_id":"109B","shelf_in_case":4,"side":"back","type":"shelf","physical_bookcase_id":109,"reserved_name":null,"reserved_faculty":null,"reserved":false},"geometry":{"type":"Polygon","coordinates":[[[50,9],[48,9],[48,10],[50,10],[50,9]]]}},{"type":"Feature","properties":{"shelf_id":"653B","bookcase_id":"109B","shelf_in_case":5,"side":"back","type":"shelf","physical_bookcase_id":109,"reserved_name":null,"reserved_faculty":null,"reserved":false},"geometry":{"type":"Polygon","coordinates":[[[50,8],[48,8],[48,9],[50,9],[50,8]]]}},{"type":"Feature","properties":{"shelf_id":"654B","bookcase_id":"109B","shelf_in_case":6,"side":"back","type":"shelf","physical_bookcase_id":109,"reserved_name":null,"reserved_faculty":null,"reserved":false},"geometry":{"type":"Polygon","coordinates":[[[50,7],[48,7],[48,8],[50,8],[50,7]]]}},{"type":"Feature","properties":{"shelf_id":"655B","bookcase_id":"110B","shelf_in_case":1,"side":"back","type":"shelf","physical_bookcase_id":110,"reserved_name":null,"reserved_faculty":null,"reserved":false},"geometry":{"type":"Polygon","coordinates":[[[48,12],[46,12],[46,13],[48,13],[48,12]]]}},{"type":"Feature","properties":{"shelf_id":"656B","bookcase_id":"110B","shelf_in_case":2,"side":"back","type":"shelf","physical_bookcase_id":110,"reserved_name":null,"reserved_faculty":null,"reserved":false},"geometry":{"type":"Polygon","coordinates":[[[48,11],[46,11],[46,12],[48,12],[48,11]]]}},{"type":"Feature","properties":{"shelf_id":"657B","bookcase_id":"110B","shelf_in_case":3,"side":"back","type":"shelf","physical_bookcase_id":110,"reserved_name":null,"reserved_faculty":null,"reserved":false},"geometry":{"type":"Polygon","coordinates":[[[48,10],[46,10],[46,11],[48,11],[48,10]]]}},{"type":"Feature","properties":{"shelf_id":"658B","bookcase_id":"110B","shelf_in_case":4,"side":"back","type":"shelf","physical_bookcase_id":110,"reserved_name":null,"reserved_faculty":null,"reserved":false},"geometry":{"type":"Polygon","coordinates":[[[48,9],[46,9],[46,10],[48,10],[48,9]]]}},{"type":"Feature","properties":{"shelf_id":"659B","bookcase_id":"110B","shelf_in_case":5,"side":"back","type":"shelf","physical_bookcase_id":110,"reserved_name":null,"reserved_faculty":null,"reserved":false},"geometry":{"type":"Polygon","coordinates":[[[48,8],[46,8],[46,9],[48,9],[48,8]]]}},{"type":"Feature","properties":{"shelf_id":"660B","bookcase_id":"110B","shelf_in_case":6,"side":"back","type":"shelf","physical_bookcase_id":110,"reserved_name":null,"reserved_faculty":null,"reserved":false},"geometry":{"type":"Polygon","coordinates":[[[48,7],[46,7],[46,8],[48,8],[48,7]]]}},{"type":"Feature","properties":{"shelf_id":"661B","bookcase_id":"111B","shelf_in_case":1,"side":"back","type":"shelf","physical_bookcase_id":111,"reserved_name":null,"reserved_faculty":null,"reserved":false},"geometry":{"type":"Polygon","coordinates":[[[46,12],[44,12],[44,13],[46,13],[46,12]]]}},{"type":"Feature","properties":{"shelf_id":"662B","bookcase_id":"111B","shelf_in_case":2,"side":"back","type":"shelf","physical_bookcase_id":111,"reserved_name":null,"reserved_faculty":null,"reserved":false},"geometry":{"type":"Polygon","coordinates":[[[46,11],[44,11],[44,12],[46,12],[46,11]]]}},{"type":"Feature","properties":{"shelf_id":"663B","bookcase_id":"111B","shelf_in_case":3,"side":"back","type":"shelf","physical_bookcase_id":111,"reserved_name":null,"reserved_faculty":null,"reserved":false},"geometry":{"type":"Polygon","coordinates":[[[46,10],[44,10],[44,11],[46,11],[46,10]]]}},{"type":"Feature","properties":{"shelf_id":"664B","bookcase_id":"111B","shelf_in_case":4,"side":"back","type":"shelf","physical_bookcase_id":111,"reserved_name":null,"reserved_faculty":null,"reserved":false},"geometry":{"type":"Polygon","coordinates":[[[46,9],[44,9],[44,10],[46,10],[46,9]]]}},{"type":"Feature","properties":{"shelf_id":"665B","bookcase_id":"111B","shelf_in_case":5,"side":"back","type":"shelf","physical_bookcase_id":111,"reserved_name":null,"reserved_faculty":null,"reserved":false},"geometry":{"type":"Polygon","coordinates":[[[46,8],[44,8],[44,9],[46,9],[46,8]]]}},{"type":"Feature","properties":{"shelf_id":"666B","bookcase_id":"111B","shelf_in_case":6,"side":"back","type":"shelf","physical_bookcase_id":111,"reserved_name":null,"reserved_faculty":null,"reserved":false},"geometry":{"type":"Polygon","coordinates":[[[46,7],[44,7],[44,8],[46,8],[46,7]]]}},{"type":"Feature","properties":{"shelf_id":"667B","bookcase_id":"112B","shelf_in_case":1,"side":"back","type":"shelf","physical_bookcase_id":112,"reserved_name":null,"reserved_faculty":null,"reserved":false},"geometry":{"type":"Polygon","coordinates":[[[44,12],[42,12],[42,13],[44,13],[44,12]]]}},{"type":"Feature","properties":{"shelf_id":"668B","bookcase_id":"112B","shelf_in_case":2,"side":"back","type":"shelf","physical_bookcase_id":112,"reserved_name":null,"reserved_faculty":null,"reserved":false},"geometry":{"type":"Polygon","coordinates":[[[44,11],[42,11],[42,12],[44,12],[44,11]]]}},{"type":"Feature","properties":{"shelf_id":"669B","bookcase_id":"112B","shelf_in_case":3,"side":"back","type":"shelf","physical_bookcase_id":112,"reserved_name":null,"reserved_faculty":null,"reserved":false},"geometry":{"type":"Polygon","coordinates":[[[44,10],[42,10],[42,11],[44,11],[44,10]]]}},{"type":"Feature","properties":{"shelf_id":"670B","bookcase_id":"112B","shelf_in_case":4,"side":"back","type":"shelf","physical_bookcase_id":112,"reserved_name":null,"reserved_faculty":null,"reserved":false},"geometry":{"type":"Polygon","coordinates":[[[44,9],[42,9],[42,10],[44,10],[44,9]]]}},{"type":"Feature","properties":{"shelf_id":"671B","bookcase_id":"112B","shelf_in_case":5,"side":"back","type":"shelf","physical_bookcase_id":112,"reserved_name":null,"reserved_faculty":null,"reserved":false},"geometry":{"type":"Polygon","coordinates":[[[44,8],[42,8],[42,9],[44,9],[44,8]]]}},{"type":"Feature","properties":{"shelf_id":"672B","bookcase_id":"112B","shelf_in_case":6,"side":"back","type":"shelf","physical_bookcase_id":112,"reserved_name":null,"reserved_faculty":null,"reserved":false},"geometry":{"type":"Polygon","coordinates":[[[44,7],[42,7],[42,8],[44,8],[44,7]]]}},{"type":"Feature","properties":{"shelf_id":"673B","bookcase_id":"113B","shelf_in_case":1,"side":"back","type":"shelf","physical_bookcase_id":113,"reserved_name":null,"reserved_faculty":null,"reserved":false},"geometry":{"type":"Polygon","coordinates":[[[42,12],[40,12],[40,13],[42,13],[42,12]]]}},{"type":"Feature","properties":{"shelf_id":"674B","bookcase_id":"113B","shelf_in_case":2,"side":"back","type":"shelf","physical_bookcase_id":113,"reserved_name":null,"reserved_faculty":null,"reserved":false},"geometry":{"type":"Polygon","coordinates":[[[42,11],[40,11],[40,12],[42,12],[42,11]]]}},{"type":"Feature","properties":{"shelf_id":"675B","bookcase_id":"113B","shelf_in_case":3,"side":"back","type":"shelf","physical_bookcase_id":113,"reserved_name":null,"reserved_faculty":null,"reserved":false},"geometry":{"type":"Polygon","coordinates":[[[42,10],[40,10],[40,11],[42,11],[42,10]]]}},{"type":"Feature","properties":{"shelf_id":"676B","bookcase_id":"113B","shelf_in_case":4,"side":"back","type":"shelf","physical_bookcase_id":113,"reserved_name":null,"reserved_faculty":null,"reserved":false},"geometry":{"type":"Polygon","coordinates":[[[42,9],[40,9],[40,10],[42,10],[42,9]]]}},{"type":"Feature","properties":{"shelf_id":"677B","bookcase_id":"113B","shelf_in_case":5,"side":"back","type":"shelf","physical_bookcase_id":113,"reserved_name":null,"reserved_faculty":null,"reserved":false},"geometry":{"type":"Polygon","coordinates":[[[42,8],[40,8],[40,9],[42,9],[42,8]]]}},{"type":"Feature","properties":{"shelf_id":"678B","bookcase_id":"113B","shelf_in_case":6,"side":"back","type":"shelf","physical_bookcase_id":113,"reserved_name":null,"reserved_faculty":null,"reserved":false},"geometry":{"type":"Polygon","coordinates":[[[42,7],[40,7],[40,8],[42,8],[42,7]]]}},{"type":"Feature","properties":{"shelf_id":"679B","bookcase_id":"114B","shelf_in_case":1,"side":"back","type":"shelf","physical_bookcase_id":114,"reserved_name":null,"reserved_faculty":null,"reserved":false},"geometry":{"type":"Polygon","coordinates":[[[40,12],[38,12],[38,13],[40,13],[40,12]]]}},{"type":"Feature","properties":{"shelf_id":"680B","bookcase_id":"114B","shelf_in_case":2,"side":"back","type":"shelf","physical_bookcase_id":114,"reserved_name":null,"reserved_faculty":null,"reserved":false},"geometry":{"type":"Polygon","coordinates":[[[40,11],[38,11],[38,12],[40,12],[40,11]]]}},{"type":"Feature","properties":{"shelf_id":"681B","bookcase_id":"114B","shelf_in_case":3,"side":"back","type":"shelf","physical_bookcase_id":114,"reserved_name":null,"reserved_faculty":null,"reserved":false},"geometry":{"type":"Polygon","coordinates":[[[40,10],[38,10],[38,11],[40,11],[40,10]]]}},{"type":"Feature","properties":{"shelf_id":"682B","bookcase_id":"114B","shelf_in_case":4,"side":"back","type":"shelf","physical_bookcase_id":114,"reserved_name":null,"reserved_faculty":null,"reserved":false},"geometry":{"type":"Polygon","coordinates":[[[40,9],[38,9],[38,10],[40,10],[40,9]]]}},{"type":"Feature","properties":{"shelf_id":"683B","bookcase_id":"114B","shelf_in_case":5,"side":"back","type":"shelf","physical_bookcase_id":114,"reserved_name":null,"reserved_faculty":null,"reserved":false},"geometry":{"type":"Polygon","coordinates":[[[40,8],[38,8],[38,9],[40,9],[40,8]]]}},{"type":"Feature","properties":{"shelf_id":"684B","bookcase_id":"114B","shelf_in_case":6,"side":"back","type":"shelf","physical_bookcase_id":114,"reserved_name":null,"reserved_faculty":null,"reserved":false},"geometry":{"type":"Polygon","coordinates":[[[40,7],[38,7],[38,8],[40,8],[40,7]]]}},{"type":"Feature","properties":{"shelf_id":"685B","bookcase_id":"115B","shelf_in_case":1,"side":"back","type":"shelf","physical_bookcase_id":115,"reserved_name":null,"reserved_faculty":null,"reserved":false},"geometry":{"type":"Polygon","coordinates":[[[32,12],[30,12],[30,13],[32,13],[32,12]]]}},{"type":"Feature","properties":{"shelf_id":"686B","bookcase_id":"115B","shelf_in_case":2,"side":"back","type":"shelf","physical_bookcase_id":115,"reserved_name":null,"reserved_faculty":null,"reserved":false},"geometry":{"type":"Polygon","coordinates":[[[32,11],[30,11],[30,12],[32,12],[32,11]]]}},{"type":"Feature","properties":{"shelf_id":"687B","bookcase_id":"115B","shelf_in_case":3,"side":"back","type":"shelf","physical_bookcase_id":115,"reserved_name":null,"reserved_faculty":null,"reserved":false},"geometry":{"type":"Polygon","coordinates":[[[32,10],[30,10],[30,11],[32,11],[32,10]]]}},{"type":"Feature","properties":{"shelf_id":"688B","bookcase_id":"115B","shelf_in_case":4,"side":"back","type":"shelf","physical_bookcase_id":115,"reserved_name":null,"reserved_faculty":null,"reserved":false},"geometry":{"type":"Polygon","coordinates":[[[32,9],[30,9],[30,10],[32,10],[32,9]]]}},{"type":"Feature","properties":{"shelf_id":"689B","bookcase_id":"115B","shelf_in_case":5,"side":"back","type":"shelf","physical_bookcase_id":115,"reserved_name":null,"reserved_faculty":null,"reserved":false},"geometry":{"type":"Polygon","coordinates":[[[32,8],[30,8],[30,9],[32,9],[32,8]]]}},{"type":"Feature","properties":{"shelf_id":"690B","bookcase_id":"115B","shelf_in_case":6,"side":"back","type":"shelf","physical_bookcase_id":115,"reserved_name":null,"reserved_faculty":null,"reserved":false},"geometry":{"type":"Polygon","coordinates":[[[32,7],[30,7],[30,8],[32,8],[32,7]]]}},{"type":"Feature","properties":{"shelf_id":"691B","bookcase_id":"116B","shelf_in_case":1,"side":"back","type":"shelf","physical_bookcase_id":116,"reserved_name":null,"reserved_faculty":null,"reserved":false},"geometry":{"type":"Polygon","coordinates":[[[30,12],[28,12],[28,13],[30,13],[30,12]]]}},{"type":"Feature","properties":{"shelf_id":"692B","bookcase_id":"116B","shelf_in_case":2,"side":"back","type":"shelf","physical_bookcase_id":116,"reserved_name":null,"reserved_faculty":null,"reserved":false},"geometry":{"type":"Polygon","coordinates":[[[30,11],[28,11],[28,12],[30,12],[30,11]]]}},{"type":"Feature","properties":{"shelf_id":"693B","bookcase_id":"116B","shelf_in_case":3,"side":"back","type":"shelf","physical_bookcase_id":116,"reserved_name":null,"reserved_faculty":null,"reserved":false},"geometry":{"type":"Polygon","coordinates":[[[30,10],[28,10],[28,11],[30,11],[30,10]]]}},{"type":"Feature","properties":{"shelf_id":"694B","bookcase_id":"116B","shelf_in_case":4,"side":"back","type":"shelf","physical_bookcase_id":116,"reserved_name":null,"reserved_faculty":null,"reserved":false},"geometry":{"type":"Polygon","coordinates":[[[30,9],[28,9],[28,10],[30,10],[30,9]]]}},{"type":"Feature","properties":{"shelf_id":"695B","bookcase_id":"116B","shelf_in_case":5,"side":"back","type":"shelf","physical_bookcase_id":116,"reserved_name":null,"reserved_faculty":null,"reserved":false},"geometry":{"type":"Polygon","coordinates":[[[30,8],[28,8],[28,9],[30,9],[30,8]]]}},{"type":"Feature","properties":{"shelf_id":"696B","bookcase_id":"116B","shelf_in_case":6,"side":"back","type":"shelf","physical_bookcase_id":116,"reserved_name":null,"reserved_faculty":null,"reserved":false},"geometry":{"type":"Polygon","coordinates":[[[30,7],[28,7],[28,8],[30,8],[30,7]]]}},{"type":"Feature","properties":{"shelf_id":"697B","bookcase_id":"117B","shelf_in_case":1,"side":"back","type":"shelf","physical_bookcase_id":117,"reserved_name":null,"reserved_faculty":null,"reserved":false},"geometry":{"type":"Polygon","coordinates":[[[28,12],[26,12],[26,13],[28,13],[28,12]]]}},{"type":"Feature","properties":{"shelf_id":"698B","bookcase_id":"117B","shelf_in_case":2,"side":"back","type":"shelf","physical_bookcase_id":117,"reserved_name":null,"reserved_faculty":null,"reserved":false},"geometry":{"type":"Polygon","coordinates":[[[28,11],[26,11],[26,12],[28,12],[28,11]]]}},{"type":"Feature","properties":{"shelf_id":"699B","bookcase_id":"117B","shelf_in_case":3,"side":"back","type":"shelf","physical_bookcase_id":117,"reserved_name":null,"reserved_faculty":null,"reserved":false},"geometry":{"type":"Polygon","coordinates":[[[28,10],[26,10],[26,11],[28,11],[28,10]]]}},{"type":"Feature","properties":{"shelf_id":"700B","bookcase_id":"117B","shelf_in_case":4,"side":"back","type":"shelf","physical_bookcase_id":117,"reserved_name":null,"reserved_faculty":null,"reserved":false},"geometry":{"type":"Polygon","coordinates":[[[28,9],[26,9],[26,10],[28,10],[28,9]]]}},{"type":"Feature","properties":{"shelf_id":"701B","bookcase_id":"117B","shelf_in_case":5,"side":"back","type":"shelf","physical_bookcase_id":117,"reserved_name":null,"reserved_faculty":null,"reserved":false},"geometry":{"type":"Polygon","coordinates":[[[28,8],[26,8],[26,9],[28,9],[28,8]]]}},{"type":"Feature","properties":{"shelf_id":"702B","bookcase_id":"117B","shelf_in_case":6,"side":"back","type":"shelf","physical_bookcase_id":117,"reserved_name":null,"reserved_faculty":null,"reserved":false},"geometry":{"type":"Polygon","coordinates":[[[28,7],[26,7],[26,8],[28,8],[28,7]]]}},{"type":"Feature","properties":{"shelf_id":"703B","bookcase_id":"118B","shelf_in_case":1,"side":"back","type":"shelf","physical_bookcase_id":118,"reserved_name":null,"reserved_faculty":null,"reserved":false},"geometry":{"type":"Polygon","coordinates":[[[26,12],[24,12],[24,13],[26,13],[26,12]]]}},{"type":"Feature","properties":{"shelf_id":"704B","bookcase_id":"118B","shelf_in_case":2,"side":"back","type":"shelf","physical_bookcase_id":118,"reserved_name":null,"reserved_faculty":null,"reserved":false},"geometry":{"type":"Polygon","coordinates":[[[26,11],[24,11],[24,12],[26,12],[26,11]]]}},{"type":"Feature","properties":{"shelf_id":"705B","bookcase_id":"118B","shelf_in_case":3,"side":"back","type":"shelf","physical_bookcase_id":118,"reserved_name":null,"reserved_faculty":null,"reserved":false},"geometry":{"type":"Polygon","coordinates":[[[26,10],[24,10],[24,11],[26,11],[26,10]]]}},{"type":"Feature","properties":{"shelf_id":"706B","bookcase_id":"118B","shelf_in_case":4,"side":"back","type":"shelf","physical_bookcase_id":118,"reserved_name":null,"reserved_faculty":null,"reserved":false},"geometry":{"type":"Polygon","coordinates":[[[26,9],[24,9],[24,10],[26,10],[26,9]]]}},{"type":"Feature","properties":{"shelf_id":"707B","bookcase_id":"118B","shelf_in_case":5,"side":"back","type":"shelf","physical_bookcase_id":118,"reserved_name":null,"reserved_faculty":null,"reserved":false},"geometry":{"type":"Polygon","coordinates":[[[26,8],[24,8],[24,9],[26,9],[26,8]]]}},{"type":"Feature","properties":{"shelf_id":"708B","bookcase_id":"118B","shelf_in_case":6,"side":"back","type":"shelf","physical_bookcase_id":118,"reserved_name":null,"reserved_faculty":null,"reserved":false},"geometry":{"type":"Polygon","coordinates":[[[26,7],[24,7],[24,8],[26,8],[26,7]]]}},{"type":"Feature","properties":{"shelf_id":"709B","bookcase_id":"119B","shelf_in_case":1,"side":"back","type":"shelf","physical_bookcase_id":119,"reserved_name":null,"reserved_faculty":null,"reserved":false},"geometry":{"type":"Polygon","coordinates":[[[24,12],[22,12],[22,13],[24,13],[24,12]]]}},{"type":"Feature","properties":{"shelf_id":"710B","bookcase_id":"119B","shelf_in_case":2,"side":"back","type":"shelf","physical_bookcase_id":119,"reserved_name":null,"reserved_faculty":null,"reserved":false},"geometry":{"type":"Polygon","coordinates":[[[24,11],[22,11],[22,12],[24,12],[24,11]]]}},{"type":"Feature","properties":{"shelf_id":"711B","bookcase_id":"119B","shelf_in_case":3,"side":"back","type":"shelf","physical_bookcase_id":119,"reserved_name":null,"reserved_faculty":null,"reserved":false},"geometry":{"type":"Polygon","coordinates":[[[24,10],[22,10],[22,11],[24,11],[24,10]]]}},{"type":"Feature","properties":{"shelf_id":"712B","bookcase_id":"119B","shelf_in_case":4,"side":"back","type":"shelf","physical_bookcase_id":119,"reserved_name":null,"reserved_faculty":null,"reserved":false},"geometry":{"type":"Polygon","coordinates":[[[24,9],[22,9],[22,10],[24,10],[24,9]]]}},{"type":"Feature","properties":{"shelf_id":"713B","bookcase_id":"119B","shelf_in_case":5,"side":"back","type":"shelf","physical_bookcase_id":119,"reserved_name":null,"reserved_faculty":null,"reserved":false},"geometry":{"type":"Polygon","coordinates":[[[24,8],[22,8],[22,9],[24,9],[24,8]]]}},{"type":"Feature","properties":{"shelf_id":"714B","bookcase_id":"119B","shelf_in_case":6,"side":"back","type":"shelf","physical_bookcase_id":119,"reserved_name":null,"reserved_faculty":null,"reserved":false},"geometry":{"type":"Polygon","coordinates":[[[24,7],[22,7],[22,8],[24,8],[24,7]]]}},{"type":"Feature","properties":{"shelf_id":"715B","bookcase_id":"120B","shelf_in_case":1,"side":"back","type":"shelf","physical_bookcase_id":120,"reserved_name":"AS Expo","reserved_faculty":"AS","reserved":true},"geometry":{"type":"Polygon","coordinates":[[[22,12],[20,12],[20,13],[22,13],[22,12]]]}},{"type":"Feature","properties":{"shelf_id":"716B","bookcase_id":"120B","shelf_in_case":2,"side":"back","type":"shelf","physical_bookcase_id":120,"reserved_name":"AS Expo","reserved_faculty":"AS","reserved":true},"geometry":{"type":"Polygon","coordinates":[[[22,11],[20,11],[20,12],[22,12],[22,11]]]}},{"type":"Feature","properties":{"shelf_id":"717B","bookcase_id":"120B","shelf_in_case":3,"side":"back","type":"shelf","physical_bookcase_id":120,"reserved_name":"AS Expo","reserved_faculty":"AS","reserved":true},"geometry":{"type":"Polygon","coordinates":[[[22,10],[20,10],[20,11],[22,11],[22,10]]]}},{"type":"Feature","properties":{"shelf_id":"718B","bookcase_id":"120B","shelf_in_case":4,"side":"back","type":"shelf","physical_bookcase_id":120,"reserved_name":"AS Expo","reserved_faculty":"AS","reserved":true},"geometry":{"type":"Polygon","coordinates":[[[22,9],[20,9],[20,10],[22,10],[22,9]]]}},{"type":"Feature","properties":{"shelf_id":"719B","bookcase_id":"120B","shelf_in_case":5,"side":"back","type":"shelf","physical_bookcase_id":120,"reserved_name":"AS Expo","reserved_faculty":"AS","reserved":true},"geometry":{"type":"Polygon","coordinates":[[[22,8],[20,8],[20,9],[22,9],[22,8]]]}},{"type":"Feature","properties":{"shelf_id":"720B","bookcase_id":"120B","shelf_in_case":6,"side":"back","type":"shelf","physical_bookcase_id":120,"reserved_name":"AS Expo","reserved_faculty":"AS","reserved":true},"geometry":{"type":"Polygon","coordinates":[[[22,7],[20,7],[20,8],[22,8],[22,7]]]}},{"type":"Feature","properties":{"shelf_id":"721B","bookcase_id":"121B","shelf_in_case":1,"side":"back","type":"shelf","physical_bookcase_id":121,"reserved_name":"AS Expo","reserved_faculty":"AS","reserved":true},"geometry":{"type":"Polygon","coordinates":[[[20,12],[18,12],[18,13],[20,13],[20,12]]]}},{"type":"Feature","properties":{"shelf_id":"722B","bookcase_id":"121B","shelf_in_case":2,"side":"back","type":"shelf","physical_bookcase_id":121,"reserved_name":"AS Expo","reserved_faculty":"AS","reserved":true},"geometry":{"type":"Polygon","coordinates":[[[20,11],[18,11],[18,12],[20,12],[20,11]]]}},{"type":"Feature","properties":{"shelf_id":"723B","bookcase_id":"121B","shelf_in_case":3,"side":"back","type":"shelf","physical_bookcase_id":121,"reserved_name":"AS Expo","reserved_faculty":"AS","reserved":true},"geometry":{"type":"Polygon","coordinates":[[[20,10],[18,10],[18,11],[20,11],[20,10]]]}},{"type":"Feature","properties":{"shelf_id":"724B","bookcase_id":"121B","shelf_in_case":4,"side":"back","type":"shelf","physical_bookcase_id":121,"reserved_name":"AS Expo","reserved_faculty":"AS","reserved":true},"geometry":{"type":"Polygon","coordinates":[[[20,9],[18,9],[18,10],[20,10],[20,9]]]}},{"type":"Feature","properties":{"shelf_id":"725B","bookcase_id":"121B","shelf_in_case":5,"side":"back","type":"shelf","physical_bookcase_id":121,"reserved_name":"AS Expo","reserved_faculty":"AS","reserved":true},"geometry":{"type":"Polygon","coordinates":[[[20,8],[18,8],[18,9],[20,9],[20,8]]]}},{"type":"Feature","properties":{"shelf_id":"726B","bookcase_id":"121B","shelf_in_case":6,"side":"back","type":"shelf","physical_bookcase_id":121,"reserved_name":"AS Expo","reserved_faculty":"AS","reserved":true},"geometry":{"type":"Polygon","coordinates":[[[20,7],[18,7],[18,8],[20,8],[20,7]]]}},{"type":"Feature","properties":{"shelf_id":"727B","bookcase_id":"122B","shelf_in_case":1,"side":"back","type":"shelf","physical_bookcase_id":122,"reserved_name":"AS Expo","reserved_faculty":"AS","reserved":true},"geometry":{"type":"Polygon","coordinates":[[[18,12],[16,12],[16,13],[18,13],[18,12]]]}},{"type":"Feature","properties":{"shelf_id":"728B","bookcase_id":"122B","shelf_in_case":2,"side":"back","type":"shelf","physical_bookcase_id":122,"reserved_name":"AS Expo","reserved_faculty":"AS","reserved":true},"geometry":{"type":"Polygon","coordinates":[[[18,11],[16,11],[16,12],[18,12],[18,11]]]}},{"type":"Feature","properties":{"shelf_id":"729B","bookcase_id":"122B","shelf_in_case":3,"side":"back","type":"shelf","physical_bookcase_id":122,"reserved_name":"AS Expo","reserved_faculty":"AS","reserved":true},"geometry":{"type":"Polygon","coordinates":[[[18,10],[16,10],[16,11],[18,11],[18,10]]]}},{"type":"Feature","properties":{"shelf_id":"730B","bookcase_id":"122B","shelf_in_case":4,"side":"back","type":"shelf","physical_bookcase_id":122,"reserved_name":"AS Expo","reserved_faculty":"AS","reserved":true},"geometry":{"type":"Polygon","coordinates":[[[18,9],[16,9],[16,10],[18,10],[18,9]]]}},{"type":"Feature","properties":{"shelf_id":"731B","bookcase_id":"122B","shelf_in_case":5,"side":"back","type":"shelf","physical_bookcase_id":122,"reserved_name":"AS Expo","reserved_faculty":"AS","reserved":true},"geometry":{"type":"Polygon","coordinates":[[[18,8],[16,8],[16,9],[18,9],[18,8]]]}},{"type":"Feature","properties":{"shelf_id":"732B","bookcase_id":"122B","shelf_in_case":6,"side":"back","type":"shelf","physical_bookcase_id":122,"reserved_name":"AS Expo","reserved_faculty":"AS","reserved":true},"geometry":{"type":"Polygon","coordinates":[[[18,7],[16,7],[16,8],[18,8],[18,7]]]}},{"type":"Feature","properties":{"shelf_id":"733B","bookcase_id":"123B","shelf_in_case":1,"side":"back","type":"shelf","physical_bookcase_id":123,"reserved_name":null,"reserved_faculty":null,"reserved":false},"geometry":{"type":"Polygon","coordinates":[[[16,12],[14,12],[14,13],[16,13],[16,12]]]}},{"type":"Feature","properties":{"shelf_id":"734B","bookcase_id":"123B","shelf_in_case":2,"side":"back","type":"shelf","physical_bookcase_id":123,"reserved_name":null,"reserved_faculty":null,"reserved":false},"geometry":{"type":"Polygon","coordinates":[[[16,11],[14,11],[14,12],[16,12],[16,11]]]}},{"type":"Feature","properties":{"shelf_id":"735B","bookcase_id":"123B","shelf_in_case":3,"side":"back","type":"shelf","physical_bookcase_id":123,"reserved_name":null,"reserved_faculty":null,"reserved":false},"geometry":{"type":"Polygon","coordinates":[[[16,10],[14,10],[14,11],[16,11],[16,10]]]}},{"type":"Feature","properties":{"shelf_id":"736B","bookcase_id":"123B","shelf_in_case":4,"side":"back","type":"shelf","physical_bookcase_id":123,"reserved_name":null,"reserved_faculty":null,"reserved":false},"geometry":{"type":"Polygon","coordinates":[[[16,9],[14,9],[14,10],[16,10],[16,9]]]}},{"type":"Feature","properties":{"shelf_id":"737B","bookcase_id":"123B","shelf_in_case":5,"side":"back","type":"shelf","physical_bookcase_id":123,"reserved_name":null,"reserved_faculty":null,"reserved":false},"geometry":{"type":"Polygon","coordinates":[[[16,8],[14,8],[14,9],[16,9],[16,8]]]}},{"type":"Feature","properties":{"shelf_id":"738B","bookcase_id":"123B","shelf_in_case":6,"side":"back","type":"shelf","physical_bookcase_id":123,"reserved_name":null,"reserved_faculty":null,"reserved":false},"geometry":{"type":"Polygon","coordinates":[[[16,7],[14,7],[14,8],[16,8],[16,7]]]}},{"type":"Feature","properties":{"shelf_id":"739B","bookcase_id":"124B","shelf_in_case":1,"side":"back","type":"shelf","physical_bookcase_id":124,"reserved_name":null,"reserved_faculty":null,"reserved":false},"geometry":{"type":"Polygon","coordinates":[[[14,12],[12,12],[12,13],[14,13],[14,12]]]}},{"type":"Feature","properties":{"shelf_id":"740B","bookcase_id":"124B","shelf_in_case":2,"side":"back","type":"shelf","physical_bookcase_id":124,"reserved_name":null,"reserved_faculty":null,"reserved":false},"geometry":{"type":"Polygon","coordinates":[[[14,11],[12,11],[12,12],[14,12],[14,11]]]}},{"type":"Feature","properties":{"shelf_id":"741B","bookcase_id":"124B","shelf_in_case":3,"side":"back","type":"shelf","physical_bookcase_id":124,"reserved_name":null,"reserved_faculty":null,"reserved":false},"geometry":{"type":"Polygon","coordinates":[[[14,10],[12,10],[12,11],[14,11],[14,10]]]}},{"type":"Feature","properties":{"shelf_id":"742B","bookcase_id":"124B","shelf_in_case":4,"side":"back","type":"shelf","physical_bookcase_id":124,"reserved_name":null,"reserved_faculty":null,"reserved":false},"geometry":{"type":"Polygon","coordinates":[[[14,9],[12,9],[12,10],[14,10],[14,9]]]}},{"type":"Feature","properties":{"shelf_id":"743B","bookcase_id":"124B","shelf_in_case":5,"side":"back","type":"shelf","physical_bookcase_id":124,"reserved_name":null,"reserved_faculty":null,"reserved":false},"geometry":{"type":"Polygon","coordinates":[[[14,8],[12,8],[12,9],[14,9],[14,8]]]}},{"type":"Feature","properties":{"shelf_id":"744B","bookcase_id":"124B","shelf_in_case":6,"side":"back","type":"shelf","physical_bookcase_id":124,"reserved_name":null,"reserved_faculty":null,"reserved":false},"geometry":{"type":"Polygon","coordinates":[[[14,7],[12,7],[12,8],[14,8],[14,7]]]}},{"type":"Feature","properties":{"shelf_id":"745B","bookcase_id":"125B","shelf_in_case":1,"side":"back","type":"shelf","physical_bookcase_id":125,"reserved_name":null,"reserved_faculty":null,"reserved":false},"geometry":{"type":"Polygon","coordinates":[[[12,12],[10,12],[10,13],[12,13],[12,12]]]}},{"type":"Feature","properties":{"shelf_id":"746B","bookcase_id":"125B","shelf_in_case":2,"side":"back","type":"shelf","physical_bookcase_id":125,"reserved_name":null,"reserved_faculty":null,"reserved":false},"geometry":{"type":"Polygon","coordinates":[[[12,11],[10,11],[10,12],[12,12],[12,11]]]}},{"type":"Feature","properties":{"shelf_id":"747B","bookcase_id":"125B","shelf_in_case":3,"side":"back","type":"shelf","physical_bookcase_id":125,"reserved_name":null,"reserved_faculty":null,"reserved":false},"geometry":{"type":"Polygon","coordinates":[[[12,10],[10,10],[10,11],[12,11],[12,10]]]}},{"type":"Feature","properties":{"shelf_id":"748B","bookcase_id":"125B","shelf_in_case":4,"side":"back","type":"shelf","physical_bookcase_id":125,"reserved_name":null,"reserved_faculty":null,"reserved":false},"geometry":{"type":"Polygon","coordinates":[[[12,9],[10,9],[10,10],[12,10],[12,9]]]}},{"type":"Feature","properties":{"shelf_id":"749B","bookcase_id":"125B","shelf_in_case":5,"side":"back","type":"shelf","physical_bookcase_id":125,"reserved_name":null,"reserved_faculty":null,"reserved":false},"geometry":{"type":"Polygon","coordinates":[[[12,8],[10,8],[10,9],[12,9],[12,8]]]}},{"type":"Feature","properties":{"shelf_id":"750B","bookcase_id":"125B","shelf_in_case":6,"side":"back","type":"shelf","physical_bookcase_id":125,"reserved_name":null,"reserved_faculty":null,"reserved":false},"geometry":{"type":"Polygon","coordinates":[[[12,7],[10,7],[10,8],[12,8],[12,7]]]}},{"type":"Feature","properties":{"shelf_id":"751B","bookcase_id":"126B","shelf_in_case":1,"side":"back","type":"shelf","physical_bookcase_id":126,"reserved_name":null,"reserved_faculty":null,"reserved":false},"geometry":{"type":"Polygon","coordinates":[[[8,12],[6,12],[6,13],[8,13],[8,12]]]}},{"type":"Feature","properties":{"shelf_id":"752B","bookcase_id":"126B","shelf_in_case":2,"side":"back","type":"shelf","physical_bookcase_id":126,"reserved_name":null,"reserved_faculty":null,"reserved":false},"geometry":{"type":"Polygon","coordinates":[[[8,11],[6,11],[6,12],[8,12],[8,11]]]}},{"type":"Feature","properties":{"shelf_id":"753B","bookcase_id":"126B","shelf_in_case":3,"side":"back","type":"shelf","physical_bookcase_id":126,"reserved_name":null,"reserved_faculty":null,"reserved":false},"geometry":{"type":"Polygon","coordinates":[[[8,10],[6,10],[6,11],[8,11],[8,10]]]}},{"type":"Feature","properties":{"shelf_id":"754B","bookcase_id":"126B","shelf_in_case":4,"side":"back","type":"shelf","physical_bookcase_id":126,"reserved_name":null,"reserved_faculty":null,"reserved":false},"geometry":{"type":"Polygon","coordinates":[[[8,9],[6,9],[6,10],[8,10],[8,9]]]}},{"type":"Feature","properties":{"shelf_id":"755B","bookcase_id":"126B","shelf_in_case":5,"side":"back","type":"shelf","physical_bookcase_id":126,"reserved_name":null,"reserved_faculty":null,"reserved":false},"geometry":{"type":"Polygon","coordinates":[[[8,8],[6,8],[6,9],[8,9],[8,8]]]}},{"type":"Feature","properties":{"shelf_id":"756B","bookcase_id":"126B","shelf_in_case":6,"side":"back","type":"shelf","physical_bookcase_id":126,"reserved_name":null,"reserved_faculty":null,"reserved":false},"geometry":{"type":"Polygon","coordinates":[[[8,7],[6,7],[6,8],[8,8],[8,7]]]}},{"type":"Feature","properties":{"shelf_id":"757B","bookcase_id":"127B","shelf_in_case":1,"side":"back","type":"shelf","physical_bookcase_id":127,"reserved_name":null,"reserved_faculty":null,"reserved":false},"geometry":{"type":"Polygon","coordinates":[[[6,12],[4,12],[4,13],[6,13],[6,12]]]}},{"type":"Feature","properties":{"shelf_id":"758B","bookcase_id":"127B","shelf_in_case":2,"side":"back","type":"shelf","physical_bookcase_id":127,"reserved_name":null,"reserved_faculty":null,"reserved":false},"geometry":{"type":"Polygon","coordinates":[[[6,11],[4,11],[4,12],[6,12],[6,11]]]}},{"type":"Feature","properties":{"shelf_id":"759B","bookcase_id":"127B","shelf_in_case":3,"side":"back","type":"shelf","physical_bookcase_id":127,"reserved_name":null,"reserved_faculty":null,"reserved":false},"geometry":{"type":"Polygon","coordinates":[[[6,10],[4,10],[4,11],[6,11],[6,10]]]}},{"type":"Feature","properties":{"shelf_id":"760B","bookcase_id":"127B","shelf_in_case":4,"side":"back","type":"shelf","physical_bookcase_id":127,"reserved_name":null,"reserved_faculty":null,"reserved":false},"geometry":{"type":"Polygon","coordinates":[[[6,9],[4,9],[4,10],[6,10],[6,9]]]}},{"type":"Feature","properties":{"shelf_id":"761B","bookcase_id":"127B","shelf_in_case":5,"side":"back","type":"shelf","physical_bookcase_id":127,"reserved_name":null,"reserved_faculty":null,"reserved":false},"geometry":{"type":"Polygon","coordinates":[[[6,8],[4,8],[4,9],[6,9],[6,8]]]}},{"type":"Feature","properties":{"shelf_id":"762B","bookcase_id":"127B","shelf_in_case":6,"side":"back","type":"shelf","physical_bookcase_id":127,"reserved_name":null,"reserved_faculty":null,"reserved":false},"geometry":{"type":"Polygon","coordinates":[[[6,7],[4,7],[4,8],[6,8],[6,7]]]}},{"type":"Feature","properties":{"shelf_id":"763B","bookcase_id":"128B","shelf_in_case":1,"side":"back","type":"shelf","physical_bookcase_id":128,"reserved_name":null,"reserved_faculty":null,"reserved":false},"geometry":{"type":"Polygon","coordinates":[[[4,12],[2,12],[2,13],[4,13],[4,12]]]}},{"type":"Feature","properties":{"shelf_id":"764B","bookcase_id":"128B","shelf_in_case":2,"side":"back","type":"shelf","physical_bookcase_id":128,"reserved_name":null,"reserved_faculty":null,"reserved":false},"geometry":{"type":"Polygon","coordinates":[[[4,11],[2,11],[2,12],[4,12],[4,11]]]}},{"type":"Feature","properties":{"shelf_id":"765B","bookcase_id":"128B","shelf_in_case":3,"side":"back","type":"shelf","physical_bookcase_id":128,"reserved_name":null,"reserved_faculty":null,"reserved":false},"geometry":{"type":"Polygon","coordinates":[[[4,10],[2,10],[2,11],[4,11],[4,10]]]}},{"type":"Feature","properties":{"shelf_id":"766B","bookcase_id":"128B","shelf_in_case":4,"side":"back","type":"shelf","physical_bookcase_id":128,"reserved_name":null,"reserved_faculty":null,"reserved":false},"geometry":{"type":"Polygon","coordinates":[[[4,9],[2,9],[2,10],[4,10],[4,9]]]}},{"type":"Feature","properties":{"shelf_id":"767B","bookcase_id":"128B","shelf_in_case":5,"side":"back","type":"shelf","physical_bookcase_id":128,"reserved_name":null,"reserved_faculty":null,"reserved":false},"geometry":{"type":"Polygon","coordinates":[[[4,8],[2,8],[2,9],[4,9],[4,8]]]}},{"type":"Feature","properties":{"shelf_id":"768B","bookcase_id":"128B","shelf_in_case":6,"side":"back","type":"shelf","physical_bookcase_id":128,"reserved_name":null,"reserved_faculty":null,"reserved":false},"geometry":{"type":"Polygon","coordinates":[[[4,7],[2,7],[2,8],[4,8],[4,7]]]}},{"type":"Feature","properties":{"shelf_id":"769B","bookcase_id":"129B","shelf_in_case":1,"side":"back","type":"shelf","physical_bookcase_id":129,"reserved_name":null,"reserved_faculty":null,"reserved":false},"geometry":{"type":"Polygon","coordinates":[[[2,12],[0,12],[0,13],[2,13],[2,12]]]}},{"type":"Feature","properties":{"shelf_id":"770B","bookcase_id":"129B","shelf_in_case":2,"side":"back","type":"shelf","physical_bookcase_id":129,"reserved_name":null,"reserved_faculty":null,"reserved":false},"geometry":{"type":"Polygon","coordinates":[[[2,11],[0,11],[0,12],[2,12],[2,11]]]}},{"type":"Feature","properties":{"shelf_id":"771B","bookcase_id":"129B","shelf_in_case":3,"side":"back","type":"shelf","physical_bookcase_id":129,"reserved_name":null,"reserved_faculty":null,"reserved":false},"geometry":{"type":"Polygon","coordinates":[[[2,10],[0,10],[0,11],[2,11],[2,10]]]}},{"type":"Feature","properties":{"shelf_id":"772B","bookcase_id":"129B","shelf_in_case":4,"side":"back","type":"shelf","physical_bookcase_id":129,"reserved_name":null,"reserved_faculty":null,"reserved":false},"geometry":{"type":"Polygon","coordinates":[[[2,9],[0,9],[0,10],[2,10],[2,9]]]}},{"type":"Feature","properties":{"shelf_id":"773B","bookcase_id":"129B","shelf_in_case":5,"side":"back","type":"shelf","physical_bookcase_id":129,"reserved_name":null,"reserved_faculty":null,"reserved":false},"geometry":{"type":"Polygon","coordinates":[[[2,8],[0,8],[0,9],[2,9],[2,8]]]}},{"type":"Feature","properties":{"shelf_id":"774B","bookcase_id":"129B","shelf_in_case":6,"side":"back","type":"shelf","physical_bookcase_id":129,"reserved_name":null,"reserved_faculty":null,"reserved":false},"geometry":{"type":"Polygon","coordinates":[[[2,7],[0,7],[0,8],[2,8],[2,7]]]}},{"type":"Feature","properties":{"shelf_id":"775B","bookcase_id":"130B","shelf_in_case":1,"side":"back","type":"shelf","physical_bookcase_id":130,"reserved_name":"Expo","reserved_faculty":"Other","reserved":true},"geometry":{"type":"Polygon","coordinates":[[[114,5],[112,5],[112,6],[114,6],[114,5]]]}},{"type":"Feature","properties":{"shelf_id":"776B","bookcase_id":"130B","shelf_in_case":2,"side":"back","type":"shelf","physical_bookcase_id":130,"reserved_name":"Expo","reserved_faculty":"Other","reserved":true},"geometry":{"type":"Polygon","coordinates":[[[114,4],[112,4],[112,5],[114,5],[114,4]]]}},{"type":"Feature","properties":{"shelf_id":"777B","bookcase_id":"130B","shelf_in_case":3,"side":"back","type":"shelf","physical_bookcase_id":130,"reserved_name":"Expo","reserved_faculty":"Other","reserved":true},"geometry":{"type":"Polygon","coordinates":[[[114,3],[112,3],[112,4],[114,4],[114,3]]]}},{"type":"Feature","properties":{"shelf_id":"778B","bookcase_id":"130B","shelf_in_case":4,"side":"back","type":"shelf","physical_bookcase_id":130,"reserved_name":"Expo","reserved_faculty":"Other","reserved":true},"geometry":{"type":"Polygon","coordinates":[[[114,2],[112,2],[112,3],[114,3],[114,2]]]}},{"type":"Feature","properties":{"shelf_id":"779B","bookcase_id":"130B","shelf_in_case":5,"side":"back","type":"shelf","physical_bookcase_id":130,"reserved_name":"Expo","reserved_faculty":"Other","reserved":true},"geometry":{"type":"Polygon","coordinates":[[[114,1],[112,1],[112,2],[114,2],[114,1]]]}},{"type":"Feature","properties":{"shelf_id":"780B","bookcase_id":"130B","shelf_in_case":6,"side":"back","type":"shelf","physical_bookcase_id":130,"reserved_name":"Expo","reserved_faculty":"Other","reserved":true},"geometry":{"type":"Polygon","coordinates":[[[114,0],[112,0],[112,1],[114,1],[114,0]]]}},{"type":"Feature","properties":{"shelf_id":"781B","bookcase_id":"131B","shelf_in_case":1,"side":"back","type":"shelf","physical_bookcase_id":131,"reserved_name":"Expo","reserved_faculty":"Other","reserved":true},"geometry":{"type":"Polygon","coordinates":[[[112,5],[110,5],[110,6],[112,6],[112,5]]]}},{"type":"Feature","properties":{"shelf_id":"782B","bookcase_id":"131B","shelf_in_case":2,"side":"back","type":"shelf","physical_bookcase_id":131,"reserved_name":"Expo","reserved_faculty":"Other","reserved":true},"geometry":{"type":"Polygon","coordinates":[[[112,4],[110,4],[110,5],[112,5],[112,4]]]}},{"type":"Feature","properties":{"shelf_id":"783B","bookcase_id":"131B","shelf_in_case":3,"side":"back","type":"shelf","physical_bookcase_id":131,"reserved_name":"Expo","reserved_faculty":"Other","reserved":true},"geometry":{"type":"Polygon","coordinates":[[[112,3],[110,3],[110,4],[112,4],[112,3]]]}},{"type":"Feature","properties":{"shelf_id":"784B","bookcase_id":"131B","shelf_in_case":4,"side":"back","type":"shelf","physical_bookcase_id":131,"reserved_name":"Expo","reserved_faculty":"Other","reserved":true},"geometry":{"type":"Polygon","coordinates":[[[112,2],[110,2],[110,3],[112,3],[112,2]]]}},{"type":"Feature","properties":{"shelf_id":"785B","bookcase_id":"131B","shelf_in_case":5,"side":"back","type":"shelf","physical_bookcase_id":131,"reserved_name":"Expo","reserved_faculty":"Other","reserved":true},"geometry":{"type":"Polygon","coordinates":[[[112,1],[110,1],[110,2],[112,2],[112,1]]]}},{"type":"Feature","properties":{"shelf_id":"786B","bookcase_id":"131B","shelf_in_case":6,"side":"back","type":"shelf","physical_bookcase_id":131,"reserved_name":"Expo","reserved_faculty":"Other","reserved":true},"geometry":{"type":"Polygon","coordinates":[[[112,0],[110,0],[110,1],[112,1],[112,0]]]}},{"type":"Feature","properties":{"shelf_id":"787B","bookcase_id":"132B","shelf_in_case":1,"side":"back","type":"shelf","physical_bookcase_id":132,"reserved_name":"Expo","reserved_faculty":"Other","reserved":true},"geometry":{"type":"Polygon","coordinates":[[[110,5],[108,5],[108,6],[110,6],[110,5]]]}},{"type":"Feature","properties":{"shelf_id":"788B","bookcase_id":"132B","shelf_in_case":2,"side":"back","type":"shelf","physical_bookcase_id":132,"reserved_name":"Expo","reserved_faculty":"Other","reserved":true},"geometry":{"type":"Polygon","coordinates":[[[110,4],[108,4],[108,5],[110,5],[110,4]]]}},{"type":"Feature","properties":{"shelf_id":"789B","bookcase_id":"132B","shelf_in_case":3,"side":"back","type":"shelf","physical_bookcase_id":132,"reserved_name":"Expo","reserved_faculty":"Other","reserved":true},"geometry":{"type":"Polygon","coordinates":[[[110,3],[108,3],[108,4],[110,4],[110,3]]]}},{"type":"Feature","properties":{"shelf_id":"790B","bookcase_id":"132B","shelf_in_case":4,"side":"back","type":"shelf","physical_bookcase_id":132,"reserved_name":"Expo","reserved_faculty":"Other","reserved":true},"geometry":{"type":"Polygon","coordinates":[[[110,2],[108,2],[108,3],[110,3],[110,2]]]}},{"type":"Feature","properties":{"shelf_id":"791B","bookcase_id":"132B","shelf_in_case":5,"side":"back","type":"shelf","physical_bookcase_id":132,"reserved_name":"Expo","reserved_faculty":"Other","reserved":true},"geometry":{"type":"Polygon","coordinates":[[[110,1],[108,1],[108,2],[110,2],[110,1]]]}},{"type":"Feature","properties":{"shelf_id":"792B","bookcase_id":"132B","shelf_in_case":6,"side":"back","type":"shelf","physical_bookcase_id":132,"reserved_name":"Expo","reserved_faculty":"Other","reserved":true},"geometry":{"type":"Polygon","coordinates":[[[110,0],[108,0],[108,1],[110,1],[110,0]]]}},{"type":"Feature","properties":{"shelf_id":"793B","bookcase_id":"133B","shelf_in_case":1,"side":"back","type":"shelf","physical_bookcase_id":133,"reserved_name":null,"reserved_faculty":null,"reserved":false},"geometry":{"type":"Polygon","coordinates":[[[108,5],[106,5],[106,6],[108,6],[108,5]]]}},{"type":"Feature","properties":{"shelf_id":"794B","bookcase_id":"133B","shelf_in_case":2,"side":"back","type":"shelf","physical_bookcase_id":133,"reserved_name":null,"reserved_faculty":null,"reserved":false},"geometry":{"type":"Polygon","coordinates":[[[108,4],[106,4],[106,5],[108,5],[108,4]]]}},{"type":"Feature","properties":{"shelf_id":"795B","bookcase_id":"133B","shelf_in_case":3,"side":"back","type":"shelf","physical_bookcase_id":133,"reserved_name":null,"reserved_faculty":null,"reserved":false},"geometry":{"type":"Polygon","coordinates":[[[108,3],[106,3],[106,4],[108,4],[108,3]]]}},{"type":"Feature","properties":{"shelf_id":"796B","bookcase_id":"133B","shelf_in_case":4,"side":"back","type":"shelf","physical_bookcase_id":133,"reserved_name":null,"reserved_faculty":null,"reserved":false},"geometry":{"type":"Polygon","coordinates":[[[108,2],[106,2],[106,3],[108,3],[108,2]]]}},{"type":"Feature","properties":{"shelf_id":"797B","bookcase_id":"133B","shelf_in_case":5,"side":"back","type":"shelf","physical_bookcase_id":133,"reserved_name":null,"reserved_faculty":null,"reserved":false},"geometry":{"type":"Polygon","coordinates":[[[108,1],[106,1],[106,2],[108,2],[108,1]]]}},{"type":"Feature","properties":{"shelf_id":"798B","bookcase_id":"133B","shelf_in_case":6,"side":"back","type":"shelf","physical_bookcase_id":133,"reserved_name":null,"reserved_faculty":null,"reserved":false},"geometry":{"type":"Polygon","coordinates":[[[108,0],[106,0],[106,1],[108,1],[108,0]]]}},{"type":"Feature","properties":{"shelf_id":"799B","bookcase_id":"134B","shelf_in_case":1,"side":"back","type":"shelf","physical_bookcase_id":134,"reserved_name":null,"reserved_faculty":null,"reserved":false},"geometry":{"type":"Polygon","coordinates":[[[106,5],[104,5],[104,6],[106,6],[106,5]]]}},{"type":"Feature","properties":{"shelf_id":"800B","bookcase_id":"134B","shelf_in_case":2,"side":"back","type":"shelf","physical_bookcase_id":134,"reserved_name":null,"reserved_faculty":null,"reserved":false},"geometry":{"type":"Polygon","coordinates":[[[106,4],[104,4],[104,5],[106,5],[106,4]]]}},{"type":"Feature","properties":{"shelf_id":"801B","bookcase_id":"134B","shelf_in_case":3,"side":"back","type":"shelf","physical_bookcase_id":134,"reserved_name":null,"reserved_faculty":null,"reserved":false},"geometry":{"type":"Polygon","coordinates":[[[106,3],[104,3],[104,4],[106,4],[106,3]]]}},{"type":"Feature","properties":{"shelf_id":"802B","bookcase_id":"134B","shelf_in_case":4,"side":"back","type":"shelf","physical_bookcase_id":134,"reserved_name":null,"reserved_faculty":null,"reserved":false},"geometry":{"type":"Polygon","coordinates":[[[106,2],[104,2],[104,3],[106,3],[106,2]]]}},{"type":"Feature","properties":{"shelf_id":"803B","bookcase_id":"134B","shelf_in_case":5,"side":"back","type":"shelf","physical_bookcase_id":134,"reserved_name":null,"reserved_faculty":null,"reserved":false},"geometry":{"type":"Polygon","coordinates":[[[106,1],[104,1],[104,2],[106,2],[106,1]]]}},{"type":"Feature","properties":{"shelf_id":"804B","bookcase_id":"134B","shelf_in_case":6,"side":"back","type":"shelf","physical_bookcase_id":134,"reserved_name":null,"reserved_faculty":null,"reserved":false},"geometry":{"type":"Polygon","coordinates":[[[106,0],[104,0],[104,1],[106,1],[106,0]]]}},{"type":"Feature","properties":{"shelf_id":"805B","bookcase_id":"135B","shelf_in_case":1,"side":"back","type":"shelf","physical_bookcase_id":135,"reserved_name":null,"reserved_faculty":null,"reserved":false},"geometry":{"type":"Polygon","coordinates":[[[104,5],[102,5],[102,6],[104,6],[104,5]]]}},{"type":"Feature","properties":{"shelf_id":"806B","bookcase_id":"135B","shelf_in_case":2,"side":"back","type":"shelf","physical_bookcase_id":135,"reserved_name":null,"reserved_faculty":null,"reserved":false},"geometry":{"type":"Polygon","coordinates":[[[104,4],[102,4],[102,5],[104,5],[104,4]]]}},{"type":"Feature","properties":{"shelf_id":"807B","bookcase_id":"135B","shelf_in_case":3,"side":"back","type":"shelf","physical_bookcase_id":135,"reserved_name":null,"reserved_faculty":null,"reserved":false},"geometry":{"type":"Polygon","coordinates":[[[104,3],[102,3],[102,4],[104,4],[104,3]]]}},{"type":"Feature","properties":{"shelf_id":"808B","bookcase_id":"135B","shelf_in_case":4,"side":"back","type":"shelf","physical_bookcase_id":135,"reserved_name":null,"reserved_faculty":null,"reserved":false},"geometry":{"type":"Polygon","coordinates":[[[104,2],[102,2],[102,3],[104,3],[104,2]]]}},{"type":"Feature","properties":{"shelf_id":"809B","bookcase_id":"135B","shelf_in_case":5,"side":"back","type":"shelf","physical_bookcase_id":135,"reserved_name":null,"reserved_faculty":null,"reserved":false},"geometry":{"type":"Polygon","coordinates":[[[104,1],[102,1],[102,2],[104,2],[104,1]]]}},{"type":"Feature","properties":{"shelf_id":"810B","bookcase_id":"135B","shelf_in_case":6,"side":"back","type":"shelf","physical_bookcase_id":135,"reserved_name":null,"reserved_faculty":null,"reserved":false},"geometry":{"type":"Polygon","coordinates":[[[104,0],[102,0],[102,1],[104,1],[104,0]]]}},{"type":"Feature","properties":{"shelf_id":"811B","bookcase_id":"136B","shelf_in_case":1,"side":"back","type":"shelf","physical_bookcase_id":136,"reserved_name":null,"reserved_faculty":null,"reserved":false},"geometry":{"type":"Polygon","coordinates":[[[102,5],[100,5],[100,6],[102,6],[102,5]]]}},{"type":"Feature","properties":{"shelf_id":"812B","bookcase_id":"136B","shelf_in_case":2,"side":"back","type":"shelf","physical_bookcase_id":136,"reserved_name":null,"reserved_faculty":null,"reserved":false},"geometry":{"type":"Polygon","coordinates":[[[102,4],[100,4],[100,5],[102,5],[102,4]]]}},{"type":"Feature","properties":{"shelf_id":"813B","bookcase_id":"136B","shelf_in_case":3,"side":"back","type":"shelf","physical_bookcase_id":136,"reserved_name":null,"reserved_faculty":null,"reserved":false},"geometry":{"type":"Polygon","coordinates":[[[102,3],[100,3],[100,4],[102,4],[102,3]]]}},{"type":"Feature","properties":{"shelf_id":"814B","bookcase_id":"136B","shelf_in_case":4,"side":"back","type":"shelf","physical_bookcase_id":136,"reserved_name":null,"reserved_faculty":null,"reserved":false},"geometry":{"type":"Polygon","coordinates":[[[102,2],[100,2],[100,3],[102,3],[102,2]]]}},{"type":"Feature","properties":{"shelf_id":"815B","bookcase_id":"136B","shelf_in_case":5,"side":"back","type":"shelf","physical_bookcase_id":136,"reserved_name":null,"reserved_faculty":null,"reserved":false},"geometry":{"type":"Polygon","coordinates":[[[102,1],[100,1],[100,2],[102,2],[102,1]]]}},{"type":"Feature","properties":{"shelf_id":"816B","bookcase_id":"136B","shelf_in_case":6,"side":"back","type":"shelf","physical_bookcase_id":136,"reserved_name":null,"reserved_faculty":null,"reserved":false},"geometry":{"type":"Polygon","coordinates":[[[102,0],[100,0],[100,1],[102,1],[102,0]]]}},{"type":"Feature","properties":{"shelf_id":"817B","bookcase_id":"137B","shelf_in_case":1,"side":"back","type":"shelf","physical_bookcase_id":137,"reserved_name":null,"reserved_faculty":null,"reserved":false},"geometry":{"type":"Polygon","coordinates":[[[100,5],[98,5],[98,6],[100,6],[100,5]]]}},{"type":"Feature","properties":{"shelf_id":"818B","bookcase_id":"137B","shelf_in_case":2,"side":"back","type":"shelf","physical_bookcase_id":137,"reserved_name":null,"reserved_faculty":null,"reserved":false},"geometry":{"type":"Polygon","coordinates":[[[100,4],[98,4],[98,5],[100,5],[100,4]]]}},{"type":"Feature","properties":{"shelf_id":"819B","bookcase_id":"137B","shelf_in_case":3,"side":"back","type":"shelf","physical_bookcase_id":137,"reserved_name":null,"reserved_faculty":null,"reserved":false},"geometry":{"type":"Polygon","coordinates":[[[100,3],[98,3],[98,4],[100,4],[100,3]]]}},{"type":"Feature","properties":{"shelf_id":"820B","bookcase_id":"137B","shelf_in_case":4,"side":"back","type":"shelf","physical_bookcase_id":137,"reserved_name":null,"reserved_faculty":null,"reserved":false},"geometry":{"type":"Polygon","coordinates":[[[100,2],[98,2],[98,3],[100,3],[100,2]]]}},{"type":"Feature","properties":{"shelf_id":"821B","bookcase_id":"137B","shelf_in_case":5,"side":"back","type":"shelf","physical_bookcase_id":137,"reserved_name":null,"reserved_faculty":null,"reserved":false},"geometry":{"type":"Polygon","coordinates":[[[100,1],[98,1],[98,2],[100,2],[100,1]]]}},{"type":"Feature","properties":{"shelf_id":"822B","bookcase_id":"137B","shelf_in_case":6,"side":"back","type":"shelf","physical_bookcase_id":137,"reserved_name":null,"reserved_faculty":null,"reserved":false},"geometry":{"type":"Polygon","coordinates":[[[100,0],[98,0],[98,1],[100,1],[100,0]]]}},{"type":"Feature","properties":{"shelf_id":"823B","bookcase_id":"138B","shelf_in_case":1,"side":"back","type":"shelf","physical_bookcase_id":138,"reserved_name":null,"reserved_faculty":null,"reserved":false},"geometry":{"type":"Polygon","coordinates":[[[98,5],[96,5],[96,6],[98,6],[98,5]]]}},{"type":"Feature","properties":{"shelf_id":"824B","bookcase_id":"138B","shelf_in_case":2,"side":"back","type":"shelf","physical_bookcase_id":138,"reserved_name":null,"reserved_faculty":null,"reserved":false},"geometry":{"type":"Polygon","coordinates":[[[98,4],[96,4],[96,5],[98,5],[98,4]]]}},{"type":"Feature","properties":{"shelf_id":"825B","bookcase_id":"138B","shelf_in_case":3,"side":"back","type":"shelf","physical_bookcase_id":138,"reserved_name":null,"reserved_faculty":null,"reserved":false},"geometry":{"type":"Polygon","coordinates":[[[98,3],[96,3],[96,4],[98,4],[98,3]]]}},{"type":"Feature","properties":{"shelf_id":"826B","bookcase_id":"138B","shelf_in_case":4,"side":"back","type":"shelf","physical_bookcase_id":138,"reserved_name":null,"reserved_faculty":null,"reserved":false},"geometry":{"type":"Polygon","coordinates":[[[98,2],[96,2],[96,3],[98,3],[98,2]]]}},{"type":"Feature","properties":{"shelf_id":"827B","bookcase_id":"138B","shelf_in_case":5,"side":"back","type":"shelf","physical_bookcase_id":138,"reserved_name":null,"reserved_faculty":null,"reserved":false},"geometry":{"type":"Polygon","coordinates":[[[98,1],[96,1],[96,2],[98,2],[98,1]]]}},{"type":"Feature","properties":{"shelf_id":"828B","bookcase_id":"138B","shelf_in_case":6,"side":"back","type":"shelf","physical_bookcase_id":138,"reserved_name":null,"reserved_faculty":null,"reserved":false},"geometry":{"type":"Polygon","coordinates":[[[98,0],[96,0],[96,1],[98,1],[98,0]]]}},{"type":"Feature","properties":{"shelf_id":"829B","bookcase_id":"139B","shelf_in_case":1,"side":"back","type":"shelf","physical_bookcase_id":139,"reserved_name":null,"reserved_faculty":null,"reserved":false},"geometry":{"type":"Polygon","coordinates":[[[96,5],[94,5],[94,6],[96,6],[96,5]]]}},{"type":"Feature","properties":{"shelf_id":"830B","bookcase_id":"139B","shelf_in_case":2,"side":"back","type":"shelf","physical_bookcase_id":139,"reserved_name":null,"reserved_faculty":null,"reserved":false},"geometry":{"type":"Polygon","coordinates":[[[96,4],[94,4],[94,5],[96,5],[96,4]]]}},{"type":"Feature","properties":{"shelf_id":"831B","bookcase_id":"139B","shelf_in_case":3,"side":"back","type":"shelf","physical_bookcase_id":139,"reserved_name":null,"reserved_faculty":null,"reserved":false},"geometry":{"type":"Polygon","coordinates":[[[96,3],[94,3],[94,4],[96,4],[96,3]]]}},{"type":"Feature","properties":{"shelf_id":"832B","bookcase_id":"139B","shelf_in_case":4,"side":"back","type":"shelf","physical_bookcase_id":139,"reserved_name":null,"reserved_faculty":null,"reserved":false},"geometry":{"type":"Polygon","coordinates":[[[96,2],[94,2],[94,3],[96,3],[96,2]]]}},{"type":"Feature","properties":{"shelf_id":"833B","bookcase_id":"139B","shelf_in_case":5,"side":"back","type":"shelf","physical_bookcase_id":139,"reserved_name":null,"reserved_faculty":null,"reserved":false},"geometry":{"type":"Polygon","coordinates":[[[96,1],[94,1],[94,2],[96,2],[96,1]]]}},{"type":"Feature","properties":{"shelf_id":"834B","bookcase_id":"139B","shelf_in_case":6,"side":"back","type":"shelf","physical_bookcase_id":139,"reserved_name":null,"reserved_faculty":null,"reserved":false},"geometry":{"type":"Polygon","coordinates":[[[96,0],[94,0],[94,1],[96,1],[96,0]]]}},{"type":"Feature","properties":{"shelf_id":"835B","bookcase_id":"140B","shelf_in_case":1,"side":"back","type":"shelf","physical_bookcase_id":140,"reserved_name":null,"reserved_faculty":null,"reserved":false},"geometry":{"type":"Polygon","coordinates":[[[92,5],[90,5],[90,6],[92,6],[92,5]]]}},{"type":"Feature","properties":{"shelf_id":"836B","bookcase_id":"140B","shelf_in_case":2,"side":"back","type":"shelf","physical_bookcase_id":140,"reserved_name":null,"reserved_faculty":null,"reserved":false},"geometry":{"type":"Polygon","coordinates":[[[92,4],[90,4],[90,5],[92,5],[92,4]]]}},{"type":"Feature","properties":{"shelf_id":"837B","bookcase_id":"140B","shelf_in_case":3,"side":"back","type":"shelf","physical_bookcase_id":140,"reserved_name":null,"reserved_faculty":null,"reserved":false},"geometry":{"type":"Polygon","coordinates":[[[92,3],[90,3],[90,4],[92,4],[92,3]]]}},{"type":"Feature","properties":{"shelf_id":"838B","bookcase_id":"140B","shelf_in_case":4,"side":"back","type":"shelf","physical_bookcase_id":140,"reserved_name":null,"reserved_faculty":null,"reserved":false},"geometry":{"type":"Polygon","coordinates":[[[92,2],[90,2],[90,3],[92,3],[92,2]]]}},{"type":"Feature","properties":{"shelf_id":"839B","bookcase_id":"140B","shelf_in_case":5,"side":"back","type":"shelf","physical_bookcase_id":140,"reserved_name":null,"reserved_faculty":null,"reserved":false},"geometry":{"type":"Polygon","coordinates":[[[92,1],[90,1],[90,2],[92,2],[92,1]]]}},{"type":"Feature","properties":{"shelf_id":"840B","bookcase_id":"140B","shelf_in_case":6,"side":"back","type":"shelf","physical_bookcase_id":140,"reserved_name":null,"reserved_faculty":null,"reserved":false},"geometry":{"type":"Polygon","coordinates":[[[92,0],[90,0],[90,1],[92,1],[92,0]]]}},{"type":"Feature","properties":{"shelf_id":"841B","bookcase_id":"141B","shelf_in_case":1,"side":"back","type":"shelf","physical_bookcase_id":141,"reserved_name":null,"reserved_faculty":null,"reserved":false},"geometry":{"type":"Polygon","coordinates":[[[90,5],[88,5],[88,6],[90,6],[90,5]]]}},{"type":"Feature","properties":{"shelf_id":"842B","bookcase_id":"141B","shelf_in_case":2,"side":"back","type":"shelf","physical_bookcase_id":141,"reserved_name":null,"reserved_faculty":null,"reserved":false},"geometry":{"type":"Polygon","coordinates":[[[90,4],[88,4],[88,5],[90,5],[90,4]]]}},{"type":"Feature","properties":{"shelf_id":"843B","bookcase_id":"141B","shelf_in_case":3,"side":"back","type":"shelf","physical_bookcase_id":141,"reserved_name":null,"reserved_faculty":null,"reserved":false},"geometry":{"type":"Polygon","coordinates":[[[90,3],[88,3],[88,4],[90,4],[90,3]]]}},{"type":"Feature","properties":{"shelf_id":"844B","bookcase_id":"141B","shelf_in_case":4,"side":"back","type":"shelf","physical_bookcase_id":141,"reserved_name":null,"reserved_faculty":null,"reserved":false},"geometry":{"type":"Polygon","coordinates":[[[90,2],[88,2],[88,3],[90,3],[90,2]]]}},{"type":"Feature","properties":{"shelf_id":"845B","bookcase_id":"141B","shelf_in_case":5,"side":"back","type":"shelf","physical_bookcase_id":141,"reserved_name":null,"reserved_faculty":null,"reserved":false},"geometry":{"type":"Polygon","coordinates":[[[90,1],[88,1],[88,2],[90,2],[90,1]]]}},{"type":"Feature","properties":{"shelf_id":"846B","bookcase_id":"141B","shelf_in_case":6,"side":"back","type":"shelf","physical_bookcase_id":141,"reserved_name":null,"reserved_faculty":null,"reserved":false},"geometry":{"type":"Polygon","coordinates":[[[90,0],[88,0],[88,1],[90,1],[90,0]]]}},{"type":"Feature","properties":{"shelf_id":"847B","bookcase_id":"142B","shelf_in_case":1,"side":"back","type":"shelf","physical_bookcase_id":142,"reserved_name":null,"reserved_faculty":null,"reserved":false},"geometry":{"type":"Polygon","coordinates":[[[88,5],[86,5],[86,6],[88,6],[88,5]]]}},{"type":"Feature","properties":{"shelf_id":"848B","bookcase_id":"142B","shelf_in_case":2,"side":"back","type":"shelf","physical_bookcase_id":142,"reserved_name":null,"reserved_faculty":null,"reserved":false},"geometry":{"type":"Polygon","coordinates":[[[88,4],[86,4],[86,5],[88,5],[88,4]]]}},{"type":"Feature","properties":{"shelf_id":"849B","bookcase_id":"142B","shelf_in_case":3,"side":"back","type":"shelf","physical_bookcase_id":142,"reserved_name":null,"reserved_faculty":null,"reserved":false},"geometry":{"type":"Polygon","coordinates":[[[88,3],[86,3],[86,4],[88,4],[88,3]]]}},{"type":"Feature","properties":{"shelf_id":"850B","bookcase_id":"142B","shelf_in_case":4,"side":"back","type":"shelf","physical_bookcase_id":142,"reserved_name":null,"reserved_faculty":null,"reserved":false},"geometry":{"type":"Polygon","coordinates":[[[88,2],[86,2],[86,3],[88,3],[88,2]]]}},{"type":"Feature","properties":{"shelf_id":"851B","bookcase_id":"142B","shelf_in_case":5,"side":"back","type":"shelf","physical_bookcase_id":142,"reserved_name":null,"reserved_faculty":null,"reserved":false},"geometry":{"type":"Polygon","coordinates":[[[88,1],[86,1],[86,2],[88,2],[88,1]]]}},{"type":"Feature","properties":{"shelf_id":"852B","bookcase_id":"142B","shelf_in_case":6,"side":"back","type":"shelf","physical_bookcase_id":142,"reserved_name":null,"reserved_faculty":null,"reserved":false},"geometry":{"type":"Polygon","coordinates":[[[88,0],[86,0],[86,1],[88,1],[88,0]]]}},{"type":"Feature","properties":{"shelf_id":"853B","bookcase_id":"143B","shelf_in_case":1,"side":"back","type":"shelf","physical_bookcase_id":143,"reserved_name":null,"reserved_faculty":null,"reserved":false},"geometry":{"type":"Polygon","coordinates":[[[86,5],[84,5],[84,6],[86,6],[86,5]]]}},{"type":"Feature","properties":{"shelf_id":"854B","bookcase_id":"143B","shelf_in_case":2,"side":"back","type":"shelf","physical_bookcase_id":143,"reserved_name":null,"reserved_faculty":null,"reserved":false},"geometry":{"type":"Polygon","coordinates":[[[86,4],[84,4],[84,5],[86,5],[86,4]]]}},{"type":"Feature","properties":{"shelf_id":"855B","bookcase_id":"143B","shelf_in_case":3,"side":"back","type":"shelf","physical_bookcase_id":143,"reserved_name":null,"reserved_faculty":null,"reserved":false},"geometry":{"type":"Polygon","coordinates":[[[86,3],[84,3],[84,4],[86,4],[86,3]]]}},{"type":"Feature","properties":{"shelf_id":"856B","bookcase_id":"143B","shelf_in_case":4,"side":"back","type":"shelf","physical_bookcase_id":143,"reserved_name":null,"reserved_faculty":null,"reserved":false},"geometry":{"type":"Polygon","coordinates":[[[86,2],[84,2],[84,3],[86,3],[86,2]]]}},{"type":"Feature","properties":{"shelf_id":"857B","bookcase_id":"143B","shelf_in_case":5,"side":"back","type":"shelf","physical_bookcase_id":143,"reserved_name":null,"reserved_faculty":null,"reserved":false},"geometry":{"type":"Polygon","coordinates":[[[86,1],[84,1],[84,2],[86,2],[86,1]]]}},{"type":"Feature","properties":{"shelf_id":"858B","bookcase_id":"143B","shelf_in_case":6,"side":"back","type":"shelf","physical_bookcase_id":143,"reserved_name":null,"reserved_faculty":null,"reserved":false},"geometry":{"type":"Polygon","coordinates":[[[86,0],[84,0],[84,1],[86,1],[86,0]]]}},{"type":"Feature","properties":{"shelf_id":"859B","bookcase_id":"144B","shelf_in_case":1,"side":"back","type":"shelf","physical_bookcase_id":144,"reserved_name":null,"reserved_faculty":null,"reserved":false},"geometry":{"type":"Polygon","coordinates":[[[84,5],[82,5],[82,6],[84,6],[84,5]]]}},{"type":"Feature","properties":{"shelf_id":"860B","bookcase_id":"144B","shelf_in_case":2,"side":"back","type":"shelf","physical_bookcase_id":144,"reserved_name":null,"reserved_faculty":null,"reserved":false},"geometry":{"type":"Polygon","coordinates":[[[84,4],[82,4],[82,5],[84,5],[84,4]]]}},{"type":"Feature","properties":{"shelf_id":"861B","bookcase_id":"144B","shelf_in_case":3,"side":"back","type":"shelf","physical_bookcase_id":144,"reserved_name":null,"reserved_faculty":null,"reserved":false},"geometry":{"type":"Polygon","coordinates":[[[84,3],[82,3],[82,4],[84,4],[84,3]]]}},{"type":"Feature","properties":{"shelf_id":"862B","bookcase_id":"144B","shelf_in_case":4,"side":"back","type":"shelf","physical_bookcase_id":144,"reserved_name":null,"reserved_faculty":null,"reserved":false},"geometry":{"type":"Polygon","coordinates":[[[84,2],[82,2],[82,3],[84,3],[84,2]]]}},{"type":"Feature","properties":{"shelf_id":"863B","bookcase_id":"144B","shelf_in_case":5,"side":"back","type":"shelf","physical_bookcase_id":144,"reserved_name":null,"reserved_faculty":null,"reserved":false},"geometry":{"type":"Polygon","coordinates":[[[84,1],[82,1],[82,2],[84,2],[84,1]]]}},{"type":"Feature","properties":{"shelf_id":"864B","bookcase_id":"144B","shelf_in_case":6,"side":"back","type":"shelf","physical_bookcase_id":144,"reserved_name":null,"reserved_faculty":null,"reserved":false},"geometry":{"type":"Polygon","coordinates":[[[84,0],[82,0],[82,1],[84,1],[84,0]]]}},{"type":"Feature","properties":{"shelf_id":"865B","bookcase_id":"145B","shelf_in_case":1,"side":"back","type":"shelf","physical_bookcase_id":145,"reserved_name":null,"reserved_faculty":null,"reserved":false},"geometry":{"type":"Polygon","coordinates":[[[82,5],[80,5],[80,6],[82,6],[82,5]]]}},{"type":"Feature","properties":{"shelf_id":"866B","bookcase_id":"145B","shelf_in_case":2,"side":"back","type":"shelf","physical_bookcase_id":145,"reserved_name":null,"reserved_faculty":null,"reserved":false},"geometry":{"type":"Polygon","coordinates":[[[82,4],[80,4],[80,5],[82,5],[82,4]]]}},{"type":"Feature","properties":{"shelf_id":"867B","bookcase_id":"145B","shelf_in_case":3,"side":"back","type":"shelf","physical_bookcase_id":145,"reserved_name":null,"reserved_faculty":null,"reserved":false},"geometry":{"type":"Polygon","coordinates":[[[82,3],[80,3],[80,4],[82,4],[82,3]]]}},{"type":"Feature","properties":{"shelf_id":"868B","bookcase_id":"145B","shelf_in_case":4,"side":"back","type":"shelf","physical_bookcase_id":145,"reserved_name":null,"reserved_faculty":null,"reserved":false},"geometry":{"type":"Polygon","coordinates":[[[82,2],[80,2],[80,3],[82,3],[82,2]]]}},{"type":"Feature","properties":{"shelf_id":"869B","bookcase_id":"145B","shelf_in_case":5,"side":"back","type":"shelf","physical_bookcase_id":145,"reserved_name":null,"reserved_faculty":null,"reserved":false},"geometry":{"type":"Polygon","coordinates":[[[82,1],[80,1],[80,2],[82,2],[82,1]]]}},{"type":"Feature","properties":{"shelf_id":"870B","bookcase_id":"145B","shelf_in_case":6,"side":"back","type":"shelf","physical_bookcase_id":145,"reserved_name":null,"reserved_faculty":null,"reserved":false},"geometry":{"type":"Polygon","coordinates":[[[82,0],[80,0],[80,1],[82,1],[82,0]]]}},{"type":"Feature","properties":{"shelf_id":"871B","bookcase_id":"146B","shelf_in_case":1,"side":"back","type":"shelf","physical_bookcase_id":146,"reserved_name":null,"reserved_faculty":null,"reserved":false},"geometry":{"type":"Polygon","coordinates":[[[80,5],[78,5],[78,6],[80,6],[80,5]]]}},{"type":"Feature","properties":{"shelf_id":"872B","bookcase_id":"146B","shelf_in_case":2,"side":"back","type":"shelf","physical_bookcase_id":146,"reserved_name":null,"reserved_faculty":null,"reserved":false},"geometry":{"type":"Polygon","coordinates":[[[80,4],[78,4],[78,5],[80,5],[80,4]]]}},{"type":"Feature","properties":{"shelf_id":"873B","bookcase_id":"146B","shelf_in_case":3,"side":"back","type":"shelf","physical_bookcase_id":146,"reserved_name":null,"reserved_faculty":null,"reserved":false},"geometry":{"type":"Polygon","coordinates":[[[80,3],[78,3],[78,4],[80,4],[80,3]]]}},{"type":"Feature","properties":{"shelf_id":"874B","bookcase_id":"146B","shelf_in_case":4,"side":"back","type":"shelf","physical_bookcase_id":146,"reserved_name":null,"reserved_faculty":null,"reserved":false},"geometry":{"type":"Polygon","coordinates":[[[80,2],[78,2],[78,3],[80,3],[80,2]]]}},{"type":"Feature","properties":{"shelf_id":"875B","bookcase_id":"146B","shelf_in_case":5,"side":"back","type":"shelf","physical_bookcase_id":146,"reserved_name":null,"reserved_faculty":null,"reserved":false},"geometry":{"type":"Polygon","coordinates":[[[80,1],[78,1],[78,2],[80,2],[80,1]]]}},{"type":"Feature","properties":{"shelf_id":"876B","bookcase_id":"146B","shelf_in_case":6,"side":"back","type":"shelf","physical_bookcase_id":146,"reserved_name":null,"reserved_faculty":null,"reserved":false},"geometry":{"type":"Polygon","coordinates":[[[80,0],[78,0],[78,1],[80,1],[80,0]]]}},{"type":"Feature","properties":{"shelf_id":"877B","bookcase_id":"147B","shelf_in_case":1,"side":"back","type":"shelf","physical_bookcase_id":147,"reserved_name":null,"reserved_faculty":null,"reserved":false},"geometry":{"type":"Polygon","coordinates":[[[78,5],[76,5],[76,6],[78,6],[78,5]]]}},{"type":"Feature","properties":{"shelf_id":"878B","bookcase_id":"147B","shelf_in_case":2,"side":"back","type":"shelf","physical_bookcase_id":147,"reserved_name":null,"reserved_faculty":null,"reserved":false},"geometry":{"type":"Polygon","coordinates":[[[78,4],[76,4],[76,5],[78,5],[78,4]]]}},{"type":"Feature","properties":{"shelf_id":"879B","bookcase_id":"147B","shelf_in_case":3,"side":"back","type":"shelf","physical_bookcase_id":147,"reserved_name":null,"reserved_faculty":null,"reserved":false},"geometry":{"type":"Polygon","coordinates":[[[78,3],[76,3],[76,4],[78,4],[78,3]]]}},{"type":"Feature","properties":{"shelf_id":"880B","bookcase_id":"147B","shelf_in_case":4,"side":"back","type":"shelf","physical_bookcase_id":147,"reserved_name":null,"reserved_faculty":null,"reserved":false},"geometry":{"type":"Polygon","coordinates":[[[78,2],[76,2],[76,3],[78,3],[78,2]]]}},{"type":"Feature","properties":{"shelf_id":"881B","bookcase_id":"147B","shelf_in_case":5,"side":"back","type":"shelf","physical_bookcase_id":147,"reserved_name":null,"reserved_faculty":null,"reserved":false},"geometry":{"type":"Polygon","coordinates":[[[78,1],[76,1],[76,2],[78,2],[78,1]]]}},{"type":"Feature","properties":{"shelf_id":"882B","bookcase_id":"147B","shelf_in_case":6,"side":"back","type":"shelf","physical_bookcase_id":147,"reserved_name":null,"reserved_faculty":null,"reserved":false},"geometry":{"type":"Polygon","coordinates":[[[78,0],[76,0],[76,1],[78,1],[78,0]]]}},{"type":"Feature","properties":{"shelf_id":"883B","bookcase_id":"148B","shelf_in_case":1,"side":"back","type":"shelf","physical_bookcase_id":148,"reserved_name":null,"reserved_faculty":null,"reserved":false},"geometry":{"type":"Polygon","coordinates":[[[76,5],[74,5],[74,6],[76,6],[76,5]]]}},{"type":"Feature","properties":{"shelf_id":"884B","bookcase_id":"148B","shelf_in_case":2,"side":"back","type":"shelf","physical_bookcase_id":148,"reserved_name":null,"reserved_faculty":null,"reserved":false},"geometry":{"type":"Polygon","coordinates":[[[76,4],[74,4],[74,5],[76,5],[76,4]]]}},{"type":"Feature","properties":{"shelf_id":"885B","bookcase_id":"148B","shelf_in_case":3,"side":"back","type":"shelf","physical_bookcase_id":148,"reserved_name":null,"reserved_faculty":null,"reserved":false},"geometry":{"type":"Polygon","coordinates":[[[76,3],[74,3],[74,4],[76,4],[76,3]]]}},{"type":"Feature","properties":{"shelf_id":"886B","bookcase_id":"148B","shelf_in_case":4,"side":"back","type":"shelf","physical_bookcase_id":148,"reserved_name":null,"reserved_faculty":null,"reserved":false},"geometry":{"type":"Polygon","coordinates":[[[76,2],[74,2],[74,3],[76,3],[76,2]]]}},{"type":"Feature","properties":{"shelf_id":"887B","bookcase_id":"148B","shelf_in_case":5,"side":"back","type":"shelf","physical_bookcase_id":148,"reserved_name":null,"reserved_faculty":null,"reserved":false},"geometry":{"type":"Polygon","coordinates":[[[76,1],[74,1],[74,2],[76,2],[76,1]]]}},{"type":"Feature","properties":{"shelf_id":"888B","bookcase_id":"148B","shelf_in_case":6,"side":"back","type":"shelf","physical_bookcase_id":148,"reserved_name":null,"reserved_faculty":null,"reserved":false},"geometry":{"type":"Polygon","coordinates":[[[76,0],[74,0],[74,1],[76,1],[76,0]]]}},{"type":"Feature","properties":{"shelf_id":"889B","bookcase_id":"149B","shelf_in_case":1,"side":"back","type":"shelf","physical_bookcase_id":149,"reserved_name":null,"reserved_faculty":null,"reserved":false},"geometry":{"type":"Polygon","coordinates":[[[74,5],[72,5],[72,6],[74,6],[74,5]]]}},{"type":"Feature","properties":{"shelf_id":"890B","bookcase_id":"149B","shelf_in_case":2,"side":"back","type":"shelf","physical_bookcase_id":149,"reserved_name":null,"reserved_faculty":null,"reserved":false},"geometry":{"type":"Polygon","coordinates":[[[74,4],[72,4],[72,5],[74,5],[74,4]]]}},{"type":"Feature","properties":{"shelf_id":"891B","bookcase_id":"149B","shelf_in_case":3,"side":"back","type":"shelf","physical_bookcase_id":149,"reserved_name":null,"reserved_faculty":null,"reserved":false},"geometry":{"type":"Polygon","coordinates":[[[74,3],[72,3],[72,4],[74,4],[74,3]]]}},{"type":"Feature","properties":{"shelf_id":"892B","bookcase_id":"149B","shelf_in_case":4,"side":"back","type":"shelf","physical_bookcase_id":149,"reserved_name":null,"reserved_faculty":null,"reserved":false},"geometry":{"type":"Polygon","coordinates":[[[74,2],[72,2],[72,3],[74,3],[74,2]]]}},{"type":"Feature","properties":{"shelf_id":"893B","bookcase_id":"149B","shelf_in_case":5,"side":"back","type":"shelf","physical_bookcase_id":149,"reserved_name":null,"reserved_faculty":null,"reserved":false},"geometry":{"type":"Polygon","coordinates":[[[74,1],[72,1],[72,2],[74,2],[74,1]]]}},{"type":"Feature","properties":{"shelf_id":"894B","bookcase_id":"149B","shelf_in_case":6,"side":"back","type":"shelf","physical_bookcase_id":149,"reserved_name":null,"reserved_faculty":null,"reserved":false},"geometry":{"type":"Polygon","coordinates":[[[74,0],[72,0],[72,1],[74,1],[74,0]]]}},{"type":"Feature","properties":{"shelf_id":"895B","bookcase_id":"150B","shelf_in_case":1,"side":"back","type":"shelf","physical_bookcase_id":150,"reserved_name":null,"reserved_faculty":null,"reserved":false},"geometry":{"type":"Polygon","coordinates":[[[72,5],[70,5],[70,6],[72,6],[72,5]]]}},{"type":"Feature","properties":{"shelf_id":"896B","bookcase_id":"150B","shelf_in_case":2,"side":"back","type":"shelf","physical_bookcase_id":150,"reserved_name":null,"reserved_faculty":null,"reserved":false},"geometry":{"type":"Polygon","coordinates":[[[72,4],[70,4],[70,5],[72,5],[72,4]]]}},{"type":"Feature","properties":{"shelf_id":"897B","bookcase_id":"150B","shelf_in_case":3,"side":"back","type":"shelf","physical_bookcase_id":150,"reserved_name":null,"reserved_faculty":null,"reserved":false},"geometry":{"type":"Polygon","coordinates":[[[72,3],[70,3],[70,4],[72,4],[72,3]]]}},{"type":"Feature","properties":{"shelf_id":"898B","bookcase_id":"150B","shelf_in_case":4,"side":"back","type":"shelf","physical_bookcase_id":150,"reserved_name":null,"reserved_faculty":null,"reserved":false},"geometry":{"type":"Polygon","coordinates":[[[72,2],[70,2],[70,3],[72,3],[72,2]]]}},{"type":"Feature","properties":{"shelf_id":"899B","bookcase_id":"150B","shelf_in_case":5,"side":"back","type":"shelf","physical_bookcase_id":150,"reserved_name":null,"reserved_faculty":null,"reserved":false},"geometry":{"type":"Polygon","coordinates":[[[72,1],[70,1],[70,2],[72,2],[72,1]]]}},{"type":"Feature","properties":{"shelf_id":"900B","bookcase_id":"150B","shelf_in_case":6,"side":"back","type":"shelf","physical_bookcase_id":150,"reserved_name":null,"reserved_faculty":null,"reserved":false},"geometry":{"type":"Polygon","coordinates":[[[72,0],[70,0],[70,1],[72,1],[72,0]]]}},{"type":"Feature","properties":{"shelf_id":"901B","bookcase_id":"151B","shelf_in_case":1,"side":"back","type":"shelf","physical_bookcase_id":151,"reserved_name":null,"reserved_faculty":null,"reserved":false},"geometry":{"type":"Polygon","coordinates":[[[70,5],[68,5],[68,6],[70,6],[70,5]]]}},{"type":"Feature","properties":{"shelf_id":"902B","bookcase_id":"151B","shelf_in_case":2,"side":"back","type":"shelf","physical_bookcase_id":151,"reserved_name":null,"reserved_faculty":null,"reserved":false},"geometry":{"type":"Polygon","coordinates":[[[70,4],[68,4],[68,5],[70,5],[70,4]]]}},{"type":"Feature","properties":{"shelf_id":"903B","bookcase_id":"151B","shelf_in_case":3,"side":"back","type":"shelf","physical_bookcase_id":151,"reserved_name":null,"reserved_faculty":null,"reserved":false},"geometry":{"type":"Polygon","coordinates":[[[70,3],[68,3],[68,4],[70,4],[70,3]]]}},{"type":"Feature","properties":{"shelf_id":"904B","bookcase_id":"151B","shelf_in_case":4,"side":"back","type":"shelf","physical_bookcase_id":151,"reserved_name":null,"reserved_faculty":null,"reserved":false},"geometry":{"type":"Polygon","coordinates":[[[70,2],[68,2],[68,3],[70,3],[70,2]]]}},{"type":"Feature","properties":{"shelf_id":"905B","bookcase_id":"151B","shelf_in_case":5,"side":"back","type":"shelf","physical_bookcase_id":151,"reserved_name":null,"reserved_faculty":null,"reserved":false},"geometry":{"type":"Polygon","coordinates":[[[70,1],[68,1],[68,2],[70,2],[70,1]]]}},{"type":"Feature","properties":{"shelf_id":"906B","bookcase_id":"151B","shelf_in_case":6,"side":"back","type":"shelf","physical_bookcase_id":151,"reserved_name":null,"reserved_faculty":null,"reserved":false},"geometry":{"type":"Polygon","coordinates":[[[70,0],[68,0],[68,1],[70,1],[70,0]]]}},{"type":"Feature","properties":{"shelf_id":"907B","bookcase_id":"152B","shelf_in_case":1,"side":"back","type":"shelf","physical_bookcase_id":152,"reserved_name":"Art Library","reserved_faculty":"Other","reserved":true},"geometry":{"type":"Polygon","coordinates":[[[68,5],[66,5],[66,6],[68,6],[68,5]]]}},{"type":"Feature","properties":{"shelf_id":"908B","bookcase_id":"152B","shelf_in_case":2,"side":"back","type":"shelf","physical_bookcase_id":152,"reserved_name":"Art Library","reserved_faculty":"Other","reserved":true},"geometry":{"type":"Polygon","coordinates":[[[68,4],[66,4],[66,5],[68,5],[68,4]]]}},{"type":"Feature","properties":{"shelf_id":"909B","bookcase_id":"152B","shelf_in_case":3,"side":"back","type":"shelf","physical_bookcase_id":152,"reserved_name":"Art Library","reserved_faculty":"Other","reserved":true},"geometry":{"type":"Polygon","coordinates":[[[68,3],[66,3],[66,4],[68,4],[68,3]]]}},{"type":"Feature","properties":{"shelf_id":"910B","bookcase_id":"152B","shelf_in_case":4,"side":"back","type":"shelf","physical_bookcase_id":152,"reserved_name":"Art Library","reserved_faculty":"Other","reserved":true},"geometry":{"type":"Polygon","coordinates":[[[68,2],[66,2],[66,3],[68,3],[68,2]]]}},{"type":"Feature","properties":{"shelf_id":"911B","bookcase_id":"152B","shelf_in_case":5,"side":"back","type":"shelf","physical_bookcase_id":152,"reserved_name":"Art Library","reserved_faculty":"Other","reserved":true},"geometry":{"type":"Polygon","coordinates":[[[68,1],[66,1],[66,2],[68,2],[68,1]]]}},{"type":"Feature","properties":{"shelf_id":"912B","bookcase_id":"152B","shelf_in_case":6,"side":"back","type":"shelf","physical_bookcase_id":152,"reserved_name":"Art Library","reserved_faculty":"Other","reserved":true},"geometry":{"type":"Polygon","coordinates":[[[68,0],[66,0],[66,1],[68,1],[68,0]]]}},{"type":"Feature","properties":{"shelf_id":"913B","bookcase_id":"153B","shelf_in_case":1,"side":"back","type":"shelf","physical_bookcase_id":153,"reserved_name":"Art Library","reserved_faculty":"Other","reserved":true},"geometry":{"type":"Polygon","coordinates":[[[66,5],[64,5],[64,6],[66,6],[66,5]]]}},{"type":"Feature","properties":{"shelf_id":"914B","bookcase_id":"153B","shelf_in_case":2,"side":"back","type":"shelf","physical_bookcase_id":153,"reserved_name":"Art Library","reserved_faculty":"Other","reserved":true},"geometry":{"type":"Polygon","coordinates":[[[66,4],[64,4],[64,5],[66,5],[66,4]]]}},{"type":"Feature","properties":{"shelf_id":"915B","bookcase_id":"153B","shelf_in_case":3,"side":"back","type":"shelf","physical_bookcase_id":153,"reserved_name":"Art Library","reserved_faculty":"Other","reserved":true},"geometry":{"type":"Polygon","coordinates":[[[66,3],[64,3],[64,4],[66,4],[66,3]]]}},{"type":"Feature","properties":{"shelf_id":"916B","bookcase_id":"153B","shelf_in_case":4,"side":"back","type":"shelf","physical_bookcase_id":153,"reserved_name":"Art Library","reserved_faculty":"Other","reserved":true},"geometry":{"type":"Polygon","coordinates":[[[66,2],[64,2],[64,3],[66,3],[66,2]]]}},{"type":"Feature","properties":{"shelf_id":"917B","bookcase_id":"153B","shelf_in_case":5,"side":"back","type":"shelf","physical_bookcase_id":153,"reserved_name":"Art Library","reserved_faculty":"Other","reserved":true},"geometry":{"type":"Polygon","coordinates":[[[66,1],[64,1],[64,2],[66,2],[66,1]]]}},{"type":"Feature","properties":{"shelf_id":"918B","bookcase_id":"153B","shelf_in_case":6,"side":"back","type":"shelf","physical_bookcase_id":153,"reserved_name":"Art Library","reserved_faculty":"Other","reserved":true},"geometry":{"type":"Polygon","coordinates":[[[66,0],[64,0],[64,1],[66,1],[66,0]]]}},{"type":"Feature","properties":{"shelf_id":"919B","bookcase_id":"154B","shelf_in_case":1,"side":"back","type":"shelf","physical_bookcase_id":154,"reserved_name":"Art Library","reserved_faculty":"Other","reserved":true},"geometry":{"type":"Polygon","coordinates":[[[64,5],[62,5],[62,6],[64,6],[64,5]]]}},{"type":"Feature","properties":{"shelf_id":"920B","bookcase_id":"154B","shelf_in_case":2,"side":"back","type":"shelf","physical_bookcase_id":154,"reserved_name":"Art Library","reserved_faculty":"Other","reserved":true},"geometry":{"type":"Polygon","coordinates":[[[64,4],[62,4],[62,5],[64,5],[64,4]]]}},{"type":"Feature","properties":{"shelf_id":"921B","bookcase_id":"154B","shelf_in_case":3,"side":"back","type":"shelf","physical_bookcase_id":154,"reserved_name":"Art Library","reserved_faculty":"Other","reserved":true},"geometry":{"type":"Polygon","coordinates":[[[64,3],[62,3],[62,4],[64,4],[64,3]]]}},{"type":"Feature","properties":{"shelf_id":"922B","bookcase_id":"154B","shelf_in_case":4,"side":"back","type":"shelf","physical_bookcase_id":154,"reserved_name":"Art Library","reserved_faculty":"Other","reserved":true},"geometry":{"type":"Polygon","coordinates":[[[64,2],[62,2],[62,3],[64,3],[64,2]]]}},{"type":"Feature","properties":{"shelf_id":"923B","bookcase_id":"154B","shelf_in_case":5,"side":"back","type":"shelf","physical_bookcase_id":154,"reserved_name":"Art Library","reserved_faculty":"Other","reserved":true},"geometry":{"type":"Polygon","coordinates":[[[64,1],[62,1],[62,2],[64,2],[64,1]]]}},{"type":"Feature","properties":{"shelf_id":"924B","bookcase_id":"154B","shelf_in_case":6,"side":"back","type":"shelf","physical_bookcase_id":154,"reserved_name":"Art Library","reserved_faculty":"Other","reserved":true},"geometry":{"type":"Polygon","coordinates":[[[64,0],[62,0],[62,1],[64,1],[64,0]]]}},{"type":"Feature","properties":{"shelf_id":"925B","bookcase_id":"155B","shelf_in_case":1,"side":"back","type":"shelf","physical_bookcase_id":155,"reserved_name":null,"reserved_faculty":null,"reserved":false},"geometry":{"type":"Polygon","coordinates":[[[60,5],[58,5],[58,6],[60,6],[60,5]]]}},{"type":"Feature","properties":{"shelf_id":"926B","bookcase_id":"155B","shelf_in_case":2,"side":"back","type":"shelf","physical_bookcase_id":155,"reserved_name":null,"reserved_faculty":null,"reserved":false},"geometry":{"type":"Polygon","coordinates":[[[60,4],[58,4],[58,5],[60,5],[60,4]]]}},{"type":"Feature","properties":{"shelf_id":"927B","bookcase_id":"155B","shelf_in_case":3,"side":"back","type":"shelf","physical_bookcase_id":155,"reserved_name":null,"reserved_faculty":null,"reserved":false},"geometry":{"type":"Polygon","coordinates":[[[60,3],[58,3],[58,4],[60,4],[60,3]]]}},{"type":"Feature","properties":{"shelf_id":"928B","bookcase_id":"155B","shelf_in_case":4,"side":"back","type":"shelf","physical_bookcase_id":155,"reserved_name":null,"reserved_faculty":null,"reserved":false},"geometry":{"type":"Polygon","coordinates":[[[60,2],[58,2],[58,3],[60,3],[60,2]]]}},{"type":"Feature","properties":{"shelf_id":"929B","bookcase_id":"155B","shelf_in_case":5,"side":"back","type":"shelf","physical_bookcase_id":155,"reserved_name":null,"reserved_faculty":null,"reserved":false},"geometry":{"type":"Polygon","coordinates":[[[60,1],[58,1],[58,2],[60,2],[60,1]]]}},{"type":"Feature","properties":{"shelf_id":"930B","bookcase_id":"155B","shelf_in_case":6,"side":"back","type":"shelf","physical_bookcase_id":155,"reserved_name":null,"reserved_faculty":null,"reserved":false},"geometry":{"type":"Polygon","coordinates":[[[60,0],[58,0],[58,1],[60,1],[60,0]]]}},{"type":"Feature","properties":{"shelf_id":"931B","bookcase_id":"156B","shelf_in_case":1,"side":"back","type":"shelf","physical_bookcase_id":156,"reserved_name":null,"reserved_faculty":null,"reserved":false},"geometry":{"type":"Polygon","coordinates":[[[58,5],[56,5],[56,6],[58,6],[58,5]]]}},{"type":"Feature","properties":{"shelf_id":"932B","bookcase_id":"156B","shelf_in_case":2,"side":"back","type":"shelf","physical_bookcase_id":156,"reserved_name":null,"reserved_faculty":null,"reserved":false},"geometry":{"type":"Polygon","coordinates":[[[58,4],[56,4],[56,5],[58,5],[58,4]]]}},{"type":"Feature","properties":{"shelf_id":"933B","bookcase_id":"156B","shelf_in_case":3,"side":"back","type":"shelf","physical_bookcase_id":156,"reserved_name":null,"reserved_faculty":null,"reserved":false},"geometry":{"type":"Polygon","coordinates":[[[58,3],[56,3],[56,4],[58,4],[58,3]]]}},{"type":"Feature","properties":{"shelf_id":"934B","bookcase_id":"156B","shelf_in_case":4,"side":"back","type":"shelf","physical_bookcase_id":156,"reserved_name":null,"reserved_faculty":null,"reserved":false},"geometry":{"type":"Polygon","coordinates":[[[58,2],[56,2],[56,3],[58,3],[58,2]]]}},{"type":"Feature","properties":{"shelf_id":"935B","bookcase_id":"156B","shelf_in_case":5,"side":"back","type":"shelf","physical_bookcase_id":156,"reserved_name":null,"reserved_faculty":null,"reserved":false},"geometry":{"type":"Polygon","coordinates":[[[58,1],[56,1],[56,2],[58,2],[58,1]]]}},{"type":"Feature","properties":{"shelf_id":"936B","bookcase_id":"156B","shelf_in_case":6,"side":"back","type":"shelf","physical_bookcase_id":156,"reserved_name":null,"reserved_faculty":null,"reserved":false},"geometry":{"type":"Polygon","coordinates":[[[58,0],[56,0],[56,1],[58,1],[58,0]]]}},{"type":"Feature","properties":{"shelf_id":"937B","bookcase_id":"157B","shelf_in_case":1,"side":"back","type":"shelf","physical_bookcase_id":157,"reserved_name":null,"reserved_faculty":null,"reserved":false},"geometry":{"type":"Polygon","coordinates":[[[56,5],[54,5],[54,6],[56,6],[56,5]]]}},{"type":"Feature","properties":{"shelf_id":"938B","bookcase_id":"157B","shelf_in_case":2,"side":"back","type":"shelf","physical_bookcase_id":157,"reserved_name":null,"reserved_faculty":null,"reserved":false},"geometry":{"type":"Polygon","coordinates":[[[56,4],[54,4],[54,5],[56,5],[56,4]]]}},{"type":"Feature","properties":{"shelf_id":"939B","bookcase_id":"157B","shelf_in_case":3,"side":"back","type":"shelf","physical_bookcase_id":157,"reserved_name":null,"reserved_faculty":null,"reserved":false},"geometry":{"type":"Polygon","coordinates":[[[56,3],[54,3],[54,4],[56,4],[56,3]]]}},{"type":"Feature","properties":{"shelf_id":"940B","bookcase_id":"157B","shelf_in_case":4,"side":"back","type":"shelf","physical_bookcase_id":157,"reserved_name":null,"reserved_faculty":null,"reserved":false},"geometry":{"type":"Polygon","coordinates":[[[56,2],[54,2],[54,3],[56,3],[56,2]]]}},{"type":"Feature","properties":{"shelf_id":"941B","bookcase_id":"157B","shelf_in_case":5,"side":"back","type":"shelf","physical_bookcase_id":157,"reserved_name":null,"reserved_faculty":null,"reserved":false},"geometry":{"type":"Polygon","coordinates":[[[56,1],[54,1],[54,2],[56,2],[56,1]]]}},{"type":"Feature","properties":{"shelf_id":"942B","bookcase_id":"157B","shelf_in_case":6,"side":"back","type":"shelf","physical_bookcase_id":157,"reserved_name":null,"reserved_faculty":null,"reserved":false},"geometry":{"type":"Polygon","coordinates":[[[56,0],[54,0],[54,1],[56,1],[56,0]]]}},{"type":"Feature","properties":{"shelf_id":"943B","bookcase_id":"158B","shelf_in_case":1,"side":"back","type":"shelf","physical_bookcase_id":158,"reserved_name":null,"reserved_faculty":null,"reserved":false},"geometry":{"type":"Polygon","coordinates":[[[54,5],[52,5],[52,6],[54,6],[54,5]]]}},{"type":"Feature","properties":{"shelf_id":"944B","bookcase_id":"158B","shelf_in_case":2,"side":"back","type":"shelf","physical_bookcase_id":158,"reserved_name":null,"reserved_faculty":null,"reserved":false},"geometry":{"type":"Polygon","coordinates":[[[54,4],[52,4],[52,5],[54,5],[54,4]]]}},{"type":"Feature","properties":{"shelf_id":"945B","bookcase_id":"158B","shelf_in_case":3,"side":"back","type":"shelf","physical_bookcase_id":158,"reserved_name":null,"reserved_faculty":null,"reserved":false},"geometry":{"type":"Polygon","coordinates":[[[54,3],[52,3],[52,4],[54,4],[54,3]]]}},{"type":"Feature","properties":{"shelf_id":"946B","bookcase_id":"158B","shelf_in_case":4,"side":"back","type":"shelf","physical_bookcase_id":158,"reserved_name":null,"reserved_faculty":null,"reserved":false},"geometry":{"type":"Polygon","coordinates":[[[54,2],[52,2],[52,3],[54,3],[54,2]]]}},{"type":"Feature","properties":{"shelf_id":"947B","bookcase_id":"158B","shelf_in_case":5,"side":"back","type":"shelf","physical_bookcase_id":158,"reserved_name":null,"reserved_faculty":null,"reserved":false},"geometry":{"type":"Polygon","coordinates":[[[54,1],[52,1],[52,2],[54,2],[54,1]]]}},{"type":"Feature","properties":{"shelf_id":"948B","bookcase_id":"158B","shelf_in_case":6,"side":"back","type":"shelf","physical_bookcase_id":158,"reserved_name":null,"reserved_faculty":null,"reserved":false},"geometry":{"type":"Polygon","coordinates":[[[54,0],[52,0],[52,1],[54,1],[54,0]]]}},{"type":"Feature","properties":{"shelf_id":"949B","bookcase_id":"159B","shelf_in_case":1,"side":"back","type":"shelf","physical_bookcase_id":159,"reserved_name":null,"reserved_faculty":null,"reserved":false},"geometry":{"type":"Polygon","coordinates":[[[52,5],[50,5],[50,6],[52,6],[52,5]]]}},{"type":"Feature","properties":{"shelf_id":"950B","bookcase_id":"159B","shelf_in_case":2,"side":"back","type":"shelf","physical_bookcase_id":159,"reserved_name":null,"reserved_faculty":null,"reserved":false},"geometry":{"type":"Polygon","coordinates":[[[52,4],[50,4],[50,5],[52,5],[52,4]]]}},{"type":"Feature","properties":{"shelf_id":"951B","bookcase_id":"159B","shelf_in_case":3,"side":"back","type":"shelf","physical_bookcase_id":159,"reserved_name":null,"reserved_faculty":null,"reserved":false},"geometry":{"type":"Polygon","coordinates":[[[52,3],[50,3],[50,4],[52,4],[52,3]]]}},{"type":"Feature","properties":{"shelf_id":"952B","bookcase_id":"159B","shelf_in_case":4,"side":"back","type":"shelf","physical_bookcase_id":159,"reserved_name":null,"reserved_faculty":null,"reserved":false},"geometry":{"type":"Polygon","coordinates":[[[52,2],[50,2],[50,3],[52,3],[52,2]]]}},{"type":"Feature","properties":{"shelf_id":"953B","bookcase_id":"159B","shelf_in_case":5,"side":"back","type":"shelf","physical_bookcase_id":159,"reserved_name":null,"reserved_faculty":null,"reserved":false},"geometry":{"type":"Polygon","coordinates":[[[52,1],[50,1],[50,2],[52,2],[52,1]]]}},{"type":"Feature","properties":{"shelf_id":"954B","bookcase_id":"159B","shelf_in_case":6,"side":"back","type":"shelf","physical_bookcase_id":159,"reserved_name":null,"reserved_faculty":null,"reserved":false},"geometry":{"type":"Polygon","coordinates":[[[52,0],[50,0],[50,1],[52,1],[52,0]]]}},{"type":"Feature","properties":{"shelf_id":"955B","bookcase_id":"160B","shelf_in_case":1,"side":"back","type":"shelf","physical_bookcase_id":160,"reserved_name":null,"reserved_faculty":null,"reserved":false},"geometry":{"type":"Polygon","coordinates":[[[50,5],[48,5],[48,6],[50,6],[50,5]]]}},{"type":"Feature","properties":{"shelf_id":"956B","bookcase_id":"160B","shelf_in_case":2,"side":"back","type":"shelf","physical_bookcase_id":160,"reserved_name":null,"reserved_faculty":null,"reserved":false},"geometry":{"type":"Polygon","coordinates":[[[50,4],[48,4],[48,5],[50,5],[50,4]]]}},{"type":"Feature","properties":{"shelf_id":"957B","bookcase_id":"160B","shelf_in_case":3,"side":"back","type":"shelf","physical_bookcase_id":160,"reserved_name":null,"reserved_faculty":null,"reserved":false},"geometry":{"type":"Polygon","coordinates":[[[50,3],[48,3],[48,4],[50,4],[50,3]]]}},{"type":"Feature","properties":{"shelf_id":"958B","bookcase_id":"160B","shelf_in_case":4,"side":"back","type":"shelf","physical_bookcase_id":160,"reserved_name":null,"reserved_faculty":null,"reserved":false},"geometry":{"type":"Polygon","coordinates":[[[50,2],[48,2],[48,3],[50,3],[50,2]]]}},{"type":"Feature","properties":{"shelf_id":"959B","bookcase_id":"160B","shelf_in_case":5,"side":"back","type":"shelf","physical_bookcase_id":160,"reserved_name":null,"reserved_faculty":null,"reserved":false},"geometry":{"type":"Polygon","coordinates":[[[50,1],[48,1],[48,2],[50,2],[50,1]]]}},{"type":"Feature","properties":{"shelf_id":"960B","bookcase_id":"160B","shelf_in_case":6,"side":"back","type":"shelf","physical_bookcase_id":160,"reserved_name":null,"reserved_faculty":null,"reserved":false},"geometry":{"type":"Polygon","coordinates":[[[50,0],[48,0],[48,1],[50,1],[50,0]]]}},{"type":"Feature","properties":{"shelf_id":"961B","bookcase_id":"161B","shelf_in_case":1,"side":"back","type":"shelf","physical_bookcase_id":161,"reserved_name":null,"reserved_faculty":null,"reserved":false},"geometry":{"type":"Polygon","coordinates":[[[48,5],[46,5],[46,6],[48,6],[48,5]]]}},{"type":"Feature","properties":{"shelf_id":"962B","bookcase_id":"161B","shelf_in_case":2,"side":"back","type":"shelf","physical_bookcase_id":161,"reserved_name":null,"reserved_faculty":null,"reserved":false},"geometry":{"type":"Polygon","coordinates":[[[48,4],[46,4],[46,5],[48,5],[48,4]]]}},{"type":"Feature","properties":{"shelf_id":"963B","bookcase_id":"161B","shelf_in_case":3,"side":"back","type":"shelf","physical_bookcase_id":161,"reserved_name":null,"reserved_faculty":null,"reserved":false},"geometry":{"type":"Polygon","coordinates":[[[48,3],[46,3],[46,4],[48,4],[48,3]]]}},{"type":"Feature","properties":{"shelf_id":"964B","bookcase_id":"161B","shelf_in_case":4,"side":"back","type":"shelf","physical_bookcase_id":161,"reserved_name":null,"reserved_faculty":null,"reserved":false},"geometry":{"type":"Polygon","coordinates":[[[48,2],[46,2],[46,3],[48,3],[48,2]]]}},{"type":"Feature","properties":{"shelf_id":"965B","bookcase_id":"161B","shelf_in_case":5,"side":"back","type":"shelf","physical_bookcase_id":161,"reserved_name":null,"reserved_faculty":null,"reserved":false},"geometry":{"type":"Polygon","coordinates":[[[48,1],[46,1],[46,2],[48,2],[48,1]]]}},{"type":"Feature","properties":{"shelf_id":"966B","bookcase_id":"161B","shelf_in_case":6,"side":"back","type":"shelf","physical_bookcase_id":161,"reserved_name":null,"reserved_faculty":null,"reserved":false},"geometry":{"type":"Polygon","coordinates":[[[48,0],[46,0],[46,1],[48,1],[48,0]]]}},{"type":"Feature","properties":{"shelf_id":"967B","bookcase_id":"162B","shelf_in_case":1,"side":"back","type":"shelf","physical_bookcase_id":162,"reserved_name":null,"reserved_faculty":null,"reserved":false},"geometry":{"type":"Polygon","coordinates":[[[46,5],[44,5],[44,6],[46,6],[46,5]]]}},{"type":"Feature","properties":{"shelf_id":"968B","bookcase_id":"162B","shelf_in_case":2,"side":"back","type":"shelf","physical_bookcase_id":162,"reserved_name":null,"reserved_faculty":null,"reserved":false},"geometry":{"type":"Polygon","coordinates":[[[46,4],[44,4],[44,5],[46,5],[46,4]]]}},{"type":"Feature","properties":{"shelf_id":"969B","bookcase_id":"162B","shelf_in_case":3,"side":"back","type":"shelf","physical_bookcase_id":162,"reserved_name":null,"reserved_faculty":null,"reserved":false},"geometry":{"type":"Polygon","coordinates":[[[46,3],[44,3],[44,4],[46,4],[46,3]]]}},{"type":"Feature","properties":{"shelf_id":"970B","bookcase_id":"162B","shelf_in_case":4,"side":"back","type":"shelf","physical_bookcase_id":162,"reserved_name":null,"reserved_faculty":null,"reserved":false},"geometry":{"type":"Polygon","coordinates":[[[46,2],[44,2],[44,3],[46,3],[46,2]]]}},{"type":"Feature","properties":{"shelf_id":"971B","bookcase_id":"162B","shelf_in_case":5,"side":"back","type":"shelf","physical_bookcase_id":162,"reserved_name":null,"reserved_faculty":null,"reserved":false},"geometry":{"type":"Polygon","coordinates":[[[46,1],[44,1],[44,2],[46,2],[46,1]]]}},{"type":"Feature","properties":{"shelf_id":"972B","bookcase_id":"162B","shelf_in_case":6,"side":"back","type":"shelf","physical_bookcase_id":162,"reserved_name":null,"reserved_faculty":null,"reserved":false},"geometry":{"type":"Polygon","coordinates":[[[46,0],[44,0],[44,1],[46,1],[46,0]]]}},{"type":"Feature","properties":{"shelf_id":"973B","bookcase_id":"163B","shelf_in_case":1,"side":"back","type":"shelf","physical_bookcase_id":163,"reserved_name":null,"reserved_faculty":null,"reserved":false},"geometry":{"type":"Polygon","coordinates":[[[44,5],[42,5],[42,6],[44,6],[44,5]]]}},{"type":"Feature","properties":{"shelf_id":"974B","bookcase_id":"163B","shelf_in_case":2,"side":"back","type":"shelf","physical_bookcase_id":163,"reserved_name":null,"reserved_faculty":null,"reserved":false},"geometry":{"type":"Polygon","coordinates":[[[44,4],[42,4],[42,5],[44,5],[44,4]]]}},{"type":"Feature","properties":{"shelf_id":"975B","bookcase_id":"163B","shelf_in_case":3,"side":"back","type":"shelf","physical_bookcase_id":163,"reserved_name":null,"reserved_faculty":null,"reserved":false},"geometry":{"type":"Polygon","coordinates":[[[44,3],[42,3],[42,4],[44,4],[44,3]]]}},{"type":"Feature","properties":{"shelf_id":"976B","bookcase_id":"163B","shelf_in_case":4,"side":"back","type":"shelf","physical_bookcase_id":163,"reserved_name":null,"reserved_faculty":null,"reserved":false},"geometry":{"type":"Polygon","coordinates":[[[44,2],[42,2],[42,3],[44,3],[44,2]]]}},{"type":"Feature","properties":{"shelf_id":"977B","bookcase_id":"163B","shelf_in_case":5,"side":"back","type":"shelf","physical_bookcase_id":163,"reserved_name":null,"reserved_faculty":null,"reserved":false},"geometry":{"type":"Polygon","coordinates":[[[44,1],[42,1],[42,2],[44,2],[44,1]]]}},{"type":"Feature","properties":{"shelf_id":"978B","bookcase_id":"163B","shelf_in_case":6,"side":"back","type":"shelf","physical_bookcase_id":163,"reserved_name":null,"reserved_faculty":null,"reserved":false},"geometry":{"type":"Polygon","coordinates":[[[44,0],[42,0],[42,1],[44,1],[44,0]]]}},{"type":"Feature","properties":{"shelf_id":"979B","bookcase_id":"164B","shelf_in_case":1,"side":"back","type":"shelf","physical_bookcase_id":164,"reserved_name":null,"reserved_faculty":null,"reserved":false},"geometry":{"type":"Polygon","coordinates":[[[42,5],[40,5],[40,6],[42,6],[42,5]]]}},{"type":"Feature","properties":{"shelf_id":"980B","bookcase_id":"164B","shelf_in_case":2,"side":"back","type":"shelf","physical_bookcase_id":164,"reserved_name":null,"reserved_faculty":null,"reserved":false},"geometry":{"type":"Polygon","coordinates":[[[42,4],[40,4],[40,5],[42,5],[42,4]]]}},{"type":"Feature","properties":{"shelf_id":"981B","bookcase_id":"164B","shelf_in_case":3,"side":"back","type":"shelf","physical_bookcase_id":164,"reserved_name":null,"reserved_faculty":null,"reserved":false},"geometry":{"type":"Polygon","coordinates":[[[42,3],[40,3],[40,4],[42,4],[42,3]]]}},{"type":"Feature","properties":{"shelf_id":"982B","bookcase_id":"164B","shelf_in_case":4,"side":"back","type":"shelf","physical_bookcase_id":164,"reserved_name":null,"reserved_faculty":null,"reserved":false},"geometry":{"type":"Polygon","coordinates":[[[42,2],[40,2],[40,3],[42,3],[42,2]]]}},{"type":"Feature","properties":{"shelf_id":"983B","bookcase_id":"164B","shelf_in_case":5,"side":"back","type":"shelf","physical_bookcase_id":164,"reserved_name":null,"reserved_faculty":null,"reserved":false},"geometry":{"type":"Polygon","coordinates":[[[42,1],[40,1],[40,2],[42,2],[42,1]]]}},{"type":"Feature","properties":{"shelf_id":"984B","bookcase_id":"164B","shelf_in_case":6,"side":"back","type":"shelf","physical_bookcase_id":164,"reserved_name":null,"reserved_faculty":null,"reserved":false},"geometry":{"type":"Polygon","coordinates":[[[42,0],[40,0],[40,1],[42,1],[42,0]]]}},{"type":"Feature","properties":{"shelf_id":"985B","bookcase_id":"165B","shelf_in_case":1,"side":"back","type":"shelf","physical_bookcase_id":165,"reserved_name":null,"reserved_faculty":null,"reserved":false},"geometry":{"type":"Polygon","coordinates":[[[40,5],[38,5],[38,6],[40,6],[40,5]]]}},{"type":"Feature","properties":{"shelf_id":"986B","bookcase_id":"165B","shelf_in_case":2,"side":"back","type":"shelf","physical_bookcase_id":165,"reserved_name":null,"reserved_faculty":null,"reserved":false},"geometry":{"type":"Polygon","coordinates":[[[40,4],[38,4],[38,5],[40,5],[40,4]]]}},{"type":"Feature","properties":{"shelf_id":"987B","bookcase_id":"165B","shelf_in_case":3,"side":"back","type":"shelf","physical_bookcase_id":165,"reserved_name":null,"reserved_faculty":null,"reserved":false},"geometry":{"type":"Polygon","coordinates":[[[40,3],[38,3],[38,4],[40,4],[40,3]]]}},{"type":"Feature","properties":{"shelf_id":"988B","bookcase_id":"165B","shelf_in_case":4,"side":"back","type":"shelf","physical_bookcase_id":165,"reserved_name":null,"reserved_faculty":null,"reserved":false},"geometry":{"type":"Polygon","coordinates":[[[40,2],[38,2],[38,3],[40,3],[40,2]]]}},{"type":"Feature","properties":{"shelf_id":"989B","bookcase_id":"165B","shelf_in_case":5,"side":"back","type":"shelf","physical_bookcase_id":165,"reserved_name":null,"reserved_faculty":null,"reserved":false},"geometry":{"type":"Polygon","coordinates":[[[40,1],[38,1],[38,2],[40,2],[40,1]]]}},{"type":"Feature","properties":{"shelf_id":"990B","bookcase_id":"165B","shelf_in_case":6,"side":"back","type":"shelf","physical_bookcase_id":165,"reserved_name":null,"reserved_faculty":null,"reserved":false},"geometry":{"type":"Polygon","coordinates":[[[40,0],[38,0],[38,1],[40,1],[40,0]]]}},{"type":"Feature","properties":{"shelf_id":"991B","bookcase_id":"166B","shelf_in_case":1,"side":"back","type":"shelf","physical_bookcase_id":166,"reserved_name":null,"reserved_faculty":null,"reserved":false},"geometry":{"type":"Polygon","coordinates":[[[38,5],[36,5],[36,6],[38,6],[38,5]]]}},{"type":"Feature","properties":{"shelf_id":"992B","bookcase_id":"166B","shelf_in_case":2,"side":"back","type":"shelf","physical_bookcase_id":166,"reserved_name":null,"reserved_faculty":null,"reserved":false},"geometry":{"type":"Polygon","coordinates":[[[38,4],[36,4],[36,5],[38,5],[38,4]]]}},{"type":"Feature","properties":{"shelf_id":"993B","bookcase_id":"166B","shelf_in_case":3,"side":"back","type":"shelf","physical_bookcase_id":166,"reserved_name":null,"reserved_faculty":null,"reserved":false},"geometry":{"type":"Polygon","coordinates":[[[38,3],[36,3],[36,4],[38,4],[38,3]]]}},{"type":"Feature","properties":{"shelf_id":"994B","bookcase_id":"166B","shelf_in_case":4,"side":"back","type":"shelf","physical_bookcase_id":166,"reserved_name":null,"reserved_faculty":null,"reserved":false},"geometry":{"type":"Polygon","coordinates":[[[38,2],[36,2],[36,3],[38,3],[38,2]]]}},{"type":"Feature","properties":{"shelf_id":"995B","bookcase_id":"166B","shelf_in_case":5,"side":"back","type":"shelf","physical_bookcase_id":166,"reserved_name":null,"reserved_faculty":null,"reserved":false},"geometry":{"type":"Polygon","coordinates":[[[38,1],[36,1],[36,2],[38,2],[38,1]]]}},{"type":"Feature","properties":{"shelf_id":"996B","bookcase_id":"166B","shelf_in_case":6,"side":"back","type":"shelf","physical_bookcase_id":166,"reserved_name":null,"reserved_faculty":null,"reserved":false},"geometry":{"type":"Polygon","coordinates":[[[38,0],[36,0],[36,1],[38,1],[38,0]]]}},{"type":"Feature","properties":{"shelf_id":"997B","bookcase_id":"167B","shelf_in_case":1,"side":"back","type":"shelf","physical_bookcase_id":167,"reserved_name":null,"reserved_faculty":null,"reserved":false},"geometry":{"type":"Polygon","coordinates":[[[30,5],[28,5],[28,6],[30,6],[30,5]]]}},{"type":"Feature","properties":{"shelf_id":"998B","bookcase_id":"167B","shelf_in_case":2,"side":"back","type":"shelf","physical_bookcase_id":167,"reserved_name":null,"reserved_faculty":null,"reserved":false},"geometry":{"type":"Polygon","coordinates":[[[30,4],[28,4],[28,5],[30,5],[30,4]]]}},{"type":"Feature","properties":{"shelf_id":"999B","bookcase_id":"167B","shelf_in_case":3,"side":"back","type":"shelf","physical_bookcase_id":167,"reserved_name":null,"reserved_faculty":null,"reserved":false},"geometry":{"type":"Polygon","coordinates":[[[30,3],[28,3],[28,4],[30,4],[30,3]]]}},{"type":"Feature","properties":{"shelf_id":"1000B","bookcase_id":"167B","shelf_in_case":4,"side":"back","type":"shelf","physical_bookcase_id":167,"reserved_name":null,"reserved_faculty":null,"reserved":false},"geometry":{"type":"Polygon","coordinates":[[[30,2],[28,2],[28,3],[30,3],[30,2]]]}},{"type":"Feature","properties":{"shelf_id":"1001B","bookcase_id":"167B","shelf_in_case":5,"side":"back","type":"shelf","physical_bookcase_id":167,"reserved_name":null,"reserved_faculty":null,"reserved":false},"geometry":{"type":"Polygon","coordinates":[[[30,1],[28,1],[28,2],[30,2],[30,1]]]}},{"type":"Feature","properties":{"shelf_id":"1002B","bookcase_id":"167B","shelf_in_case":6,"side":"back","type":"shelf","physical_bookcase_id":167,"reserved_name":null,"reserved_faculty":null,"reserved":false},"geometry":{"type":"Polygon","coordinates":[[[30,0],[28,0],[28,1],[30,1],[30,0]]]}},{"type":"Feature","properties":{"shelf_id":"1003B","bookcase_id":"168B","shelf_in_case":1,"side":"back","type":"shelf","physical_bookcase_id":168,"reserved_name":null,"reserved_faculty":null,"reserved":false},"geometry":{"type":"Polygon","coordinates":[[[28,5],[26,5],[26,6],[28,6],[28,5]]]}},{"type":"Feature","properties":{"shelf_id":"1004B","bookcase_id":"168B","shelf_in_case":2,"side":"back","type":"shelf","physical_bookcase_id":168,"reserved_name":null,"reserved_faculty":null,"reserved":false},"geometry":{"type":"Polygon","coordinates":[[[28,4],[26,4],[26,5],[28,5],[28,4]]]}},{"type":"Feature","properties":{"shelf_id":"1005B","bookcase_id":"168B","shelf_in_case":3,"side":"back","type":"shelf","physical_bookcase_id":168,"reserved_name":null,"reserved_faculty":null,"reserved":false},"geometry":{"type":"Polygon","coordinates":[[[28,3],[26,3],[26,4],[28,4],[28,3]]]}},{"type":"Feature","properties":{"shelf_id":"1006B","bookcase_id":"168B","shelf_in_case":4,"side":"back","type":"shelf","physical_bookcase_id":168,"reserved_name":null,"reserved_faculty":null,"reserved":false},"geometry":{"type":"Polygon","coordinates":[[[28,2],[26,2],[26,3],[28,3],[28,2]]]}},{"type":"Feature","properties":{"shelf_id":"1007B","bookcase_id":"168B","shelf_in_case":5,"side":"back","type":"shelf","physical_bookcase_id":168,"reserved_name":null,"reserved_faculty":null,"reserved":false},"geometry":{"type":"Polygon","coordinates":[[[28,1],[26,1],[26,2],[28,2],[28,1]]]}},{"type":"Feature","properties":{"shelf_id":"1008B","bookcase_id":"168B","shelf_in_case":6,"side":"back","type":"shelf","physical_bookcase_id":168,"reserved_name":null,"reserved_faculty":null,"reserved":false},"geometry":{"type":"Polygon","coordinates":[[[28,0],[26,0],[26,1],[28,1],[28,0]]]}},{"type":"Feature","properties":{"shelf_id":"1009B","bookcase_id":"169B","shelf_in_case":1,"side":"back","type":"shelf","physical_bookcase_id":169,"reserved_name":null,"reserved_faculty":null,"reserved":false},"geometry":{"type":"Polygon","coordinates":[[[26,5],[24,5],[24,6],[26,6],[26,5]]]}},{"type":"Feature","properties":{"shelf_id":"1010B","bookcase_id":"169B","shelf_in_case":2,"side":"back","type":"shelf","physical_bookcase_id":169,"reserved_name":null,"reserved_faculty":null,"reserved":false},"geometry":{"type":"Polygon","coordinates":[[[26,4],[24,4],[24,5],[26,5],[26,4]]]}},{"type":"Feature","properties":{"shelf_id":"1011B","bookcase_id":"169B","shelf_in_case":3,"side":"back","type":"shelf","physical_bookcase_id":169,"reserved_name":null,"reserved_faculty":null,"reserved":false},"geometry":{"type":"Polygon","coordinates":[[[26,3],[24,3],[24,4],[26,4],[26,3]]]}},{"type":"Feature","properties":{"shelf_id":"1012B","bookcase_id":"169B","shelf_in_case":4,"side":"back","type":"shelf","physical_bookcase_id":169,"reserved_name":null,"reserved_faculty":null,"reserved":false},"geometry":{"type":"Polygon","coordinates":[[[26,2],[24,2],[24,3],[26,3],[26,2]]]}},{"type":"Feature","properties":{"shelf_id":"1013B","bookcase_id":"169B","shelf_in_case":5,"side":"back","type":"shelf","physical_bookcase_id":169,"reserved_name":null,"reserved_faculty":null,"reserved":false},"geometry":{"type":"Polygon","coordinates":[[[26,1],[24,1],[24,2],[26,2],[26,1]]]}},{"type":"Feature","properties":{"shelf_id":"1014B","bookcase_id":"169B","shelf_in_case":6,"side":"back","type":"shelf","physical_bookcase_id":169,"reserved_name":null,"reserved_faculty":null,"reserved":false},"geometry":{"type":"Polygon","coordinates":[[[26,0],[24,0],[24,1],[26,1],[26,0]]]}},{"type":"Feature","properties":{"shelf_id":"1015B","bookcase_id":"170B","shelf_in_case":1,"side":"back","type":"shelf","physical_bookcase_id":170,"reserved_name":null,"reserved_faculty":null,"reserved":false},"geometry":{"type":"Polygon","coordinates":[[[24,5],[22,5],[22,6],[24,6],[24,5]]]}},{"type":"Feature","properties":{"shelf_id":"1016B","bookcase_id":"170B","shelf_in_case":2,"side":"back","type":"shelf","physical_bookcase_id":170,"reserved_name":null,"reserved_faculty":null,"reserved":false},"geometry":{"type":"Polygon","coordinates":[[[24,4],[22,4],[22,5],[24,5],[24,4]]]}},{"type":"Feature","properties":{"shelf_id":"1017B","bookcase_id":"170B","shelf_in_case":3,"side":"back","type":"shelf","physical_bookcase_id":170,"reserved_name":null,"reserved_faculty":null,"reserved":false},"geometry":{"type":"Polygon","coordinates":[[[24,3],[22,3],[22,4],[24,4],[24,3]]]}},{"type":"Feature","properties":{"shelf_id":"1018B","bookcase_id":"170B","shelf_in_case":4,"side":"back","type":"shelf","physical_bookcase_id":170,"reserved_name":null,"reserved_faculty":null,"reserved":false},"geometry":{"type":"Polygon","coordinates":[[[24,2],[22,2],[22,3],[24,3],[24,2]]]}},{"type":"Feature","properties":{"shelf_id":"1019B","bookcase_id":"170B","shelf_in_case":5,"side":"back","type":"shelf","physical_bookcase_id":170,"reserved_name":null,"reserved_faculty":null,"reserved":false},"geometry":{"type":"Polygon","coordinates":[[[24,1],[22,1],[22,2],[24,2],[24,1]]]}},{"type":"Feature","properties":{"shelf_id":"1020B","bookcase_id":"170B","shelf_in_case":6,"side":"back","type":"shelf","physical_bookcase_id":170,"reserved_name":null,"reserved_faculty":null,"reserved":false},"geometry":{"type":"Polygon","coordinates":[[[24,0],[22,0],[22,1],[24,1],[24,0]]]}},{"type":"Feature","properties":{"shelf_id":"1021B","bookcase_id":"171B","shelf_in_case":1,"side":"back","type":"shelf","physical_bookcase_id":171,"reserved_name":null,"reserved_faculty":null,"reserved":false},"geometry":{"type":"Polygon","coordinates":[[[22,5],[20,5],[20,6],[22,6],[22,5]]]}},{"type":"Feature","properties":{"shelf_id":"1022B","bookcase_id":"171B","shelf_in_case":2,"side":"back","type":"shelf","physical_bookcase_id":171,"reserved_name":null,"reserved_faculty":null,"reserved":false},"geometry":{"type":"Polygon","coordinates":[[[22,4],[20,4],[20,5],[22,5],[22,4]]]}},{"type":"Feature","properties":{"shelf_id":"1023B","bookcase_id":"171B","shelf_in_case":3,"side":"back","type":"shelf","physical_bookcase_id":171,"reserved_name":null,"reserved_faculty":null,"reserved":false},"geometry":{"type":"Polygon","coordinates":[[[22,3],[20,3],[20,4],[22,4],[22,3]]]}},{"type":"Feature","properties":{"shelf_id":"1024B","bookcase_id":"171B","shelf_in_case":4,"side":"back","type":"shelf","physical_bookcase_id":171,"reserved_name":null,"reserved_faculty":null,"reserved":false},"geometry":{"type":"Polygon","coordinates":[[[22,2],[20,2],[20,3],[22,3],[22,2]]]}},{"type":"Feature","properties":{"shelf_id":"1025B","bookcase_id":"171B","shelf_in_case":5,"side":"back","type":"shelf","physical_bookcase_id":171,"reserved_name":null,"reserved_faculty":null,"reserved":false},"geometry":{"type":"Polygon","coordinates":[[[22,1],[20,1],[20,2],[22,2],[22,1]]]}},{"type":"Feature","properties":{"shelf_id":"1026B","bookcase_id":"171B","shelf_in_case":6,"side":"back","type":"shelf","physical_bookcase_id":171,"reserved_name":null,"reserved_faculty":null,"reserved":false},"geometry":{"type":"Polygon","coordinates":[[[22,0],[20,0],[20,1],[22,1],[22,0]]]}},{"type":"Feature","properties":{"shelf_id":"1027B","bookcase_id":"172B","shelf_in_case":1,"side":"back","type":"shelf","physical_bookcase_id":172,"reserved_name":null,"reserved_faculty":null,"reserved":false},"geometry":{"type":"Polygon","coordinates":[[[20,5],[18,5],[18,6],[20,6],[20,5]]]}},{"type":"Feature","properties":{"shelf_id":"1028B","bookcase_id":"172B","shelf_in_case":2,"side":"back","type":"shelf","physical_bookcase_id":172,"reserved_name":null,"reserved_faculty":null,"reserved":false},"geometry":{"type":"Polygon","coordinates":[[[20,4],[18,4],[18,5],[20,5],[20,4]]]}},{"type":"Feature","properties":{"shelf_id":"1029B","bookcase_id":"172B","shelf_in_case":3,"side":"back","type":"shelf","physical_bookcase_id":172,"reserved_name":null,"reserved_faculty":null,"reserved":false},"geometry":{"type":"Polygon","coordinates":[[[20,3],[18,3],[18,4],[20,4],[20,3]]]}},{"type":"Feature","properties":{"shelf_id":"1030B","bookcase_id":"172B","shelf_in_case":4,"side":"back","type":"shelf","physical_bookcase_id":172,"reserved_name":null,"reserved_faculty":null,"reserved":false},"geometry":{"type":"Polygon","coordinates":[[[20,2],[18,2],[18,3],[20,3],[20,2]]]}},{"type":"Feature","properties":{"shelf_id":"1031B","bookcase_id":"172B","shelf_in_case":5,"side":"back","type":"shelf","physical_bookcase_id":172,"reserved_name":null,"reserved_faculty":null,"reserved":false},"geometry":{"type":"Polygon","coordinates":[[[20,1],[18,1],[18,2],[20,2],[20,1]]]}},{"type":"Feature","properties":{"shelf_id":"1032B","bookcase_id":"172B","shelf_in_case":6,"side":"back","type":"shelf","physical_bookcase_id":172,"reserved_name":null,"reserved_faculty":null,"reserved":false},"geometry":{"type":"Polygon","coordinates":[[[20,0],[18,0],[18,1],[20,1],[20,0]]]}},{"type":"Feature","properties":{"shelf_id":"1033B","bookcase_id":"173B","shelf_in_case":1,"side":"back","type":"shelf","physical_bookcase_id":173,"reserved_name":null,"reserved_faculty":null,"reserved":false},"geometry":{"type":"Polygon","coordinates":[[[18,5],[16,5],[16,6],[18,6],[18,5]]]}},{"type":"Feature","properties":{"shelf_id":"1034B","bookcase_id":"173B","shelf_in_case":2,"side":"back","type":"shelf","physical_bookcase_id":173,"reserved_name":null,"reserved_faculty":null,"reserved":false},"geometry":{"type":"Polygon","coordinates":[[[18,4],[16,4],[16,5],[18,5],[18,4]]]}},{"type":"Feature","properties":{"shelf_id":"1035B","bookcase_id":"173B","shelf_in_case":3,"side":"back","type":"shelf","physical_bookcase_id":173,"reserved_name":null,"reserved_faculty":null,"reserved":false},"geometry":{"type":"Polygon","coordinates":[[[18,3],[16,3],[16,4],[18,4],[18,3]]]}},{"type":"Feature","properties":{"shelf_id":"1036B","bookcase_id":"173B","shelf_in_case":4,"side":"back","type":"shelf","physical_bookcase_id":173,"reserved_name":null,"reserved_faculty":null,"reserved":false},"geometry":{"type":"Polygon","coordinates":[[[18,2],[16,2],[16,3],[18,3],[18,2]]]}},{"type":"Feature","properties":{"shelf_id":"1037B","bookcase_id":"173B","shelf_in_case":5,"side":"back","type":"shelf","physical_bookcase_id":173,"reserved_name":null,"reserved_faculty":null,"reserved":false},"geometry":{"type":"Polygon","coordinates":[[[18,1],[16,1],[16,2],[18,2],[18,1]]]}},{"type":"Feature","properties":{"shelf_id":"1038B","bookcase_id":"173B","shelf_in_case":6,"side":"back","type":"shelf","physical_bookcase_id":173,"reserved_name":null,"reserved_faculty":null,"reserved":false},"geometry":{"type":"Polygon","coordinates":[[[18,0],[16,0],[16,1],[18,1],[18,0]]]}},{"type":"Feature","properties":{"shelf_id":"1039B","bookcase_id":"174B","shelf_in_case":1,"side":"back","type":"shelf","physical_bookcase_id":174,"reserved_name":null,"reserved_faculty":null,"reserved":false},"geometry":{"type":"Polygon","coordinates":[[[14,5],[12,5],[12,6],[14,6],[14,5]]]}},{"type":"Feature","properties":{"shelf_id":"1040B","bookcase_id":"174B","shelf_in_case":2,"side":"back","type":"shelf","physical_bookcase_id":174,"reserved_name":null,"reserved_faculty":null,"reserved":false},"geometry":{"type":"Polygon","coordinates":[[[14,4],[12,4],[12,5],[14,5],[14,4]]]}},{"type":"Feature","properties":{"shelf_id":"1041B","bookcase_id":"174B","shelf_in_case":3,"side":"back","type":"shelf","physical_bookcase_id":174,"reserved_name":null,"reserved_faculty":null,"reserved":false},"geometry":{"type":"Polygon","coordinates":[[[14,3],[12,3],[12,4],[14,4],[14,3]]]}},{"type":"Feature","properties":{"shelf_id":"1042B","bookcase_id":"174B","shelf_in_case":4,"side":"back","type":"shelf","physical_bookcase_id":174,"reserved_name":null,"reserved_faculty":null,"reserved":false},"geometry":{"type":"Polygon","coordinates":[[[14,2],[12,2],[12,3],[14,3],[14,2]]]}},{"type":"Feature","properties":{"shelf_id":"1043B","bookcase_id":"174B","shelf_in_case":5,"side":"back","type":"shelf","physical_bookcase_id":174,"reserved_name":null,"reserved_faculty":null,"reserved":false},"geometry":{"type":"Polygon","coordinates":[[[14,1],[12,1],[12,2],[14,2],[14,1]]]}},{"type":"Feature","properties":{"shelf_id":"1044B","bookcase_id":"174B","shelf_in_case":6,"side":"back","type":"shelf","physical_bookcase_id":174,"reserved_name":null,"reserved_faculty":null,"reserved":false},"geometry":{"type":"Polygon","coordinates":[[[14,0],[12,0],[12,1],[14,1],[14,0]]]}},{"type":"Feature","properties":{"shelf_id":"1045B","bookcase_id":"175B","shelf_in_case":1,"side":"back","type":"shelf","physical_bookcase_id":175,"reserved_name":null,"reserved_faculty":null,"reserved":false},"geometry":{"type":"Polygon","coordinates":[[[12,5],[10,5],[10,6],[12,6],[12,5]]]}},{"type":"Feature","properties":{"shelf_id":"1046B","bookcase_id":"175B","shelf_in_case":2,"side":"back","type":"shelf","physical_bookcase_id":175,"reserved_name":null,"reserved_faculty":null,"reserved":false},"geometry":{"type":"Polygon","coordinates":[[[12,4],[10,4],[10,5],[12,5],[12,4]]]}},{"type":"Feature","properties":{"shelf_id":"1047B","bookcase_id":"175B","shelf_in_case":3,"side":"back","type":"shelf","physical_bookcase_id":175,"reserved_name":null,"reserved_faculty":null,"reserved":false},"geometry":{"type":"Polygon","coordinates":[[[12,3],[10,3],[10,4],[12,4],[12,3]]]}},{"type":"Feature","properties":{"shelf_id":"1048B","bookcase_id":"175B","shelf_in_case":4,"side":"back","type":"shelf","physical_bookcase_id":175,"reserved_name":null,"reserved_faculty":null,"reserved":false},"geometry":{"type":"Polygon","coordinates":[[[12,2],[10,2],[10,3],[12,3],[12,2]]]}},{"type":"Feature","properties":{"shelf_id":"1049B","bookcase_id":"175B","shelf_in_case":5,"side":"back","type":"shelf","physical_bookcase_id":175,"reserved_name":null,"reserved_faculty":null,"reserved":false},"geometry":{"type":"Polygon","coordinates":[[[12,1],[10,1],[10,2],[12,2],[12,1]]]}},{"type":"Feature","properties":{"shelf_id":"1050B","bookcase_id":"175B","shelf_in_case":6,"side":"back","type":"shelf","physical_bookcase_id":175,"reserved_name":null,"reserved_faculty":null,"reserved":false},"geometry":{"type":"Polygon","coordinates":[[[12,0],[10,0],[10,1],[12,1],[12,0]]]}},{"type":"Feature","properties":{"shelf_id":"1051B","bookcase_id":"176B","shelf_in_case":1,"side":"back","type":"shelf","physical_bookcase_id":176,"reserved_name":null,"reserved_faculty":null,"reserved":false},"geometry":{"type":"Polygon","coordinates":[[[10,5],[8,5],[8,6],[10,6],[10,5]]]}},{"type":"Feature","properties":{"shelf_id":"1052B","bookcase_id":"176B","shelf_in_case":2,"side":"back","type":"shelf","physical_bookcase_id":176,"reserved_name":null,"reserved_faculty":null,"reserved":false},"geometry":{"type":"Polygon","coordinates":[[[10,4],[8,4],[8,5],[10,5],[10,4]]]}},{"type":"Feature","properties":{"shelf_id":"1053B","bookcase_id":"176B","shelf_in_case":3,"side":"back","type":"shelf","physical_bookcase_id":176,"reserved_name":null,"reserved_faculty":null,"reserved":false},"geometry":{"type":"Polygon","coordinates":[[[10,3],[8,3],[8,4],[10,4],[10,3]]]}},{"type":"Feature","properties":{"shelf_id":"1054B","bookcase_id":"176B","shelf_in_case":4,"side":"back","type":"shelf","physical_bookcase_id":176,"reserved_name":null,"reserved_faculty":null,"reserved":false},"geometry":{"type":"Polygon","coordinates":[[[10,2],[8,2],[8,3],[10,3],[10,2]]]}},{"type":"Feature","properties":{"shelf_id":"1055B","bookcase_id":"176B","shelf_in_case":5,"side":"back","type":"shelf","physical_bookcase_id":176,"reserved_name":null,"reserved_faculty":null,"reserved":false},"geometry":{"type":"Polygon","coordinates":[[[10,1],[8,1],[8,2],[10,2],[10,1]]]}},{"type":"Feature","properties":{"shelf_id":"1056B","bookcase_id":"176B","shelf_in_case":6,"side":"back","type":"shelf","physical_bookcase_id":176,"reserved_name":null,"reserved_faculty":null,"reserved":false},"geometry":{"type":"Polygon","coordinates":[[[10,0],[8,0],[8,1],[10,1],[10,0]]]}},{"type":"Feature","properties":{"shelf_id":"1057B","bookcase_id":"177B","shelf_in_case":1,"side":"back","type":"shelf","physical_bookcase_id":177,"reserved_name":null,"reserved_faculty":null,"reserved":false},"geometry":{"type":"Polygon","coordinates":[[[8,5],[6,5],[6,6],[8,6],[8,5]]]}},{"type":"Feature","properties":{"shelf_id":"1058B","bookcase_id":"177B","shelf_in_case":2,"side":"back","type":"shelf","physical_bookcase_id":177,"reserved_name":null,"reserved_faculty":null,"reserved":false},"geometry":{"type":"Polygon","coordinates":[[[8,4],[6,4],[6,5],[8,5],[8,4]]]}},{"type":"Feature","properties":{"shelf_id":"1059B","bookcase_id":"177B","shelf_in_case":3,"side":"back","type":"shelf","physical_bookcase_id":177,"reserved_name":null,"reserved_faculty":null,"reserved":false},"geometry":{"type":"Polygon","coordinates":[[[8,3],[6,3],[6,4],[8,4],[8,3]]]}},{"type":"Feature","properties":{"shelf_id":"1060B","bookcase_id":"177B","shelf_in_case":4,"side":"back","type":"shelf","physical_bookcase_id":177,"reserved_name":null,"reserved_faculty":null,"reserved":false},"geometry":{"type":"Polygon","coordinates":[[[8,2],[6,2],[6,3],[8,3],[8,2]]]}},{"type":"Feature","properties":{"shelf_id":"1061B","bookcase_id":"177B","shelf_in_case":5,"side":"back","type":"shelf","physical_bookcase_id":177,"reserved_name":null,"reserved_faculty":null,"reserved":false},"geometry":{"type":"Polygon","coordinates":[[[8,1],[6,1],[6,2],[8,2],[8,1]]]}},{"type":"Feature","properties":{"shelf_id":"1062B","bookcase_id":"177B","shelf_in_case":6,"side":"back","type":"shelf","physical_bookcase_id":177,"reserved_name":null,"reserved_faculty":null,"reserved":false},"geometry":{"type":"Polygon","coordinates":[[[8,0],[6,0],[6,1],[8,1],[8,0]]]}},{"type":"Feature","properties":{"shelf_id":"1063B","bookcase_id":"178B","shelf_in_case":1,"side":"back","type":"shelf","physical_bookcase_id":178,"reserved_name":"Heritage Vitrine","reserved_faculty":"Other","reserved":true},"geometry":{"type":"Polygon","coordinates":[[[6,5],[4,5],[4,6],[6,6],[6,5]]]}},{"type":"Feature","properties":{"shelf_id":"1064B","bookcase_id":"178B","shelf_in_case":2,"side":"back","type":"shelf","physical_bookcase_id":178,"reserved_name":"Heritage Vitrine","reserved_faculty":"Other","reserved":true},"geometry":{"type":"Polygon","coordinates":[[[6,4],[4,4],[4,5],[6,5],[6,4]]]}},{"type":"Feature","properties":{"shelf_id":"1065B","bookcase_id":"178B","shelf_in_case":3,"side":"back","type":"shelf","physical_bookcase_id":178,"reserved_name":"Heritage Vitrine","reserved_faculty":"Other","reserved":true},"geometry":{"type":"Polygon","coordinates":[[[6,3],[4,3],[4,4],[6,4],[6,3]]]}},{"type":"Feature","properties":{"shelf_id":"1066B","bookcase_id":"178B","shelf_in_case":4,"side":"back","type":"shelf","physical_bookcase_id":178,"reserved_name":"Heritage Vitrine","reserved_faculty":"Other","reserved":true},"geometry":{"type":"Polygon","coordinates":[[[6,2],[4,2],[4,3],[6,3],[6,2]]]}},{"type":"Feature","properties":{"shelf_id":"1067B","bookcase_id":"178B","shelf_in_case":5,"side":"back","type":"shelf","physical_bookcase_id":178,"reserved_name":"Heritage Vitrine","reserved_faculty":"Other","reserved":true},"geometry":{"type":"Polygon","coordinates":[[[6,1],[4,1],[4,2],[6,2],[6,1]]]}},{"type":"Feature","properties":{"shelf_id":"1068B","bookcase_id":"178B","shelf_in_case":6,"side":"back","type":"shelf","physical_bookcase_id":178,"reserved_name":"Heritage Vitrine","reserved_faculty":"Other","reserved":true},"geometry":{"type":"Polygon","coordinates":[[[6,0],[4,0],[4,1],[6,1],[6,0]]]}},{"type":"Feature","properties":{"shelf_id":"1069B","bookcase_id":"179B","shelf_in_case":1,"side":"back","type":"shelf","physical_bookcase_id":179,"reserved_name":"Heritage Vitrine","reserved_faculty":"Other","reserved":true},"geometry":{"type":"Polygon","coordinates":[[[4,5],[2,5],[2,6],[4,6],[4,5]]]}},{"type":"Feature","properties":{"shelf_id":"1070B","bookcase_id":"179B","shelf_in_case":2,"side":"back","type":"shelf","physical_bookcase_id":179,"reserved_name":"Heritage Vitrine","reserved_faculty":"Other","reserved":true},"geometry":{"type":"Polygon","coordinates":[[[4,4],[2,4],[2,5],[4,5],[4,4]]]}},{"type":"Feature","properties":{"shelf_id":"1071B","bookcase_id":"179B","shelf_in_case":3,"side":"back","type":"shelf","physical_bookcase_id":179,"reserved_name":"Heritage Vitrine","reserved_faculty":"Other","reserved":true},"geometry":{"type":"Polygon","coordinates":[[[4,3],[2,3],[2,4],[4,4],[4,3]]]}},{"type":"Feature","properties":{"shelf_id":"1072B","bookcase_id":"179B","shelf_in_case":4,"side":"back","type":"shelf","physical_bookcase_id":179,"reserved_name":"Heritage Vitrine","reserved_faculty":"Other","reserved":true},"geometry":{"type":"Polygon","coordinates":[[[4,2],[2,2],[2,3],[4,3],[4,2]]]}},{"type":"Feature","properties":{"shelf_id":"1073B","bookcase_id":"179B","shelf_in_case":5,"side":"back","type":"shelf","physical_bookcase_id":179,"reserved_name":"Heritage Vitrine","reserved_faculty":"Other","reserved":true},"geometry":{"type":"Polygon","coordinates":[[[4,1],[2,1],[2,2],[4,2],[4,1]]]}},{"type":"Feature","properties":{"shelf_id":"1074B","bookcase_id":"179B","shelf_in_case":6,"side":"back","type":"shelf","physical_bookcase_id":179,"reserved_name":"Heritage Vitrine","reserved_faculty":"Other","reserved":true},"geometry":{"type":"Polygon","coordinates":[[[4,0],[2,0],[2,1],[4,1],[4,0]]]}},{"type":"Feature","properties":{"shelf_id":"1075B","bookcase_id":"180B","shelf_in_case":1,"side":"back","type":"shelf","physical_bookcase_id":180,"reserved_name":"Heritage Vitrine","reserved_faculty":"Other","reserved":true},"geometry":{"type":"Polygon","coordinates":[[[2,5],[0,5],[0,6],[2,6],[2,5]]]}},{"type":"Feature","properties":{"shelf_id":"1076B","bookcase_id":"180B","shelf_in_case":2,"side":"back","type":"shelf","physical_bookcase_id":180,"reserved_name":"Heritage Vitrine","reserved_faculty":"Other","reserved":true},"geometry":{"type":"Polygon","coordinates":[[[2,4],[0,4],[0,5],[2,5],[2,4]]]}},{"type":"Feature","properties":{"shelf_id":"1077B","bookcase_id":"180B","shelf_in_case":3,"side":"back","type":"shelf","physical_bookcase_id":180,"reserved_name":"Heritage Vitrine","reserved_faculty":"Other","reserved":true},"geometry":{"type":"Polygon","coordinates":[[[2,3],[0,3],[0,4],[2,4],[2,3]]]}},{"type":"Feature","properties":{"shelf_id":"1078B","bookcase_id":"180B","shelf_in_case":4,"side":"back","type":"shelf","physical_bookcase_id":180,"reserved_name":"Heritage Vitrine","reserved_faculty":"Other","reserved":true},"geometry":{"type":"Polygon","coordinates":[[[2,2],[0,2],[0,3],[2,3],[2,2]]]}},{"type":"Feature","properties":{"shelf_id":"1079B","bookcase_id":"180B","shelf_in_case":5,"side":"back","type":"shelf","physical_bookcase_id":180,"reserved_name":"Heritage Vitrine","reserved_faculty":"Other","reserved":true},"geometry":{"type":"Polygon","coordinates":[[[2,1],[0,1],[0,2],[2,2],[2,1]]]}},{"type":"Feature","properties":{"shelf_id":"1080B","bookcase_id":"180B","shelf_in_case":6,"side":"back","type":"shelf","physical_bookcase_id":180,"reserved_name":"Heritage Vitrine","reserved_faculty":"Other","reserved":true},"geometry":{"type":"Polygon","coordinates":[[[2,0],[0,0],[0,1],[2,1],[2,0]]]}}]}