{"type":"FeatureCollection","features":[{"type":"Feature","properties":{"shelf_id":1,"bookcase_id":1,"shelf_in_case":1,"side":"front","type":"shelf","reserved_name":null,"reserved_faculty":null,"reserved":false},"geometry":{"type":"Polygon","coordinates":[[[38,26],[40,26],[40,27],[38,27],[38,26]]]}},{"type":"Feature","properties":{"shelf_id":2,"bookcase_id":1,"shelf_in_case":2,"side":"front","type":"shelf","reserved_name":null,"reserved_faculty":null,"reserved":false},"geometry":{"type":"Polygon","coordinates":[[[38,25],[40,25],[40,26],[38,26],[38,25]]]}},{"type":"Feature","properties":{"shelf_id":3,"bookcase_id":1,"shelf_in_case":3,"side":"front","type":"shelf","reserved_name":null,"reserved_faculty":null,"reserved":false},"geometry":{"type":"Polygon","coordinates":[[[38,24],[40,24],[40,25],[38,25],[38,24]]]}},{"type":"Feature","properties":{"shelf_id":4,"bookcase_id":1,"shelf_in_case":4,"side":"front","type":"shelf","reserved_name":null,"reserved_faculty":null,"reserved":false},"geometry":{"type":"Polygon","coordinates":[[[38,23],[40,23],[40,24],[38,24],[38,23]]]}},{"type":"Feature","properties":{"shelf_id":5,"bookcase_id":1,"shelf_in_case":5,"side":"front","type":"shelf","reserved_name":null,"reserved_faculty":null,"reserved":false},"geometry":{"type":"Polygon","coordinates":[[[38,22],[40,22],[40,23],[38,23],[38,22]]]}},{"type":"Feature","properties":{"shelf_id":6,"bookcase_id":1,"shelf_in_case":6,"side":"front","type":"shelf","reserved_name":null,"reserved_faculty":null,"reserved":false},"geometry":{"type":"Polygon","coordinates":[[[38,21],[40,21],[40,22],[38,22],[38,21]]]}},{"type":"Feature","properties":{"shelf_id":7,"bookcase_id":2,"shelf_in_case":1,"side":"front","type":"shelf","reserved_name":null,"reserved_faculty":null,"reserved":false},"geometry":{"type":"Polygon","coordinates":[[[40,26],[42,26],[42,27],[40,27],[40,26]]]}},{"type":"Feature","properties":{"shelf_id":8,"bookcase_id":2,"shelf_in_case":2,"side":"front","type":"shelf","reserved_name":null,"reserved_faculty":null,"reserved":false},"geometry":{"type":"Polygon","coordinates":[[[40,25],[42,25],[42,26],[40,26],[40,25]]]}},{"type":"Feature","properties":{"shelf_id":9,"bookcase_id":2,"shelf_in_case":3,"side":"front","type":"shelf","reserved_name":null,"reserved_faculty":null,"reserved":false},"geometry":{"type":"Polygon","coordinates":[[[40,24],[42,24],[42,25],[40,25],[40,24]]]}},{"type":"Feature","properties":{"shelf_id":10,"bookcase_id":2,"shelf_in_case":4,"side":"front","type":"shelf","reserved_name":null,"reserved_faculty":null,"reserved":false},"geometry":{"type":"Polygon","coordinates":[[[40,23],[42,23],[42,24],[40,24],[40,23]]]}},{"type":"Feature","properties":{"shelf_id":11,"bookcase_id":2,"shelf_in_case":5,"side":"front","type":"shelf","reserved_name":null,"reserved_faculty":null,"reserved":false},"geometry":{"type":"Polygon","coordinates":[[[40,22],[42,22],[42,23],[40,23],[40,22]]]}},{"type":"Feature","properties":{"shelf_id":12,"bookcase_id":2,"shelf_in_case":6,"side":"front","type":"shelf","reserved_name":null,"reserved_faculty":null,"reserved":false},"geometry":{"type":"Polygon","coordinates":[[[40,21],[42,21],[42,22],[40,22],[40,21]]]}},{"type":"Feature","properties":{"shelf_id":13,"bookcase_id":3,"shelf_in_case":1,"side":"front","type":"shelf","reserved_name":null,"reserved_faculty":null,"reserved":false},"geometry":{"type":"Polygon","coordinates":[[[42,26],[44,26],[44,27],[42,27],[42,26]]]}},{"type":"Feature","properties":{"shelf_id":14,"bookcase_id":3,"shelf_in_case":2,"side":"front","type":"shelf","reserved_name":null,"reserved_faculty":null,"reserved":false},"geometry":{"type":"Polygon","coordinates":[[[42,25],[44,25],[44,26],[42,26],[42,25]]]}},{"type":"Feature","properties":{"shelf_id":15,"bookcase_id":3,"shelf_in_case":3,"side":"front","type":"shelf","reserved_name":null,"reserved_faculty":null,"reserved":false},"geometry":{"type":"Polygon","coordinates":[[[42,24],[44,24],[44,25],[42,25],[42,24]]]}},{"type":"Feature","properties":{"shelf_id":16,"bookcase_id":3,"shelf_in_case":4,"side":"front","type":"shelf","reserved_name":null,"reserved_faculty":null,"reserved":false},"geometry":{"type":"Polygon","coordinates":[[[42,23],[44,23],[44,24],[42,24],[42,23]]]}},{"type":"Feature","properties":{"shelf_id":17,"bookcase_id":3,"shelf_in_case":5,"side":"front","type":"shelf","reserved_name":null,"reserved_faculty":null,"reserved":false},"geometry":{"type":"Polygon","coordinates":[[[42,22],[44,22],[44,23],[42,23],[42,22]]]}},{"type":"Feature","properties":{"shelf_id":18,"bookcase_id":3,"shelf_in_case":6,"side":"front","type":"shelf","reserved_name":null,"reserved_faculty":null,"reserved":false},"geometry":{"type":"Polygon","coordinates":[[[42,21],[44,21],[44,22],[42,22],[42,21]]]}},{"type":"Feature","properties":{"shelf_id":19,"bookcase_id":4,"shelf_in_case":1,"side":"front","type":"shelf","reserved_name":"CEG Expo","reserved_faculty":"CEG","reserved":true},"geometry":{"type":"Polygon","coordinates":[[[46,26],[48,26],[48,27],[46,27],[46,26]]]}},{"type":"Feature","properties":{"shelf_id":20,"bookcase_id":4,"shelf_in_case":2,"side":"front","type":"shelf","reserved_name":"CEG Expo","reserved_faculty":"CEG","reserved":true},"geometry":{"type":"Polygon","coordinates":[[[46,25],[48,25],[48,26],[46,26],[46,25]]]}},{"type":"Feature","properties":{"shelf_id":21,"bookcase_id":4,"shelf_in_case":3,"side":"front","type":"shelf","reserved_name":"CEG Expo","reserved_faculty":"CEG","reserved":true},"geometry":{"type":"Polygon","coordinates":[[[46,24],[48,24],[48,25],[46,25],[46,24]]]}},{"type":"Feature","properties":{"shelf_id":22,"bookcase_id":4,"shelf_in_case":4,"side":"front","type":"shelf","reserved_name":"CEG Expo","reserved_faculty":"CEG","reserved":true},"geometry":{"type":"Polygon","coordinates":[[[46,23],[48,23],[48,24],[46,24],[46,23]]]}},{"type":"Feature","properties":{"shelf_id":23,"bookcase_id":4,"shelf_in_case":5,"side":"front","type":"shelf","reserved_name":"CEG Expo","reserved_faculty":"CEG","reserved":true},"geometry":{"type":"Polygon","coordinates":[[[46,22],[48,22],[48,23],[46,23],[46,22]]]}},{"type":"Feature","properties":{"shelf_id":24,"bookcase_id":4,"shelf_in_case":6,"side":"front","type":"shelf","reserved_name":"CEG Expo","reserved_faculty":"CEG","reserved":true},"geometry":{"type":"Polygon","coordinates":[[[46,21],[48,21],[48,22],[46,22],[46,21]]]}},{"type":"Feature","properties":{"shelf_id":25,"bookcase_id":5,"shelf_in_case":1,"side":"front","type":"shelf","reserved_name":"CEG Expo","reserved_faculty":"CEG","reserved":true},"geometry":{"type":"Polygon","coordinates":[[[48,26],[50,26],[50,27],[48,27],[48,26]]]}},{"type":"Feature","properties":{"shelf_id":26,"bookcase_id":5,"shelf_in_case":2,"side":"front","type":"shelf","reserved_name":"CEG Expo","reserved_faculty":"CEG","reserved":true},"geometry":{"type":"Polygon","coordinates":[[[48,25],[50,25],[50,26],[48,26],[48,25]]]}},{"type":"Feature","properties":{"shelf_id":27,"bookcase_id":5,"shelf_in_case":3,"side":"front","type":"shelf","reserved_name":"CEG Expo","reserved_faculty":"CEG","reserved":true},"geometry":{"type":"Polygon","coordinates":[[[48,24],[50,24],[50,25],[48,25],[48,24]]]}},{"type":"Feature","properties":{"shelf_id":28,"bookcase_id":5,"shelf_in_case":4,"side":"front","type":"shelf","reserved_name":"CEG Expo","reserved_faculty":"CEG","reserved":true},"geometry":{"type":"Polygon","coordinates":[[[48,23],[50,23],[50,24],[48,24],[48,23]]]}},{"type":"Feature","properties":{"shelf_id":29,"bookcase_id":5,"shelf_in_case":5,"side":"front","type":"shelf","reserved_name":"CEG Expo","reserved_faculty":"CEG","reserved":true},"geometry":{"type":"Polygon","coordinates":[[[48,22],[50,22],[50,23],[48,23],[48,22]]]}},{"type":"Feature","properties":{"shelf_id":30,"bookcase_id":5,"shelf_in_case":6,"side":"front","type":"shelf","reserved_name":"CEG Expo","reserved_faculty":"CEG","reserved":true},"geometry":{"type":"Polygon","coordinates":[[[48,21],[50,21],[50,22],[48,22],[48,21]]]}},{"type":"Feature","properties":{"shelf_id":31,"bookcase_id":6,"shelf_in_case":1,"side":"front","type":"shelf","reserved_name":"CEG Expo","reserved_faculty":"CEG","reserved":true},"geometry":{"type":"Polygon","coordinates":[[[50,26],[52,26],[52,27],[50,27],[50,26]]]}},{"type":"Feature","properties":{"shelf_id":32,"bookcase_id":6,"shelf_in_case":2,"side":"front","type":"shelf","reserved_name":"CEG Expo","reserved_faculty":"CEG","reserved":true},"geometry":{"type":"Polygon","coordinates":[[[50,25],[52,25],[52,26],[50,26],[50,25]]]}},{"type":"Feature","properties":{"shelf_id":33,"bookcase_id":6,"shelf_in_case":3,"side":"front","type":"shelf","reserved_name":"CEG Expo","reserved_faculty":"CEG","reserved":true},"geometry":{"type":"Polygon","coordinates":[[[50,24],[52,24],[52,25],[50,25],[50,24]]]}},{"type":"Feature","properties":{"shelf_id":34,"bookcase_id":6,"shelf_in_case":4,"side":"front","type":"shelf","reserved_name":"CEG Expo","reserved_faculty":"CEG","reserved":true},"geometry":{"type":"Polygon","coordinates":[[[50,23],[52,23],[52,24],[50,24],[50,23]]]}},{"type":"Feature","properties":{"shelf_id":35,"bookcase_id":6,"shelf_in_case":5,"side":"front","type":"shelf","reserved_name":"CEG Expo","reserved_faculty":"CEG","reserved":true},"geometry":{"type":"Polygon","coordinates":[[[50,22],[52,22],[52,23],[50,23],[50,22]]]}},{"type":"Feature","properties":{"shelf_id":36,"bookcase_id":6,"shelf_in_case":6,"side":"front","type":"shelf","reserved_name":"CEG Expo","reserved_faculty":"CEG","reserved":true},"geometry":{"type":"Polygon","coordinates":[[[50,21],[52,21],[52,22],[50,22],[50,21]]]}},{"type":"Feature","properties":{"shelf_id":37,"bookcase_id":7,"shelf_in_case":1,"side":"front","type":"shelf","reserved_name":null,"reserved_faculty":null,"reserved":false},"geometry":{"type":"Polygon","coordinates":[[[52,26],[54,26],[54,27],[52,27],[52,26]]]}},{"type":"Feature","properties":{"shelf_id":38,"bookcase_id":7,"shelf_in_case":2,"side":"front","type":"shelf","reserved_name":null,"reserved_faculty":null,"reserved":false},"geometry":{"type":"Polygon","coordinates":[[[52,25],[54,25],[54,26],[52,26],[52,25]]]}},{"type":"Feature","properties":{"shelf_id":39,"bookcase_id":7,"shelf_in_case":3,"side":"front","type":"shelf","reserved_name":null,"reserved_faculty":null,"reserved":false},"geometry":{"type":"Polygon","coordinates":[[[52,24],[54,24],[54,25],[52,25],[52,24]]]}},{"type":"Feature","properties":{"shelf_id":40,"bookcase_id":7,"shelf_in_case":4,"side":"front","type":"shelf","reserved_name":null,"reserved_faculty":null,"reserved":false},"geometry":{"type":"Polygon","coordinates":[[[52,23],[54,23],[54,24],[52,24],[52,23]]]}},{"type":"Feature","properties":{"shelf_id":41,"bookcase_id":7,"shelf_in_case":5,"side":"front","type":"shelf","reserved_name":null,"reserved_faculty":null,"reserved":false},"geometry":{"type":"Polygon","coordinates":[[[52,22],[54,22],[54,23],[52,23],[52,22]]]}},{"type":"Feature","properties":{"shelf_id":42,"bookcase_id":7,"shelf_in_case":6,"side":"front","type":"shelf","reserved_name":null,"reserved_faculty":null,"reserved":false},"geometry":{"type":"Polygon","coordinates":[[[52,21],[54,21],[54,22],[52,22],[52,21]]]}},{"type":"Feature","properties":{"shelf_id":43,"bookcase_id":8,"shelf_in_case":1,"side":"front","type":"shelf","reserved_name":null,"reserved_faculty":null,"reserved":false},"geometry":{"type":"Polygon","coordinates":[[[54,26],[56,26],[56,27],[54,27],[54,26]]]}},{"type":"Feature","properties":{"shelf_id":44,"bookcase_id":8,"shelf_in_case":2,"side":"front","type":"shelf","reserved_name":null,"reserved_faculty":null,"reserved":false},"geometry":{"type":"Polygon","coordinates":[[[54,25],[56,25],[56,26],[54,26],[54,25]]]}},{"type":"Feature","properties":{"shelf_id":45,"bookcase_id":8,"shelf_in_case":3,"side":"front","type":"shelf","reserved_name":null,"reserved_faculty":null,"reserved":false},"geometry":{"type":"Polygon","coordinates":[[[54,24],[56,24],[56,25],[54,25],[54,24]]]}},{"type":"Feature","properties":{"shelf_id":46,"bookcase_id":8,"shelf_in_case":4,"side":"front","type":"shelf","reserved_name":null,"reserved_faculty":null,"reserved":false},"geometry":{"type":"Polygon","coordinates":[[[54,23],[56,23],[56,24],[54,24],[54,23]]]}},{"type":"Feature","properties":{"shelf_id":47,"bookcase_id":8,"shelf_in_case":5,"side":"front","type":"shelf","reserved_name":null,"reserved_faculty":null,"reserved":false},"geometry":{"type":"Polygon","coordinates":[[[54,22],[56,22],[56,23],[54,23],[54,22]]]}},{"type":"Feature","properties":{"shelf_id":48,"bookcase_id":8,"shelf_in_case":6,"side":"front","type":"shelf","reserved_name":null,"reserved_faculty":null,"reserved":false},"geometry":{"type":"Polygon","coordinates":[[[54,21],[56,21],[56,22],[54,22],[54,21]]]}},{"type":"Feature","properties":{"shelf_id":49,"bookcase_id":9,"shelf_in_case":1,"side":"front","type":"shelf","reserved_name":null,"reserved_faculty":null,"reserved":false},"geometry":{"type":"Polygon","coordinates":[[[56,26],[58,26],[58,27],[56,27],[56,26]]]}},{"type":"Feature","properties":{"shelf_id":50,"bookcase_id":9,"shelf_in_case":2,"side":"front","type":"shelf","reserved_name":null,"reserved_faculty":null,"reserved":false},"geometry":{"type":"Polygon","coordinates":[[[56,25],[58,25],[58,26],[56,26],[56,25]]]}},{"type":"Feature","properties":{"shelf_id":51,"bookcase_id":9,"shelf_in_case":3,"side":"front","type":"shelf","reserved_name":null,"reserved_faculty":null,"reserved":false},"geometry":{"type":"Polygon","coordinates":[[[56,24],[58,24],[58,25],[56,25],[56,24]]]}},{"type":"Feature","properties":{"shelf_id":52,"bookcase_id":9,"shelf_in_case":4,"side":"front","type":"shelf","reserved_name":null,"reserved_faculty":null,"reserved":false},"geometry":{"type":"Polygon","coordinates":[[[56,23],[58,23],[58,24],[56,24],[56,23]]]}},{"type":"Feature","properties":{"shelf_id":53,"bookcase_id":9,"shelf_in_case":5,"side":"front","type":"shelf","reserved_name":null,"reserved_faculty":null,"reserved":false},"geometry":{"type":"Polygon","coordinates":[[[56,22],[58,22],[58,23],[56,23],[56,22]]]}},{"type":"Feature","properties":{"shelf_id":54,"bookcase_id":9,"shelf_in_case":6,"side":"front","type":"shelf","reserved_name":null,"reserved_faculty":null,"reserved":false},"geometry":{"type":"Polygon","coordinates":[[[56,21],[58,21],[58,22],[56,22],[56,21]]]}},{"type":"Feature","properties":{"shelf_id":55,"bookcase_id":10,"shelf_in_case":1,"side":"front","type":"shelf","reserved_name":null,"reserved_faculty":null,"reserved":false},"geometry":{"type":"Polygon","coordinates":[[[58,26],[60,26],[60,27],[58,27],[58,26]]]}},{"type":"Feature","properties":{"shelf_id":56,"bookcase_id":10,"shelf_in_case":2,"side":"front","type":"shelf","reserved_name":null,"reserved_faculty":null,"reserved":false},"geometry":{"type":"Polygon","coordinates":[[[58,25],[60,25],[60,26],[58,26],[58,25]]]}},{"type":"Feature","properties":{"shelf_id":57,"bookcase_id":10,"shelf_in_case":3,"side":"front","type":"shelf","reserved_name":null,"reserved_faculty":null,"reserved":false},"geometry":{"type":"Polygon","coordinates":[[[58,24],[60,24],[60,25],[58,25],[58,24]]]}},{"type":"Feature","properties":{"shelf_id":58,"bookcase_id":10,"shelf_in_case":4,"side":"front","type":"shelf","reserved_name":null,"reserved_faculty":null,"reserved":false},"geometry":{"type":"Polygon","coordinates":[[[58,23],[60,23],[60,24],[58,24],[58,23]]]}},{"type":"Feature","properties":{"shelf_id":59,"bookcase_id":10,"shelf_in_case":5,"side":"front","type":"shelf","reserved_name":null,"reserved_faculty":null,"reserved":false},"geometry":{"type":"Polygon","coordinates":[[[58,22],[60,22],[60,23],[58,23],[58,22]]]}},{"type":"Feature","properties":{"shelf_id":60,"bookcase_id":10,"shelf_in_case":6,"side":"front","type":"shelf","reserved_name":null,"reserved_faculty":null,"reserved":false},"geometry":{"type":"Polygon","coordinates":[[[58,21],[60,21],[60,22],[58,22],[58,21]]]}},{"type":"Feature","properties":{"shelf_id":61,"bookcase_id":11,"shelf_in_case":1,"side":"front","type":"shelf","reserved_name":null,"reserved_faculty":null,"reserved":false},"geometry":{"type":"Polygon","coordinates":[[[60,26],[62,26],[62,27],[60,27],[60,26]]]}},{"type":"Feature","properties":{"shelf_id":62,"bookcase_id":11,"shelf_in_case":2,"side":"front","type":"shelf","reserved_name":null,"reserved_faculty":null,"reserved":false},"geometry":{"type":"Polygon","coordinates":[[[60,25],[62,25],[62,26],[60,26],[60,25]]]}},{"type":"Feature","properties":{"shelf_id":63,"bookcase_id":11,"shelf_in_case":3,"side":"front","type":"shelf","reserved_name":null,"reserved_faculty":null,"reserved":false},"geometry":{"type":"Polygon","coordinates":[[[60,24],[62,24],[62,25],[60,25],[60,24]]]}},{"type":"Feature","properties":{"shelf_id":64,"bookcase_id":11,"shelf_in_case":4,"side":"front","type":"shelf","reserved_name":null,"reserved_faculty":null,"reserved":false},"geometry":{"type":"Polygon","coordinates":[[[60,23],[62,23],[62,24],[60,24],[60,23]]]}},{"type":"Feature","properties":{"shelf_id":65,"bookcase_id":11,"shelf_in_case":5,"side":"front","type":"shelf","reserved_name":null,"reserved_faculty":null,"reserved":false},"geometry":{"type":"Polygon","coordinates":[[[60,22],[62,22],[62,23],[60,23],[60,22]]]}},{"type":"Feature","properties":{"shelf_id":66,"bookcase_id":11,"shelf_in_case":6,"side":"front","type":"shelf","reserved_name":null,"reserved_faculty":null,"reserved":false},"geometry":{"type":"Polygon","coordinates":[[[60,21],[62,21],[62,22],[60,22],[60,21]]]}},{"type":"Feature","properties":{"shelf_id":67,"bookcase_id":12,"shelf_in_case":1,"side":"front","type":"shelf","reserved_name":null,"reserved_faculty":null,"reserved":false},"geometry":{"type":"Polygon","coordinates":[[[62,26],[64,26],[64,27],[62,27],[62,26]]]}},{"type":"Feature","properties":{"shelf_id":68,"bookcase_id":12,"shelf_in_case":2,"side":"front","type":"shelf","reserved_name":null,"reserved_faculty":null,"reserved":false},"geometry":{"type":"Polygon","coordinates":[[[62,25],[64,25],[64,26],[62,26],[62,25]]]}},{"type":"Feature","properties":{"shelf_id":69,"bookcase_id":12,"shelf_in_case":3,"side":"front","type":"shelf","reserved_name":null,"reserved_faculty":null,"reserved":false},"geometry":{"type":"Polygon","coordinates":[[[62,24],[64,24],[64,25],[62,25],[62,24]]]}},{"type":"Feature","properties":{"shelf_id":70,"bookcase_id":12,"shelf_in_case":4,"side":"front","type":"shelf","reserved_name":null,"reserved_faculty":null,"reserved":false},"geometry":{"type":"Polygon","coordinates":[[[62,23],[64,23],[64,24],[62,24],[62,23]]]}},{"type":"Feature","properties":{"shelf_id":71,"bookcase_id":12,"shelf_in_case":5,"side":"front","type":"shelf","reserved_name":null,"reserved_faculty":null,"reserved":false},"geometry":{"type":"Polygon","coordinates":[[[62,22],[64,22],[64,23],[62,23],[62,22]]]}},{"type":"Feature","properties":{"shelf_id":72,"bookcase_id":12,"shelf_in_case":6,"side":"front","type":"shelf","reserved_name":null,"reserved_faculty":null,"reserved":false},"geometry":{"type":"Polygon","coordinates":[[[62,21],[64,21],[64,22],[62,22],[62,21]]]}},{"type":"Feature","properties":{"shelf_id":73,"bookcase_id":13,"shelf_in_case":1,"side":"front","type":"shelf","reserved_name":null,"reserved_faculty":null,"reserved":false},"geometry":{"type":"Polygon","coordinates":[[[64,26],[66,26],[66,27],[64,27],[64,26]]]}},{"type":"Feature","properties":{"shelf_id":74,"bookcase_id":13,"shelf_in_case":2,"side":"front","type":"shelf","reserved_name":null,"reserved_faculty":null,"reserved":false},"geometry":{"type":"Polygon","coordinates":[[[64,25],[66,25],[66,26],[64,26],[64,25]]]}},{"type":"Feature","properties":{"shelf_id":75,"bookcase_id":13,"shelf_in_case":3,"side":"front","type":"shelf","reserved_name":null,"reserved_faculty":null,"reserved":false},"geometry":{"type":"Polygon","coordinates":[[[64,24],[66,24],[66,25],[64,25],[64,24]]]}},{"type":"Feature","properties":{"shelf_id":76,"bookcase_id":13,"shelf_in_case":4,"side":"front","type":"shelf","reserved_name":null,"reserved_faculty":null,"reserved":false},"geometry":{"type":"Polygon","coordinates":[[[64,23],[66,23],[66,24],[64,24],[64,23]]]}},{"type":"Feature","properties":{"shelf_id":77,"bookcase_id":13,"shelf_in_case":5,"side":"front","type":"shelf","reserved_name":null,"reserved_faculty":null,"reserved":false},"geometry":{"type":"Polygon","coordinates":[[[64,22],[66,22],[66,23],[64,23],[64,22]]]}},{"type":"Feature","properties":{"shelf_id":78,"bookcase_id":13,"shelf_in_case":6,"side":"front","type":"shelf","reserved_name":null,"reserved_faculty":null,"reserved":false},"geometry":{"type":"Polygon","coordinates":[[[64,21],[66,21],[66,22],[64,22],[64,21]]]}},{"type":"Feature","properties":{"shelf_id":79,"bookcase_id":14,"shelf_in_case":1,"side":"front","type":"shelf","reserved_name":null,"reserved_faculty":null,"reserved":false},"geometry":{"type":"Polygon","coordinates":[[[78,26],[80,26],[80,27],[78,27],[78,26]]]}},{"type":"Feature","properties":{"shelf_id":80,"bookcase_id":14,"shelf_in_case":2,"side":"front","type":"shelf","reserved_name":null,"reserved_faculty":null,"reserved":false},"geometry":{"type":"Polygon","coordinates":[[[78,25],[80,25],[80,26],[78,26],[78,25]]]}},{"type":"Feature","properties":{"shelf_id":81,"bookcase_id":14,"shelf_in_case":3,"side":"front","type":"shelf","reserved_name":null,"reserved_faculty":null,"reserved":false},"geometry":{"type":"Polygon","coordinates":[[[78,24],[80,24],[80,25],[78,25],[78,24]]]}},{"type":"Feature","properties":{"shelf_id":82,"bookcase_id":14,"shelf_in_case":4,"side":"front","type":"shelf","reserved_name":null,"reserved_faculty":null,"reserved":false},"geometry":{"type":"Polygon","coordinates":[[[78,23],[80,23],[80,24],[78,24],[78,23]]]}},{"type":"Feature","properties":{"shelf_id":83,"bookcase_id":14,"shelf_in_case":5,"side":"front","type":"shelf","reserved_name":null,"reserved_faculty":null,"reserved":false},"geometry":{"type":"Polygon","coordinates":[[[78,22],[80,22],[80,23],[78,23],[78,22]]]}},{"type":"Feature","properties":{"shelf_id":84,"bookcase_id":14,"shelf_in_case":6,"side":"front","type":"shelf","reserved_name":null,"reserved_faculty":null,"reserved":false},"geometry":{"type":"Polygon","coordinates":[[[78,21],[80,21],[80,22],[78,22],[78,21]]]}},{"type":"Feature","properties":{"shelf_id":85,"bookcase_id":15,"shelf_in_case":1,"side":"front","type":"shelf","reserved_name":null,"reserved_faculty":null,"reserved":false},"geometry":{"type":"Polygon","coordinates":[[[80,26],[82,26],[82,27],[80,27],[80,26]]]}},{"type":"Feature","properties":{"shelf_id":86,"bookcase_id":15,"shelf_in_case":2,"side":"front","type":"shelf","reserved_name":null,"reserved_faculty":null,"reserved":false},"geometry":{"type":"Polygon","coordinates":[[[80,25],[82,25],[82,26],[80,26],[80,25]]]}},{"type":"Feature","properties":{"shelf_id":87,"bookcase_id":15,"shelf_in_case":3,"side":"front","type":"shelf","reserved_name":null,"reserved_faculty":null,"reserved":false},"geometry":{"type":"Polygon","coordinates":[[[80,24],[82,24],[82,25],[80,25],[80,24]]]}},{"type":"Feature","properties":{"shelf_id":88,"bookcase_id":15,"shelf_in_case":4,"side":"front","type":"shelf","reserved_name":null,"reserved_faculty":null,"reserved":false},"geometry":{"type":"Polygon","coordinates":[[[80,23],[82,23],[82,24],[80,24],[80,23]]]}},{"type":"Feature","properties":{"shelf_id":89,"bookcase_id":15,"shelf_in_case":5,"side":"front","type":"shelf","reserved_name":null,"reserved_faculty":null,"reserved":false},"geometry":{"type":"Polygon","coordinates":[[[80,22],[82,22],[82,23],[80,23],[80,22]]]}},{"type":"Feature","properties":{"shelf_id":90,"bookcase_id":15,"shelf_in_case":6,"side":"front","type":"shelf","reserved_name":null,"reserved_faculty":null,"reserved":false},"geometry":{"type":"Polygon","coordinates":[[[80,21],[82,21],[82,22],[80,22],[80,21]]]}},{"type":"Feature","properties":{"shelf_id":91,"bookcase_id":16,"shelf_in_case":1,"side":"front","type":"shelf","reserved_name":null,"reserved_faculty":null,"reserved":false},"geometry":{"type":"Polygon","coordinates":[[[82,26],[84,26],[84,27],[82,27],[82,26]]]}},{"type":"Feature","properties":{"shelf_id":92,"bookcase_id":16,"shelf_in_case":2,"side":"front","type":"shelf","reserved_name":null,"reserved_faculty":null,"reserved":false},"geometry":{"type":"Polygon","coordinates":[[[82,25],[84,25],[84,26],[82,26],[82,25]]]}},{"type":"Feature","properties":{"shelf_id":93,"bookcase_id":16,"shelf_in_case":3,"side":"front","type":"shelf","reserved_name":null,"reserved_faculty":null,"reserved":false},"geometry":{"type":"Polygon","coordinates":[[[82,24],[84,24],[84,25],[82,25],[82,24]]]}},{"type":"Feature","properties":{"shelf_id":94,"bookcase_id":16,"shelf_in_case":4,"side":"front","type":"shelf","reserved_name":null,"reserved_faculty":null,"reserved":false},"geometry":{"type":"Polygon","coordinates":[[[82,23],[84,23],[84,24],[82,24],[82,23]]]}},{"type":"Feature","properties":{"shelf_id":95,"bookcase_id":16,"shelf_in_case":5,"side":"front","type":"shelf","reserved_name":null,"reserved_faculty":null,"reserved":false},"geometry":{"type":"Polygon","coordinates":[[[82,22],[84,22],[84,23],[82,23],[82,22]]]}},{"type":"Feature","properties":{"shelf_id":96,"bookcase_id":16,"shelf_in_case":6,"side":"front","type":"shelf","reserved_name":null,"reserved_faculty":null,"reserved":false},"geometry":{"type":"Polygon","coordinates":[[[82,21],[84,21],[84,22],[82,22],[82,21]]]}},{"type":"Feature","properties":{"shelf_id":97,"bookcase_id":17,"shelf_in_case":1,"side":"front","type":"shelf","reserved_name":null,"reserved_faculty":null,"reserved":false},"geometry":{"type":"Polygon","coordinates":[[[84,26],[86,26],[86,27],[84,27],[84,26]]]}},{"type":"Feature","properties":{"shelf_id":98,"bookcase_id":17,"shelf_in_case":2,"side":"front","type":"shelf","reserved_name":null,"reserved_faculty":null,"reserved":false},"geometry":{"type":"Polygon","coordinates":[[[84,25],[86,25],[86,26],[84,26],[84,25]]]}},{"type":"Feature","properties":{"shelf_id":99,"bookcase_id":17,"shelf_in_case":3,"side":"front","type":"shelf","reserved_name":null,"reserved_faculty":null,"reserved":false},"geometry":{"type":"Polygon","coordinates":[[[84,24],[86,24],[86,25],[84,25],[84,24]]]}},{"type":"Feature","properties":{"shelf_id":100,"bookcase_id":17,"shelf_in_case":4,"side":"front","type":"shelf","reserved_name":null,"reserved_faculty":null,"reserved":false},"geometry":{"type":"Polygon","coordinates":[[[84,23],[86,23],[86,24],[84,24],[84,23]]]}},{"type":"Feature","properties":{"shelf_id":101,"bookcase_id":17,"shelf_in_case":5,"side":"front","type":"shelf","reserved_name":null,"reserved_faculty":null,"reserved":false},"geometry":{"type":"Polygon","coordinates":[[[84,22],[86,22],[86,23],[84,23],[84,22]]]}},{"type":"Feature","properties":{"shelf_id":102,"bookcase_id":17,"shelf_in_case":6,"side":"front","type":"shelf","reserved_name":null,"reserved_faculty":null,"reserved":false},"geometry":{"type":"Polygon","coordinates":[[[84,21],[86,21],[86,22],[84,22],[84,21]]]}},{"type":"Feature","properties":{"shelf_id":103,"bookcase_id":18,"shelf_in_case":1,"side":"front","type":"shelf","reserved_name":null,"reserved_faculty":null,"reserved":false},"geometry":{"type":"Polygon","coordinates":[[[86,26],[88,26],[88,27],[86,27],[86,26]]]}},{"type":"Feature","properties":{"shelf_id":104,"bookcase_id":18,"shelf_in_case":2,"side":"front","type":"shelf","reserved_name":null,"reserved_faculty":null,"reserved":false},"geometry":{"type":"Polygon","coordinates":[[[86,25],[88,25],[88,26],[86,26],[86,25]]]}},{"type":"Feature","properties":{"shelf_id":105,"bookcase_id":18,"shelf_in_case":3,"side":"front","type":"shelf","reserved_name":null,"reserved_faculty":null,"reserved":false},"geometry":{"type":"Polygon","coordinates":[[[86,24],[88,24],[88,25],[86,25],[86,24]]]}},{"type":"Feature","properties":{"shelf_id":106,"bookcase_id":18,"shelf_in_case":4,"side":"front","type":"shelf","reserved_name":null,"reserved_faculty":null,"reserved":false},"geometry":{"type":"Polygon","coordinates":[[[86,23],[88,23],[88,24],[86,24],[86,23]]]}},{"type":"Feature","properties":{"shelf_id":107,"bookcase_id":18,"shelf_in_case":5,"side":"front","type":"shelf","reserved_name":null,"reserved_faculty":null,"reserved":false},"geometry":{"type":"Polygon","coordinates":[[[86,22],[88,22],[88,23],[86,23],[86,22]]]}},{"type":"Feature","properties":{"shelf_id":108,"bookcase_id":18,"shelf_in_case":6,"side":"front","type":"shelf","reserved_name":null,"reserved_faculty":null,"reserved":false},"geometry":{"type":"Polygon","coordinates":[[[86,21],[88,21],[88,22],[86,22],[86,21]]]}},{"type":"Feature","properties":{"shelf_id":109,"bookcase_id":19,"shelf_in_case":1,"side":"front","type":"shelf","reserved_name":null,"reserved_faculty":null,"reserved":false},"geometry":{"type":"Polygon","coordinates":[[[88,26],[90,26],[90,27],[88,27],[88,26]]]}},{"type":"Feature","properties":{"shelf_id":110,"bookcase_id":19,"shelf_in_case":2,"side":"front","type":"shelf","reserved_name":null,"reserved_faculty":null,"reserved":false},"geometry":{"type":"Polygon","coordinates":[[[88,25],[90,25],[90,26],[88,26],[88,25]]]}},{"type":"Feature","properties":{"shelf_id":111,"bookcase_id":19,"shelf_in_case":3,"side":"front","type":"shelf","reserved_name":null,"reserved_faculty":null,"reserved":false},"geometry":{"type":"Polygon","coordinates":[[[88,24],[90,24],[90,25],[88,25],[88,24]]]}},{"type":"Feature","properties":{"shelf_id":112,"bookcase_id":19,"shelf_in_case":4,"side":"front","type":"shelf","reserved_name":null,"reserved_faculty":null,"reserved":false},"geometry":{"type":"Polygon","coordinates":[[[88,23],[90,23],[90,24],[88,24],[88,23]]]}},{"type":"Feature","properties":{"shelf_id":113,"bookcase_id":19,"shelf_in_case":5,"side":"front","type":"shelf","reserved_name":null,"reserved_faculty":null,"reserved":false},"geometry":{"type":"Polygon","coordinates":[[[88,22],[90,22],[90,23],[88,23],[88,22]]]}},{"type":"Feature","properties":{"shelf_id":114,"bookcase_id":19,"shelf_in_case":6,"side":"front","type":"shelf","reserved_name":null,"reserved_faculty":null,"reserved":false},"geometry":{"type":"Polygon","coordinates":[[[88,21],[90,21],[90,22],[88,22],[88,21]]]}},{"type":"Feature","properties":{"shelf_id":115,"bookcase_id":20,"shelf_in_case":1,"side":"front","type":"shelf","reserved_name":"TPM Expo","reserved_faculty":"TPM","reserved":true},"geometry":{"type":"Polygon","coordinates":[[[90,26],[92,26],[92,27],[90,27],[90,26]]]}},{"type":"Feature","properties":{"shelf_id":116,"bookcase_id":20,"shelf_in_case":2,"side":"front","type":"shelf","reserved_name":"TPM Expo","reserved_faculty":"TPM","reserved":true},"geometry":{"type":"Polygon","coordinates":[[[90,25],[92,25],[92,26],[90,26],[90,25]]]}},{"type":"Feature","properties":{"shelf_id":117,"bookcase_id":20,"shelf_in_case":3,"side":"front","type":"shelf","reserved_name":"TPM Expo","reserved_faculty":"TPM","reserved":true},"geometry":{"type":"Polygon","coordinates":[[[90,24],[92,24],[92,25],[90,25],[90,24]]]}},{"type":"Feature","properties":{"shelf_id":118,"bookcase_id":20,"shelf_in_case":4,"side":"front","type":"shelf","reserved_name":"TPM Expo","reserved_faculty":"TPM","reserved":true},"geometry":{"type":"Polygon","coordinates":[[[90,23],[92,23],[92,24],[90,24],[90,23]]]}},{"type":"Feature","properties":{"shelf_id":119,"bookcase_id":20,"shelf_in_case":5,"side":"front","type":"shelf","reserved_name":"TPM Expo","reserved_faculty":"TPM","reserved":true},"geometry":{"type":"Polygon","coordinates":[[[90,22],[92,22],[92,23],[90,23],[90,22]]]}},{"type":"Feature","properties":{"shelf_id":120,"bookcase_id":20,"shelf_in_case":6,"side":"front","type":"shelf","reserved_name":"TPM Expo","reserved_faculty":"TPM","reserved":true},"geometry":{"type":"Polygon","coordinates":[[[90,21],[92,21],[92,22],[90,22],[90,21]]]}},{"type":"Feature","properties":{"shelf_id":121,"bookcase_id":21,"shelf_in_case":1,"side":"front","type":"shelf","reserved_name":"TPM Expo","reserved_faculty":"TPM","reserved":true},"geometry":{"type":"Polygon","coordinates":[[[92,26],[94,26],[94,27],[92,27],[92,26]]]}},{"type":"Feature","properties":{"shelf_id":122,"bookcase_id":21,"shelf_in_case":2,"side":"front","type":"shelf","reserved_name":"TPM Expo","reserved_faculty":"TPM","reserved":true},"geometry":{"type":"Polygon","coordinates":[[[92,25],[94,25],[94,26],[92,26],[92,25]]]}},{"type":"Feature","properties":{"shelf_id":123,"bookcase_id":21,"shelf_in_case":3,"side":"front","type":"shelf","reserved_name":"TPM Expo","reserved_faculty":"TPM","reserved":true},"geometry":{"type":"Polygon","coordinates":[[[92,24],[94,24],[94,25],[92,25],[92,24]]]}},{"type":"Feature","properties":{"shelf_id":124,"bookcase_id":21,"shelf_in_case":4,"side":"front","type":"shelf","reserved_name":"TPM Expo","reserved_faculty":"TPM","reserved":true},"geometry":{"type":"Polygon","coordinates":[[[92,23],[94,23],[94,24],[92,24],[92,23]]]}},{"type":"Feature","properties":{"shelf_id":125,"bookcase_id":21,"shelf_in_case":5,"side":"front","type":"shelf","reserved_name":"TPM Expo","reserved_faculty":"TPM","reserved":true},"geometry":{"type":"Polygon","coordinates":[[[92,22],[94,22],[94,23],[92,23],[92,22]]]}},{"type":"Feature","properties":{"shelf_id":126,"bookcase_id":21,"shelf_in_case":6,"side":"front","type":"shelf","reserved_name":"TPM Expo","reserved_faculty":"TPM","reserved":true},"geometry":{"type":"Polygon","coordinates":[[[92,21],[94,21],[94,22],[92,22],[92,21]]]}},{"type":"Feature","properties":{"shelf_id":127,"bookcase_id":22,"shelf_in_case":1,"side":"front","type":"shelf","reserved_name":"TPM Expo","reserved_faculty":"TPM","reserved":true},"geometry":{"type":"Polygon","coordinates":[[[94,26],[96,26],[96,27],[94,27],[94,26]]]}},{"type":"Feature","properties":{"shelf_id":128,"bookcase_id":22,"shelf_in_case":2,"side":"front","type":"shelf","reserved_name":"TPM Expo","reserved_faculty":"TPM","reserved":true},"geometry":{"type":"Polygon","coordinates":[[[94,25],[96,25],[96,26],[94,26],[94,25]]]}},{"type":"Feature","properties":{"shelf_id":129,"bookcase_id":22,"shelf_in_case":3,"side":"front","type":"shelf","reserved_name":"TPM Expo","reserved_faculty":"TPM","reserved":true},"geometry":{"type":"Polygon","coordinates":[[[94,24],[96,24],[96,25],[94,25],[94,24]]]}},{"type":"Feature","properties":{"shelf_id":130,"bookcase_id":22,"shelf_in_case":4,"side":"front","type":"shelf","reserved_name":"TPM Expo","reserved_faculty":"TPM","reserved":true},"geometry":{"type":"Polygon","coordinates":[[[94,23],[96,23],[96,24],[94,24],[94,23]]]}},{"type":"Feature","properties":{"shelf_id":131,"bookcase_id":22,"shelf_in_case":5,"side":"front","type":"shelf","reserved_name":"TPM Expo","reserved_faculty":"TPM","reserved":true},"geometry":{"type":"Polygon","coordinates":[[[94,22],[96,22],[96,23],[94,23],[94,22]]]}},{"type":"Feature","properties":{"shelf_id":132,"bookcase_id":22,"shelf_in_case":6,"side":"front","type":"shelf","reserved_name":"TPM Expo","reserved_faculty":"TPM","reserved":true},"geometry":{"type":"Polygon","coordinates":[[[94,21],[96,21],[96,22],[94,22],[94,21]]]}},{"type":"Feature","properties":{"shelf_id":133,"bookcase_id":23,"shelf_in_case":1,"side":"front","type":"shelf","reserved_name":null,"reserved_faculty":null,"reserved":false},"geometry":{"type":"Polygon","coordinates":[[[96,26],[98,26],[98,27],[96,27],[96,26]]]}},{"type":"Feature","properties":{"shelf_id":134,"bookcase_id":23,"shelf_in_case":2,"side":"front","type":"shelf","reserved_name":null,"reserved_faculty":null,"reserved":false},"geometry":{"type":"Polygon","coordinates":[[[96,25],[98,25],[98,26],[96,26],[96,25]]]}},{"type":"Feature","properties":{"shelf_id":135,"bookcase_id":23,"shelf_in_case":3,"side":"front","type":"shelf","reserved_name":null,"reserved_faculty":null,"reserved":false},"geometry":{"type":"Polygon","coordinates":[[[96,24],[98,24],[98,25],[96,25],[96,24]]]}},{"type":"Feature","properties":{"shelf_id":136,"bookcase_id":23,"shelf_in_case":4,"side":"front","type":"shelf","reserved_name":null,"reserved_faculty":null,"reserved":false},"geometry":{"type":"Polygon","coordinates":[[[96,23],[98,23],[98,24],[96,24],[96,23]]]}},{"type":"Feature","properties":{"shelf_id":137,"bookcase_id":23,"shelf_in_case":5,"side":"front","type":"shelf","reserved_name":null,"reserved_faculty":null,"reserved":false},"geometry":{"type":"Polygon","coordinates":[[[96,22],[98,22],[98,23],[96,23],[96,22]]]}},{"type":"Feature","properties":{"shelf_id":138,"bookcase_id":23,"shelf_in_case":6,"side":"front","type":"shelf","reserved_name":null,"reserved_faculty":null,"reserved":false},"geometry":{"type":"Polygon","coordinates":[[[96,21],[98,21],[98,22],[96,22],[96,21]]]}},{"type":"Feature","properties":{"shelf_id":139,"bookcase_id":24,"shelf_in_case":1,"side":"front","type":"shelf","reserved_name":null,"reserved_faculty":null,"reserved":false},"geometry":{"type":"Polygon","coordinates":[[[98,26],[100,26],[100,27],[98,27],[98,26]]]}},{"type":"Feature","properties":{"shelf_id":140,"bookcase_id":24,"shelf_in_case":2,"side":"front","type":"shelf","reserved_name":null,"reserved_faculty":null,"reserved":false},"geometry":{"type":"Polygon","coordinates":[[[98,25],[100,25],[100,26],[98,26],[98,25]]]}},{"type":"Feature","properties":{"shelf_id":141,"bookcase_id":24,"shelf_in_case":3,"side":"front","type":"shelf","reserved_name":null,"reserved_faculty":null,"reserved":false},"geometry":{"type":"Polygon","coordinates":[[[98,24],[100,24],[100,25],[98,25],[98,24]]]}},{"type":"Feature","properties":{"shelf_id":142,"bookcase_id":24,"shelf_in_case":4,"side":"front","type":"shelf","reserved_name":null,"reserved_faculty":null,"reserved":false},"geometry":{"type":"Polygon","coordinates":[[[98,23],[100,23],[100,24],[98,24],[98,23]]]}},{"type":"Feature","properties":{"shelf_id":143,"bookcase_id":24,"shelf_in_case":5,"side":"front","type":"shelf","reserved_name":null,"reserved_faculty":null,"reserved":false},"geometry":{"type":"Polygon","coordinates":[[[98,22],[100,22],[100,23],[98,23],[98,22]]]}},{"type":"Feature","properties":{"shelf_id":144,"bookcase_id":24,"shelf_in_case":6,"side":"front","type":"shelf","reserved_name":null,"reserved_faculty":null,"reserved":false},"geometry":{"type":"Polygon","coordinates":[[[98,21],[100,21],[100,22],[98,22],[98,21]]]}},{"type":"Feature","properties":{"shelf_id":145,"bookcase_id":25,"shelf_in_case":1,"side":"front","type":"shelf","reserved_name":null,"reserved_faculty":null,"reserved":false},"geometry":{"type":"Polygon","coordinates":[[[100,26],[102,26],[102,27],[100,27],[100,26]]]}},{"type":"Feature","properties":{"shelf_id":146,"bookcase_id":25,"shelf_in_case":2,"side":"front","type":"shelf","reserved_name":null,"reserved_faculty":null,"reserved":false},"geometry":{"type":"Polygon","coordinates":[[[100,25],[102,25],[102,26],[100,26],[100,25]]]}},{"type":"Feature","properties":{"shelf_id":147,"bookcase_id":25,"shelf_in_case":3,"side":"front","type":"shelf","reserved_name":null,"reserved_faculty":null,"reserved":false},"geometry":{"type":"Polygon","coordinates":[[[100,24],[102,24],[102,25],[100,25],[100,24]]]}},{"type":"Feature","properties":{"shelf_id":148,"bookcase_id":25,"shelf_in_case":4,"side":"front","type":"shelf","reserved_name":null,"reserved_faculty":null,"reserved":false},"geometry":{"type":"Polygon","coordinates":[[[100,23],[102,23],[102,24],[100,24],[100,23]]]}},{"type":"Feature","properties":{"shelf_id":149,"bookcase_id":25,"shelf_in_case":5,"side":"front","type":"shelf","reserved_name":null,"reserved_faculty":null,"reserved":false},"geometry":{"type":"Polygon","coordinates":[[[100,22],[102,22],[102,23],[100,23],[100,22]]]}},{"type":"Feature","properties":{"shelf_id":150,"bookcase_id":25,"shelf_in_case":6,"side":"front","type":"shelf","reserved_name":null,"reserved_faculty":null,"reserved":false},"geometry":{"type":"Polygon","coordinates":[[[100,21],[102,21],[102,22],[100,22],[100,21]]]}},{"type":"Feature","properties":{"shelf_id":151,"bookcase_id":26,"shelf_in_case":1,"side":"front","type":"shelf","reserved_name":null,"reserved_faculty":null,"reserved":false},"geometry":{"type":"Polygon","coordinates":[[[102,26],[104,26],[104,27],[102,27],[102,26]]]}},{"type":"Feature","properties":{"shelf_id":152,"bookcase_id":26,"shelf_in_case":2,"side":"front","type":"shelf","reserved_name":null,"reserved_faculty":null,"reserved":false},"geometry":{"type":"Polygon","coordinates":[[[102,25],[104,25],[104,26],[102,26],[102,25]]]}},{"type":"Feature","properties":{"shelf_id":153,"bookcase_id":26,"shelf_in_case":3,"side":"front","type":"shelf","reserved_name":null,"reserved_faculty":null,"reserved":false},"geometry":{"type":"Polygon","coordinates":[[[102,24],[104,24],[104,25],[102,25],[102,24]]]}},{"type":"Feature","properties":{"shelf_id":154,"bookcase_id":26,"shelf_in_case":4,"side":"front","type":"shelf","reserved_name":null,"reserved_faculty":null,"reserved":false},"geometry":{"type":"Polygon","coordinates":[[[102,23],[104,23],[104,24],[102,24],[102,23]]]}},{"type":"Feature","properties":{"shelf_id":155,"bookcase_id":26,"shelf_in_case":5,"side":"front","type":"shelf","reserved_name":null,"reserved_faculty":null,"reserved":false},"geometry":{"type":"Polygon","coordinates":[[[102,22],[104,22],[104,23],[102,23],[102,22]]]}},{"type":"Feature","properties":{"shelf_id":156,"bookcase_id":26,"shelf_in_case":6,"side":"front","type":"shelf","reserved_name":null,"reserved_faculty":null,"reserved":false},"geometry":{"type":"Polygon","coordinates":[[[102,21],[104,21],[104,22],[102,22],[102,21]]]}},{"type":"Feature","properties":{"shelf_id":157,"bookcase_id":27,"shelf_in_case":1,"side":"front","type":"shelf","reserved_name":null,"reserved_faculty":null,"reserved":false},"geometry":{"type":"Polygon","coordinates":[[[104,26],[106,26],[106,27],[104,27],[104,26]]]}},{"type":"Feature","properties":{"shelf_id":158,"bookcase_id":27,"shelf_in_case":2,"side":"front","type":"shelf","reserved_name":null,"reserved_faculty":null,"reserved":false},"geometry":{"type":"Polygon","coordinates":[[[104,25],[106,25],[106,26],[104,26],[104,25]]]}},{"type":"Feature","properties":{"shelf_id":159,"bookcase_id":27,"shelf_in_case":3,"side":"front","type":"shelf","reserved_name":null,"reserved_faculty":null,"reserved":false},"geometry":{"type":"Polygon","coordinates":[[[104,24],[106,24],[106,25],[104,25],[104,24]]]}},{"type":"Feature","properties":{"shelf_id":160,"bookcase_id":27,"shelf_in_case":4,"side":"front","type":"shelf","reserved_name":null,"reserved_faculty":null,"reserved":false},"geometry":{"type":"Polygon","coordinates":[[[104,23],[106,23],[106,24],[104,24],[104,23]]]}},{"type":"Feature","properties":{"shelf_id":161,"bookcase_id":27,"shelf_in_case":5,"side":"front","type":"shelf","reserved_name":null,"reserved_faculty":null,"reserved":false},"geometry":{"type":"Polygon","coordinates":[[[104,22],[106,22],[106,23],[104,23],[104,22]]]}},{"type":"Feature","properties":{"shelf_id":162,"bookcase_id":27,"shelf_in_case":6,"side":"front","type":"shelf","reserved_name":null,"reserved_faculty":null,"reserved":false},"geometry":{"type":"Polygon","coordinates":[[[104,21],[106,21],[106,22],[104,22],[104,21]]]}},{"type":"Feature","properties":{"shelf_id":163,"bookcase_id":28,"shelf_in_case":1,"side":"front","type":"shelf","reserved_name":null,"reserved_faculty":null,"reserved":false},"geometry":{"type":"Polygon","coordinates":[[[108,26],[110,26],[110,27],[108,27],[108,26]]]}},{"type":"Feature","properties":{"shelf_id":164,"bookcase_id":28,"shelf_in_case":2,"side":"front","type":"shelf","reserved_name":null,"reserved_faculty":null,"reserved":false},"geometry":{"type":"Polygon","coordinates":[[[108,25],[110,25],[110,26],[108,26],[108,25]]]}},{"type":"Feature","properties":{"shelf_id":165,"bookcase_id":28,"shelf_in_case":3,"side":"front","type":"shelf","reserved_name":null,"reserved_faculty":null,"reserved":false},"geometry":{"type":"Polygon","coordinates":[[[108,24],[110,24],[110,25],[108,25],[108,24]]]}},{"type":"Feature","properties":{"shelf_id":166,"bookcase_id":28,"shelf_in_case":4,"side":"front","type":"shelf","reserved_name":null,"reserved_faculty":null,"reserved":false},"geometry":{"type":"Polygon","coordinates":[[[108,23],[110,23],[110,24],[108,24],[108,23]]]}},{"type":"Feature","properties":{"shelf_id":167,"bookcase_id":28,"shelf_in_case":5,"side":"front","type":"shelf","reserved_name":null,"reserved_faculty":null,"reserved":false},"geometry":{"type":"Polygon","coordinates":[[[108,22],[110,22],[110,23],[108,23],[108,22]]]}},{"type":"Feature","properties":{"shelf_id":168,"bookcase_id":28,"shelf_in_case":6,"side":"front","type":"shelf","reserved_name":null,"reserved_faculty":null,"reserved":false},"geometry":{"type":"Polygon","coordinates":[[[108,21],[110,21],[110,22],[108,22],[108,21]]]}},{"type":"Feature","properties":{"shelf_id":169,"bookcase_id":29,"shelf_in_case":1,"side":"front","type":"shelf","reserved_name":null,"reserved_faculty":null,"reserved":false},"geometry":{"type":"Polygon","coordinates":[[[110,26],[112,26],[112,27],[110,27],[110,26]]]}},{"type":"Feature","properties":{"shelf_id":170,"bookcase_id":29,"shelf_in_case":2,"side":"front","type":"shelf","reserved_name":null,"reserved_faculty":null,"reserved":false},"geometry":{"type":"Polygon","coordinates":[[[110,25],[112,25],[112,26],[110,26],[110,25]]]}},{"type":"Feature","properties":{"shelf_id":171,"bookcase_id":29,"shelf_in_case":3,"side":"front","type":"shelf","reserved_name":null,"reserved_faculty":null,"reserved":false},"geometry":{"type":"Polygon","coordinates":[[[110,24],[112,24],[112,25],[110,25],[110,24]]]}},{"type":"Feature","properties":{"shelf_id":172,"bookcase_id":29,"shelf_in_case":4,"side":"front","type":"shelf","reserved_name":null,"reserved_faculty":null,"reserved":false},"geometry":{"type":"Polygon","coordinates":[[[110,23],[112,23],[112,24],[110,24],[110,23]]]}},{"type":"Feature","properties":{"shelf_id":173,"bookcase_id":29,"shelf_in_case":5,"side":"front","type":"shelf","reserved_name":null,"reserved_faculty":null,"reserved":false},"geometry":{"type":"Polygon","coordinates":[[[110,22],[112,22],[112,23],[110,23],[110,22]]]}},{"type":"Feature","properties":{"shelf_id":174,"bookcase_id":29,"shelf_in_case":6,"side":"front","type":"shelf","reserved_name":null,"reserved_faculty":null,"reserved":false},"geometry":{"type":"Polygon","coordinates":[[[110,21],[112,21],[112,22],[110,22],[110,21]]]}},{"type":"Feature","properties":{"shelf_id":175,"bookcase_id":30,"shelf_in_case":1,"side":"front","type":"shelf","reserved_name":null,"reserved_faculty":null,"reserved":false},"geometry":{"type":"Polygon","coordinates":[[[112,26],[114,26],[114,27],[112,27],[112,26]]]}},{"type":"Feature","properties":{"shelf_id":176,"bookcase_id":30,"shelf_in_case":2,"side":"front","type":"shelf","reserved_name":null,"reserved_faculty":null,"reserved":false},"geometry":{"type":"Polygon","coordinates":[[[112,25],[114,25],[114,26],[112,26],[112,25]]]}},{"type":"Feature","properties":{"shelf_id":177,"bookcase_id":30,"shelf_in_case":3,"side":"front","type":"shelf","reserved_name":null,"reserved_faculty":null,"reserved":false},"geometry":{"type":"Polygon","coordinates":[[[112,24],[114,24],[114,25],[112,25],[112,24]]]}},{"type":"Feature","properties":{"shelf_id":178,"bookcase_id":30,"shelf_in_case":4,"side":"front","type":"shelf","reserved_name":null,"reserved_faculty":null,"reserved":false},"geometry":{"type":"Polygon","coordinates":[[[112,23],[114,23],[114,24],[112,24],[112,23]]]}},{"type":"Feature","properties":{"shelf_id":179,"bookcase_id":30,"shelf_in_case":5,"side":"front","type":"shelf","reserved_name":null,"reserved_faculty":null,"reserved":false},"geometry":{"type":"Polygon","coordinates":[[[112,22],[114,22],[114,23],[112,23],[112,22]]]}},{"type":"Feature","properties":{"shelf_id":180,"bookcase_id":30,"shelf_in_case":6,"side":"front","type":"shelf","reserved_name":null,"reserved_faculty":null,"reserved":false},"geometry":{"type":"Polygon","coordinates":[[[112,21],[114,21],[114,22],[112,22],[112,21]]]}},{"type":"Feature","properties":{"shelf_id":181,"bookcase_id":31,"shelf_in_case":1,"side":"front","type":"shelf","reserved_name":null,"reserved_faculty":null,"reserved":false},"geometry":{"type":"Polygon","coordinates":[[[0,19],[2,19],[2,20],[0,20],[0,19]]]}},{"type":"Feature","properties":{"shelf_id":182,"bookcase_id":31,"shelf_in_case":2,"side":"front","type":"shelf","reserved_name":null,"reserved_faculty":null,"reserved":false},"geometry":{"type":"Polygon","coordinates":[[[0,18],[2,18],[2,19],[0,19],[0,18]]]}},{"type":"Feature","properties":{"shelf_id":183,"bookcase_id":31,"shelf_in_case":3,"side":"front","type":"shelf","reserved_name":null,"reserved_faculty":null,"reserved":false},"geometry":{"type":"Polygon","coordinates":[[[0,17],[2,17],[2,18],[0,18],[0,17]]]}},{"type":"Feature","properties":{"shelf_id":184,"bookcase_id":31,"shelf_in_case":4,"side":"front","type":"shelf","reserved_name":null,"reserved_faculty":null,"reserved":false},"geometry":{"type":"Polygon","coordinates":[[[0,16],[2,16],[2,17],[0,17],[0,16]]]}},{"type":"Feature","properties":{"shelf_id":185,"bookcase_id":31,"shelf_in_case":5,"side":"front","type":"shelf","reserved_name":null,"reserved_faculty":null,"reserved":false},"geometry":{"type":"Polygon","coordinates":[[[0,15],[2,15],[2,16],[0,16],[0,15]]]}},{"type":"Feature","properties":{"shelf_id":186,"bookcase_id":31,"shelf_in_case":6,"side":"front","type":"shelf","reserved_name":null,"reserved_faculty":null,"reserved":false},"geometry":{"type":"Polygon","coordinates":[[[0,14],[2,14],[2,15],[0,15],[0,14]]]}},{"type":"Feature","properties":{"shelf_id":187,"bookcase_id":32,"shelf_in_case":1,"side":"front","type":"shelf","reserved_name":null,"reserved_faculty":null,"reserved":false},"geometry":{"type":"Polygon","coordinates":[[[2,19],[4,19],[4,20],[2,20],[2,19]]]}},{"type":"Feature","properties":{"shelf_id":188,"bookcase_id":32,"shelf_in_case":2,"side":"front","type":"shelf","reserved_name":null,"reserved_faculty":null,"reserved":false},"geometry":{"type":"Polygon","coordinates":[[[2,18],[4,18],[4,19],[2,19],[2,18]]]}},{"type":"Feature","properties":{"shelf_id":189,"bookcase_id":32,"shelf_in_case":3,"side":"front","type":"shelf","reserved_name":null,"reserved_faculty":null,"reserved":false},"geometry":{"type":"Polygon","coordinates":[[[2,17],[4,17],[4,18],[2,18],[2,17]]]}},{"type":"Feature","properties":{"shelf_id":190,"bookcase_id":32,"shelf_in_case":4,"side":"front","type":"shelf","reserved_name":null,"reserved_faculty":null,"reserved":false},"geometry":{"type":"Polygon","coordinates":[[[2,16],[4,16],[4,17],[2,17],[2,16]]]}},{"type":"Feature","properties":{"shelf_id":191,"bookcase_id":32,"shelf_in_case":5,"side":"front","type":"shelf","reserved_name":null,"reserved_faculty":null,"reserved":false},"geometry":{"type":"Polygon","coordinates":[[[2,15],[4,15],[4,16],[2,16],[2,15]]]}},{"type":"Feature","properties":{"shelf_id":192,"bookcase_id":32,"shelf_in_case":6,"side":"front","type":"shelf","reserved_name":null,"reserved_faculty":null,"reserved":false},"geometry":{"type":"Polygon","coordinates":[[[2,14],[4,14],[4,15],[2,15],[2,14]]]}},{"type":"Feature","properties":{"shelf_id":193,"bookcase_id":33,"shelf_in_case":1,"side":"front","type":"shelf","reserved_name":null,"reserved_faculty":null,"reserved":false},"geometry":{"type":"Polygon","coordinates":[[[4,19],[6,19],[6,20],[4,20],[4,19]]]}},{"type":"Feature","properties":{"shelf_id":194,"bookcase_id":33,"shelf_in_case":2,"side":"front","type":"shelf","reserved_name":null,"reserved_faculty":null,"reserved":false},"geometry":{"type":"Polygon","coordinates":[[[4,18],[6,18],[6,19],[4,19],[4,18]]]}},{"type":"Feature","properties":{"shelf_id":195,"bookcase_id":33,"shelf_in_case":3,"side":"front","type":"shelf","reserved_name":null,"reserved_faculty":null,"reserved":false},"geometry":{"type":"Polygon","coordinates":[[[4,17],[6,17],[6,18],[4,18],[4,17]]]}},{"type":"Feature","properties":{"shelf_id":196,"bookcase_id":33,"shelf_in_case":4,"side":"front","type":"shelf","reserved_name":null,"reserved_faculty":null,"reserved":false},"geometry":{"type":"Polygon","coordinates":[[[4,16],[6,16],[6,17],[4,17],[4,16]]]}},{"type":"Feature","properties":{"shelf_id":197,"bookcase_id":33,"shelf_in_case":5,"side":"front","type":"shelf","reserved_name":null,"reserved_faculty":null,"reserved":false},"geometry":{"type":"Polygon","coordinates":[[[4,15],[6,15],[6,16],[4,16],[4,15]]]}},{"type":"Feature","properties":{"shelf_id":198,"bookcase_id":33,"shelf_in_case":6,"side":"front","type":"shelf","reserved_name":null,"reserved_faculty":null,"reserved":false},"geometry":{"type":"Polygon","coordinates":[[[4,14],[6,14],[6,15],[4,15],[4,14]]]}},{"type":"Feature","properties":{"shelf_id":199,"bookcase_id":34,"shelf_in_case":1,"side":"front","type":"shelf","reserved_name":null,"reserved_faculty":null,"reserved":false},"geometry":{"type":"Polygon","coordinates":[[[6,19],[8,19],[8,20],[6,20],[6,19]]]}},{"type":"Feature","properties":{"shelf_id":200,"bookcase_id":34,"shelf_in_case":2,"side":"front","type":"shelf","reserved_name":null,"reserved_faculty":null,"reserved":false},"geometry":{"type":"Polygon","coordinates":[[[6,18],[8,18],[8,19],[6,19],[6,18]]]}},{"type":"Feature","properties":{"shelf_id":201,"bookcase_id":34,"shelf_in_case":3,"side":"front","type":"shelf","reserved_name":null,"reserved_faculty":null,"reserved":false},"geometry":{"type":"Polygon","coordinates":[[[6,17],[8,17],[8,18],[6,18],[6,17]]]}},{"type":"Feature","properties":{"shelf_id":202,"bookcase_id":34,"shelf_in_case":4,"side":"front","type":"shelf","reserved_name":null,"reserved_faculty":null,"reserved":false},"geometry":{"type":"Polygon","coordinates":[[[6,16],[8,16],[8,17],[6,17],[6,16]]]}},{"type":"Feature","properties":{"shelf_id":203,"bookcase_id":34,"shelf_in_case":5,"side":"front","type":"shelf","reserved_name":null,"reserved_faculty":null,"reserved":false},"geometry":{"type":"Polygon","coordinates":[[[6,15],[8,15],[8,16],[6,16],[6,15]]]}},{"type":"Feature","properties":{"shelf_id":204,"bookcase_id":34,"shelf_in_case":6,"side":"front","type":"shelf","reserved_name":null,"reserved_faculty":null,"reserved":false},"geometry":{"type":"Polygon","coordinates":[[[6,14],[8,14],[8,15],[6,15],[6,14]]]}},{"type":"Feature","properties":{"shelf_id":205,"bookcase_id":35,"shelf_in_case":1,"side":"front","type":"shelf","reserved_name":null,"reserved_faculty":null,"reserved":false},"geometry":{"type":"Polygon","coordinates":[[[8,19],[10,19],[10,20],[8,20],[8,19]]]}},{"type":"Feature","properties":{"shelf_id":206,"bookcase_id":35,"shelf_in_case":2,"side":"front","type":"shelf","reserved_name":null,"reserved_faculty":null,"reserved":false},"geometry":{"type":"Polygon","coordinates":[[[8,18],[10,18],[10,19],[8,19],[8,18]]]}},{"type":"Feature","properties":{"shelf_id":207,"bookcase_id":35,"shelf_in_case":3,"side":"front","type":"shelf","reserved_name":null,"reserved_faculty":null,"reserved":false},"geometry":{"type":"Polygon","coordinates":[[[8,17],[10,17],[10,18],[8,18],[8,17]]]}},{"type":"Feature","properties":{"shelf_id":208,"bookcase_id":35,"shelf_in_case":4,"side":"front","type":"shelf","reserved_name":null,"reserved_faculty":null,"reserved":false},"geometry":{"type":"Polygon","coordinates":[[[8,16],[10,16],[10,17],[8,17],[8,16]]]}},{"type":"Feature","properties":{"shelf_id":209,"bookcase_id":35,"shelf_in_case":5,"side":"front","type":"shelf","reserved_name":null,"reserved_faculty":null,"reserved":false},"geometry":{"type":"Polygon","coordinates":[[[8,15],[10,15],[10,16],[8,16],[8,15]]]}},{"type":"Feature","properties":{"shelf_id":210,"bookcase_id":35,"shelf_in_case":6,"side":"front","type":"shelf","reserved_name":null,"reserved_faculty":null,"reserved":false},"geometry":{"type":"Polygon","coordinates":[[[8,14],[10,14],[10,15],[8,15],[8,14]]]}},{"type":"Feature","properties":{"shelf_id":211,"bookcase_id":36,"shelf_in_case":1,"side":"front","type":"shelf","reserved_name":null,"reserved_faculty":null,"reserved":false},"geometry":{"type":"Polygon","coordinates":[[[10,19],[12,19],[12,20],[10,20],[10,19]]]}},{"type":"Feature","properties":{"shelf_id":212,"bookcase_id":36,"shelf_in_case":2,"side":"front","type":"shelf","reserved_name":null,"reserved_faculty":null,"reserved":false},"geometry":{"type":"Polygon","coordinates":[[[10,18],[12,18],[12,19],[10,19],[10,18]]]}},{"type":"Feature","properties":{"shelf_id":213,"bookcase_id":36,"shelf_in_case":3,"side":"front","type":"shelf","reserved_name":null,"reserved_faculty":null,"reserved":false},"geometry":{"type":"Polygon","coordinates":[[[10,17],[12,17],[12,18],[10,18],[10,17]]]}},{"type":"Feature","properties":{"shelf_id":214,"bookcase_id":36,"shelf_in_case":4,"side":"front","type":"shelf","reserved_name":null,"reserved_faculty":null,"reserved":false},"geometry":{"type":"Polygon","coordinates":[[[10,16],[12,16],[12,17],[10,17],[10,16]]]}},{"type":"Feature","properties":{"shelf_id":215,"bookcase_id":36,"shelf_in_case":5,"side":"front","type":"shelf","reserved_name":null,"reserved_faculty":null,"reserved":false},"geometry":{"type":"Polygon","coordinates":[[[10,15],[12,15],[12,16],[10,16],[10,15]]]}},{"type":"Feature","properties":{"shelf_id":216,"bookcase_id":36,"shelf_in_case":6,"side":"front","type":"shelf","reserved_name":null,"reserved_faculty":null,"reserved":false},"geometry":{"type":"Polygon","coordinates":[[[10,14],[12,14],[12,15],[10,15],[10,14]]]}},{"type":"Feature","properties":{"shelf_id":217,"bookcase_id":37,"shelf_in_case":1,"side":"front","type":"shelf","reserved_name":null,"reserved_faculty":null,"reserved":false},"geometry":{"type":"Polygon","coordinates":[[[12,19],[14,19],[14,20],[12,20],[12,19]]]}},{"type":"Feature","properties":{"shelf_id":218,"bookcase_id":37,"shelf_in_case":2,"side":"front","type":"shelf","reserved_name":null,"reserved_faculty":null,"reserved":false},"geometry":{"type":"Polygon","coordinates":[[[12,18],[14,18],[14,19],[12,19],[12,18]]]}},{"type":"Feature","properties":{"shelf_id":219,"bookcase_id":37,"shelf_in_case":3,"side":"front","type":"shelf","reserved_name":null,"reserved_faculty":null,"reserved":false},"geometry":{"type":"Polygon","coordinates":[[[12,17],[14,17],[14,18],[12,18],[12,17]]]}},{"type":"Feature","properties":{"shelf_id":220,"bookcase_id":37,"shelf_in_case":4,"side":"front","type":"shelf","reserved_name":null,"reserved_faculty":null,"reserved":false},"geometry":{"type":"Polygon","coordinates":[[[12,16],[14,16],[14,17],[12,17],[12,16]]]}},{"type":"Feature","properties":{"shelf_id":221,"bookcase_id":37,"shelf_in_case":5,"side":"front","type":"shelf","reserved_name":null,"reserved_faculty":null,"reserved":false},"geometry":{"type":"Polygon","coordinates":[[[12,15],[14,15],[14,16],[12,16],[12,15]]]}},{"type":"Feature","properties":{"shelf_id":222,"bookcase_id":37,"shelf_in_case":6,"side":"front","type":"shelf","reserved_name":null,"reserved_faculty":null,"reserved":false},"geometry":{"type":"Polygon","coordinates":[[[12,14],[14,14],[14,15],[12,15],[12,14]]]}},{"type":"Feature","properties":{"shelf_id":223,"bookcase_id":38,"shelf_in_case":1,"side":"front","type":"shelf","reserved_name":null,"reserved_faculty":null,"reserved":false},"geometry":{"type":"Polygon","coordinates":[[[14,19],[16,19],[16,20],[14,20],[14,19]]]}},{"type":"Feature","properties":{"shelf_id":224,"bookcase_id":38,"shelf_in_case":2,"side":"front","type":"shelf","reserved_name":null,"reserved_faculty":null,"reserved":false},"geometry":{"type":"Polygon","coordinates":[[[14,18],[16,18],[16,19],[14,19],[14,18]]]}},{"type":"Feature","properties":{"shelf_id":225,"bookcase_id":38,"shelf_in_case":3,"side":"front","type":"shelf","reserved_name":null,"reserved_faculty":null,"reserved":false},"geometry":{"type":"Polygon","coordinates":[[[14,17],[16,17],[16,18],[14,18],[14,17]]]}},{"type":"Feature","properties":{"shelf_id":226,"bookcase_id":38,"shelf_in_case":4,"side":"front","type":"shelf","reserved_name":null,"reserved_faculty":null,"reserved":false},"geometry":{"type":"Polygon","coordinates":[[[14,16],[16,16],[16,17],[14,17],[14,16]]]}},{"type":"Feature","properties":{"shelf_id":227,"bookcase_id":38,"shelf_in_case":5,"side":"front","type":"shelf","reserved_name":null,"reserved_faculty":null,"reserved":false},"geometry":{"type":"Polygon","coordinates":[[[14,15],[16,15],[16,16],[14,16],[14,15]]]}},{"type":"Feature","properties":{"shelf_id":228,"bookcase_id":38,"shelf_in_case":6,"side":"front","type":"shelf","reserved_name":null,"reserved_faculty":null,"reserved":false},"geometry":{"type":"Polygon","coordinates":[[[14,14],[16,14],[16,15],[14,15],[14,14]]]}},{"type":"Feature","properties":{"shelf_id":229,"bookcase_id":39,"shelf_in_case":1,"side":"front","type":"shelf","reserved_name":null,"reserved_faculty":null,"reserved":false},"geometry":{"type":"Polygon","coordinates":[[[16,19],[18,19],[18,20],[16,20],[16,19]]]}},{"type":"Feature","properties":{"shelf_id":230,"bookcase_id":39,"shelf_in_case":2,"side":"front","type":"shelf","reserved_name":null,"reserved_faculty":null,"reserved":false},"geometry":{"type":"Polygon","coordinates":[[[16,18],[18,18],[18,19],[16,19],[16,18]]]}},{"type":"Feature","properties":{"shelf_id":231,"bookcase_id":39,"shelf_in_case":3,"side":"front","type":"shelf","reserved_name":null,"reserved_faculty":null,"reserved":false},"geometry":{"type":"Polygon","coordinates":[[[16,17],[18,17],[18,18],[16,18],[16,17]]]}},{"type":"Feature","properties":{"shelf_id":232,"bookcase_id":39,"shelf_in_case":4,"side":"front","type":"shelf","reserved_name":null,"reserved_faculty":null,"reserved":false},"geometry":{"type":"Polygon","coordinates":[[[16,16],[18,16],[18,17],[16,17],[16,16]]]}},{"type":"Feature","properties":{"shelf_id":233,"bookcase_id":39,"shelf_in_case":5,"side":"front","type":"shelf","reserved_name":null,"reserved_faculty":null,"reserved":false},"geometry":{"type":"Polygon","coordinates":[[[16,15],[18,15],[18,16],[16,16],[16,15]]]}},{"type":"Feature","properties":{"shelf_id":234,"bookcase_id":39,"shelf_in_case":6,"side":"front","type":"shelf","reserved_name":null,"reserved_faculty":null,"reserved":false},"geometry":{"type":"Polygon","coordinates":[[[16,14],[18,14],[18,15],[16,15],[16,14]]]}},{"type":"Feature","properties":{"shelf_id":235,"bookcase_id":40,"shelf_in_case":1,"side":"front","type":"shelf","reserved_name":"EEMCS Expo","reserved_faculty":"EEMCS","reserved":true},"geometry":{"type":"Polygon","coordinates":[[[20,19],[22,19],[22,20],[20,20],[20,19]]]}},{"type":"Feature","properties":{"shelf_id":236,"bookcase_id":40,"shelf_in_case":2,"side":"front","type":"shelf","reserved_name":"EEMCS Expo","reserved_faculty":"EEMCS","reserved":true},"geometry":{"type":"Polygon","coordinates":[[[20,18],[22,18],[22,19],[20,19],[20,18]]]}},{"type":"Feature","properties":{"shelf_id":237,"bookcase_id":40,"shelf_in_case":3,"side":"front","type":"shelf","reserved_name":"EEMCS Expo","reserved_faculty":"EEMCS","reserved":true},"geometry":{"type":"Polygon","coordinates":[[[20,17],[22,17],[22,18],[20,18],[20,17]]]}},{"type":"Feature","properties":{"shelf_id":238,"bookcase_id":40,"shelf_in_case":4,"side":"front","type":"shelf","reserved_name":"EEMCS Expo","reserved_faculty":"EEMCS","reserved":true},"geometry":{"type":"Polygon","coordinates":[[[20,16],[22,16],[22,17],[20,17],[20,16]]]}},{"type":"Feature","properties":{"shelf_id":239,"bookcase_id":40,"shelf_in_case":5,"side":"front","type":"shelf","reserved_name":"EEMCS Expo","reserved_faculty":"EEMCS","reserved":true},"geometry":{"type":"Polygon","coordinates":[[[20,15],[22,15],[22,16],[20,16],[20,15]]]}},{"type":"Feature","properties":{"shelf_id":240,"bookcase_id":40,"shelf_in_case":6,"side":"front","type":"shelf","reserved_name":"EEMCS Expo","reserved_faculty":"EEMCS","reserved":true},"geometry":{"type":"Polygon","coordinates":[[[20,14],[22,14],[22,15],[20,15],[20,14]]]}},{"type":"Feature","properties":{"shelf_id":241,"bookcase_id":41,"shelf_in_case":1,"side":"front","type":"shelf","reserved_name":"EEMCS Expo","reserved_faculty":"EEMCS","reserved":true},"geometry":{"type":"Polygon","coordinates":[[[22,19],[24,19],[24,20],[22,20],[22,19]]]}},{"type":"Feature","properties":{"shelf_id":242,"bookcase_id":41,"shelf_in_case":2,"side":"front","type":"shelf","reserved_name":"EEMCS Expo","reserved_faculty":"EEMCS","reserved":true},"geometry":{"type":"Polygon","coordinates":[[[22,18],[24,18],[24,19],[22,19],[22,18]]]}},{"type":"Feature","properties":{"shelf_id":243,"bookcase_id":41,"shelf_in_case":3,"side":"front","type":"shelf","reserved_name":"EEMCS Expo","reserved_faculty":"EEMCS","reserved":true},"geometry":{"type":"Polygon","coordinates":[[[22,17],[24,17],[24,18],[22,18],[22,17]]]}},{"type":"Feature","properties":{"shelf_id":244,"bookcase_id":41,"shelf_in_case":4,"side":"front","type":"shelf","reserved_name":"EEMCS Expo","reserved_faculty":"EEMCS","reserved":true},"geometry":{"type":"Polygon","coordinates":[[[22,16],[24,16],[24,17],[22,17],[22,16]]]}},{"type":"Feature","properties":{"shelf_id":245,"bookcase_id":41,"shelf_in_case":5,"side":"front","type":"shelf","reserved_name":"EEMCS Expo","reserved_faculty":"EEMCS","reserved":true},"geometry":{"type":"Polygon","coordinates":[[[22,15],[24,15],[24,16],[22,16],[22,15]]]}},{"type":"Feature","properties":{"shelf_id":246,"bookcase_id":41,"shelf_in_case":6,"side":"front","type":"shelf","reserved_name":"EEMCS Expo","reserved_faculty":"EEMCS","reserved":true},"geometry":{"type":"Polygon","coordinates":[[[22,14],[24,14],[24,15],[22,15],[22,14]]]}},{"type":"Feature","properties":{"shelf_id":247,"bookcase_id":42,"shelf_in_case":1,"side":"front","type":"shelf","reserved_name":"EEMCS Expo","reserved_faculty":"EEMCS","reserved":true},"geometry":{"type":"Polygon","coordinates":[[[24,19],[26,19],[26,20],[24,20],[24,19]]]}},{"type":"Feature","properties":{"shelf_id":248,"bookcase_id":42,"shelf_in_case":2,"side":"front","type":"shelf","reserved_name":"EEMCS Expo","reserved_faculty":"EEMCS","reserved":true},"geometry":{"type":"Polygon","coordinates":[[[24,18],[26,18],[26,19],[24,19],[24,18]]]}},{"type":"Feature","properties":{"shelf_id":249,"bookcase_id":42,"shelf_in_case":3,"side":"front","type":"shelf","reserved_name":"EEMCS Expo","reserved_faculty":"EEMCS","reserved":true},"geometry":{"type":"Polygon","coordinates":[[[24,17],[26,17],[26,18],[24,18],[24,17]]]}},{"type":"Feature","properties":{"shelf_id":250,"bookcase_id":42,"shelf_in_case":4,"side":"front","type":"shelf","reserved_name":"EEMCS Expo","reserved_faculty":"EEMCS","reserved":true},"geometry":{"type":"Polygon","coordinates":[[[24,16],[26,16],[26,17],[24,17],[24,16]]]}},{"type":"Feature","properties":{"shelf_id":251,"bookcase_id":42,"shelf_in_case":5,"side":"front","type":"shelf","reserved_name":"EEMCS Expo","reserved_faculty":"EEMCS","reserved":true},"geometry":{"type":"Polygon","coordinates":[[[24,15],[26,15],[26,16],[24,16],[24,15]]]}},{"type":"Feature","properties":{"shelf_id":252,"bookcase_id":42,"shelf_in_case":6,"side":"front","type":"shelf","reserved_name":"EEMCS Expo","reserved_faculty":"EEMCS","reserved":true},"geometry":{"type":"Polygon","coordinates":[[[24,14],[26,14],[26,15],[24,15],[24,14]]]}},{"type":"Feature","properties":{"shelf_id":253,"bookcase_id":43,"shelf_in_case":1,"side":"front","type":"shelf","reserved_name":null,"reserved_faculty":null,"reserved":false},"geometry":{"type":"Polygon","coordinates":[[[26,19],[28,19],[28,20],[26,20],[26,19]]]}},{"type":"Feature","properties":{"shelf_id":254,"bookcase_id":43,"shelf_in_case":2,"side":"front","type":"shelf","reserved_name":null,"reserved_faculty":null,"reserved":false},"geometry":{"type":"Polygon","coordinates":[[[26,18],[28,18],[28,19],[26,19],[26,18]]]}},{"type":"Feature","properties":{"shelf_id":255,"bookcase_id":43,"shelf_in_case":3,"side":"front","type":"shelf","reserved_name":null,"reserved_faculty":null,"reserved":false},"geometry":{"type":"Polygon","coordinates":[[[26,17],[28,17],[28,18],[26,18],[26,17]]]}},{"type":"Feature","properties":{"shelf_id":256,"bookcase_id":43,"shelf_in_case":4,"side":"front","type":"shelf","reserved_name":null,"reserved_faculty":null,"reserved":false},"geometry":{"type":"Polygon","coordinates":[[[26,16],[28,16],[28,17],[26,17],[26,16]]]}},{"type":"Feature","properties":{"shelf_id":257,"bookcase_id":43,"shelf_in_case":5,"side":"front","type":"shelf","reserved_name":null,"reserved_faculty":null,"reserved":false},"geometry":{"type":"Polygon","coordinates":[[[26,15],[28,15],[28,16],[26,16],[26,15]]]}},{"type":"Feature","properties":{"shelf_id":258,"bookcase_id":43,"shelf_in_case":6,"side":"front","type":"shelf","reserved_name":null,"reserved_faculty":null,"reserved":false},"geometry":{"type":"Polygon","coordinates":[[[26,14],[28,14],[28,15],[26,15],[26,14]]]}},{"type":"Feature","properties":{"shelf_id":259,"bookcase_id":44,"shelf_in_case":1,"side":"front","type":"shelf","reserved_name":null,"reserved_faculty":null,"reserved":false},"geometry":{"type":"Polygon","coordinates":[[[28,19],[30,19],[30,20],[28,20],[28,19]]]}},{"type":"Feature","properties":{"shelf_id":260,"bookcase_id":44,"shelf_in_case":2,"side":"front","type":"shelf","reserved_name":null,"reserved_faculty":null,"reserved":false},"geometry":{"type":"Polygon","coordinates":[[[28,18],[30,18],[30,19],[28,19],[28,18]]]}},{"type":"Feature","properties":{"shelf_id":261,"bookcase_id":44,"shelf_in_case":3,"side":"front","type":"shelf","reserved_name":null,"reserved_faculty":null,"reserved":false},"geometry":{"type":"Polygon","coordinates":[[[28,17],[30,17],[30,18],[28,18],[28,17]]]}},{"type":"Feature","properties":{"shelf_id":262,"bookcase_id":44,"shelf_in_case":4,"side":"front","type":"shelf","reserved_name":null,"reserved_faculty":null,"reserved":false},"geometry":{"type":"Polygon","coordinates":[[[28,16],[30,16],[30,17],[28,17],[28,16]]]}},{"type":"Feature","properties":{"shelf_id":263,"bookcase_id":44,"shelf_in_case":5,"side":"front","type":"shelf","reserved_name":null,"reserved_faculty":null,"reserved":false},"geometry":{"type":"Polygon","coordinates":[[[28,15],[30,15],[30,16],[28,16],[28,15]]]}},{"type":"Feature","properties":{"shelf_id":264,"bookcase_id":44,"shelf_in_case":6,"side":"front","type":"shelf","reserved_name":null,"reserved_faculty":null,"reserved":false},"geometry":{"type":"Polygon","coordinates":[[[28,14],[30,14],[30,15],[28,15],[28,14]]]}},{"type":"Feature","properties":{"shelf_id":265,"bookcase_id":45,"shelf_in_case":1,"side":"front","type":"shelf","reserved_name":null,"reserved_faculty":null,"reserved":false},"geometry":{"type":"Polygon","coordinates":[[[30,19],[32,19],[32,20],[30,20],[30,19]]]}},{"type":"Feature","properties":{"shelf_id":266,"bookcase_id":45,"shelf_in_case":2,"side":"front","type":"shelf","reserved_name":null,"reserved_faculty":null,"reserved":false},"geometry":{"type":"Polygon","coordinates":[[[30,18],[32,18],[32,19],[30,19],[30,18]]]}},{"type":"Feature","properties":{"shelf_id":267,"bookcase_id":45,"shelf_in_case":3,"side":"front","type":"shelf","reserved_name":null,"reserved_faculty":null,"reserved":false},"geometry":{"type":"Polygon","coordinates":[[[30,17],[32,17],[32,18],[30,18],[30,17]]]}},{"type":"Feature","properties":{"shelf_id":268,"bookcase_id":45,"shelf_in_case":4,"side":"front","type":"shelf","reserved_name":null,"reserved_faculty":null,"reserved":false},"geometry":{"type":"Polygon","coordinates":[[[30,16],[32,16],[32,17],[30,17],[30,16]]]}},{"type":"Feature","properties":{"shelf_id":269,"bookcase_id":45,"shelf_in_case":5,"side":"front","type":"shelf","reserved_name":null,"reserved_faculty":null,"reserved":false},"geometry":{"type":"Polygon","coordinates":[[[30,15],[32,15],[32,16],[30,16],[30,15]]]}},{"type":"Feature","properties":{"shelf_id":270,"bookcase_id":45,"shelf_in_case":6,"side":"front","type":"shelf","reserved_name":null,"reserved_faculty":null,"reserved":false},"geometry":{"type":"Polygon","coordinates":[[[30,14],[32,14],[32,15],[30,15],[30,14]]]}},{"type":"Feature","properties":{"shelf_id":271,"bookcase_id":46,"shelf_in_case":1,"side":"front","type":"shelf","reserved_name":null,"reserved_faculty":null,"reserved":false},"geometry":{"type":"Polygon","coordinates":[[[32,19],[34,19],[34,20],[32,20],[32,19]]]}},{"type":"Feature","properties":{"shelf_id":272,"bookcase_id":46,"shelf_in_case":2,"side":"front","type":"shelf","reserved_name":null,"reserved_faculty":null,"reserved":false},"geometry":{"type":"Polygon","coordinates":[[[32,18],[34,18],[34,19],[32,19],[32,18]]]}},{"type":"Feature","properties":{"shelf_id":273,"bookcase_id":46,"shelf_in_case":3,"side":"front","type":"shelf","reserved_name":null,"reserved_faculty":null,"reserved":false},"geometry":{"type":"Polygon","coordinates":[[[32,17],[34,17],[34,18],[32,18],[32,17]]]}},{"type":"Feature","properties":{"shelf_id":274,"bookcase_id":46,"shelf_in_case":4,"side":"front","type":"shelf","reserved_name":null,"reserved_faculty":null,"reserved":false},"geometry":{"type":"Polygon","coordinates":[[[32,16],[34,16],[34,17],[32,17],[32,16]]]}},{"type":"Feature","properties":{"shelf_id":275,"bookcase_id":46,"shelf_in_case":5,"side":"front","type":"shelf","reserved_name":null,"reserved_faculty":null,"reserved":false},"geometry":{"type":"Polygon","coordinates":[[[32,15],[34,15],[34,16],[32,16],[32,15]]]}},{"type":"Feature","properties":{"shelf_id":276,"bookcase_id":46,"shelf_in_case":6,"side":"front","type":"shelf","reserved_name":null,"reserved_faculty":null,"reserved":false},"geometry":{"type":"Polygon","coordinates":[[[32,14],[34,14],[34,15],[32,15],[32,14]]]}},{"type":"Feature","properties":{"shelf_id":277,"bookcase_id":47,"shelf_in_case":1,"side":"front","type":"shelf","reserved_name":null,"reserved_faculty":null,"reserved":false},"geometry":{"type":"Polygon","coordinates":[[[34,19],[36,19],[36,20],[34,20],[34,19]]]}},{"type":"Feature","properties":{"shelf_id":278,"bookcase_id":47,"shelf_in_case":2,"side":"front","type":"shelf","reserved_name":null,"reserved_faculty":null,"reserved":false},"geometry":{"type":"Polygon","coordinates":[[[34,18],[36,18],[36,19],[34,19],[34,18]]]}},{"type":"Feature","properties":{"shelf_id":279,"bookcase_id":47,"shelf_in_case":3,"side":"front","type":"shelf","reserved_name":null,"reserved_faculty":null,"reserved":false},"geometry":{"type":"Polygon","coordinates":[[[34,17],[36,17],[36,18],[34,18],[34,17]]]}},{"type":"Feature","properties":{"shelf_id":280,"bookcase_id":47,"shelf_in_case":4,"side":"front","type":"shelf","reserved_name":null,"reserved_faculty":null,"reserved":false},"geometry":{"type":"Polygon","coordinates":[[[34,16],[36,16],[36,17],[34,17],[34,16]]]}},{"type":"Feature","properties":{"shelf_id":281,"bookcase_id":47,"shelf_in_case":5,"side":"front","type":"shelf","reserved_name":null,"reserved_faculty":null,"reserved":false},"geometry":{"type":"Polygon","coordinates":[[[34,15],[36,15],[36,16],[34,16],[34,15]]]}},{"type":"Feature","properties":{"shelf_id":282,"bookcase_id":47,"shelf_in_case":6,"side":"front","type":"shelf","reserved_name":null,"reserved_faculty":null,"reserved":false},"geometry":{"type":"Polygon","coordinates":[[[34,14],[36,14],[36,15],[34,15],[34,14]]]}},{"type":"Feature","properties":{"shelf_id":283,"bookcase_id":48,"shelf_in_case":1,"side":"front","type":"shelf","reserved_name":null,"reserved_faculty":null,"reserved":false},"geometry":{"type":"Polygon","coordinates":[[[36,19],[38,19],[38,20],[36,20],[36,19]]]}},{"type":"Feature","properties":{"shelf_id":284,"bookcase_id":48,"shelf_in_case":2,"side":"front","type":"shelf","reserved_name":null,"reserved_faculty":null,"reserved":false},"geometry":{"type":"Polygon","coordinates":[[[36,18],[38,18],[38,19],[36,19],[36,18]]]}},{"type":"Feature","properties":{"shelf_id":285,"bookcase_id":48,"shelf_in_case":3,"side":"front","type":"shelf","reserved_name":null,"reserved_faculty":null,"reserved":false},"geometry":{"type":"Polygon","coordinates":[[[36,17],[38,17],[38,18],[36,18],[36,17]]]}},{"type":"Feature","properties":{"shelf_id":286,"bookcase_id":48,"shelf_in_case":4,"side":"front","type":"shelf","reserved_name":null,"reserved_faculty":null,"reserved":false},"geometry":{"type":"Polygon","coordinates":[[[36,16],[38,16],[38,17],[36,17],[36,16]]]}},{"type":"Feature","properties":{"shelf_id":287,"bookcase_id":48,"shelf_in_case":5,"side":"front","type":"shelf","reserved_name":null,"reserved_faculty":null,"reserved":false},"geometry":{"type":"Polygon","coordinates":[[[36,15],[38,15],[38,16],[36,16],[36,15]]]}},{"type":"Feature","properties":{"shelf_id":288,"bookcase_id":48,"shelf_in_case":6,"side":"front","type":"shelf","reserved_name":null,"reserved_faculty":null,"reserved":false},"geometry":{"type":"Polygon","coordinates":[[[36,14],[38,14],[38,15],[36,15],[36,14]]]}},{"type":"Feature","properties":{"shelf_id":289,"bookcase_id":49,"shelf_in_case":1,"side":"front","type":"shelf","reserved_name":null,"reserved_faculty":null,"reserved":false},"geometry":{"type":"Polygon","coordinates":[[[38,19],[40,19],[40,20],[38,20],[38,19]]]}},{"type":"Feature","properties":{"shelf_id":290,"bookcase_id":49,"shelf_in_case":2,"side":"front","type":"shelf","reserved_name":null,"reserved_faculty":null,"reserved":false},"geometry":{"type":"Polygon","coordinates":[[[38,18],[40,18],[40,19],[38,19],[38,18]]]}},{"type":"Feature","properties":{"shelf_id":291,"bookcase_id":49,"shelf_in_case":3,"side":"front","type":"shelf","reserved_name":null,"reserved_faculty":null,"reserved":false},"geometry":{"type":"Polygon","coordinates":[[[38,17],[40,17],[40,18],[38,18],[38,17]]]}},{"type":"Feature","properties":{"shelf_id":292,"bookcase_id":49,"shelf_in_case":4,"side":"front","type":"shelf","reserved_name":null,"reserved_faculty":null,"reserved":false},"geometry":{"type":"Polygon","coordinates":[[[38,16],[40,16],[40,17],[38,17],[38,16]]]}},{"type":"Feature","properties":{"shelf_id":293,"bookcase_id":49,"shelf_in_case":5,"side":"front","type":"shelf","reserved_name":null,"reserved_faculty":null,"reserved":false},"geometry":{"type":"Polygon","coordinates":[[[38,15],[40,15],[40,16],[38,16],[38,15]]]}},{"type":"Feature","properties":{"shelf_id":294,"bookcase_id":49,"shelf_in_case":6,"side":"front","type":"shelf","reserved_name":null,"reserved_faculty":null,"reserved":false},"geometry":{"type":"Polygon","coordinates":[[[38,14],[40,14],[40,15],[38,15],[38,14]]]}},{"type":"Feature","properties":{"shelf_id":295,"bookcase_id":50,"shelf_in_case":1,"side":"front","type":"shelf","reserved_name":null,"reserved_faculty":null,"reserved":false},"geometry":{"type":"Polygon","coordinates":[[[40,19],[42,19],[42,20],[40,20],[40,19]]]}},{"type":"Feature","properties":{"shelf_id":296,"bookcase_id":50,"shelf_in_case":2,"side":"front","type":"shelf","reserved_name":null,"reserved_faculty":null,"reserved":false},"geometry":{"type":"Polygon","coordinates":[[[40,18],[42,18],[42,19],[40,19],[40,18]]]}},{"type":"Feature","properties":{"shelf_id":297,"bookcase_id":50,"shelf_in_case":3,"side":"front","type":"shelf","reserved_name":null,"reserved_faculty":null,"reserved":false},"geometry":{"type":"Polygon","coordinates":[[[40,17],[42,17],[42,18],[40,18],[40,17]]]}},{"type":"Feature","properties":{"shelf_id":298,"bookcase_id":50,"shelf_in_case":4,"side":"front","type":"shelf","reserved_name":null,"reserved_faculty":null,"reserved":false},"geometry":{"type":"Polygon","coordinates":[[[40,16],[42,16],[42,17],[40,17],[40,16]]]}},{"type":"Feature","properties":{"shelf_id":299,"bookcase_id":50,"shelf_in_case":5,"side":"front","type":"shelf","reserved_name":null,"reserved_faculty":null,"reserved":false},"geometry":{"type":"Polygon","coordinates":[[[40,15],[42,15],[42,16],[40,16],[40,15]]]}},{"type":"Feature","properties":{"shelf_id":300,"bookcase_id":50,"shelf_in_case":6,"side":"front","type":"shelf","reserved_name":null,"reserved_faculty":null,"reserved":false},"geometry":{"type":"Polygon","coordinates":[[[40,14],[42,14],[42,15],[40,15],[40,14]]]}},{"type":"Feature","properties":{"shelf_id":301,"bookcase_id":51,"shelf_in_case":1,"side":"front","type":"shelf","reserved_name":null,"reserved_faculty":null,"reserved":false},"geometry":{"type":"Polygon","coordinates":[[[42,19],[44,19],[44,20],[42,20],[42,19]]]}},{"type":"Feature","properties":{"shelf_id":302,"bookcase_id":51,"shelf_in_case":2,"side":"front","type":"shelf","reserved_name":null,"reserved_faculty":null,"reserved":false},"geometry":{"type":"Polygon","coordinates":[[[42,18],[44,18],[44,19],[42,19],[42,18]]]}},{"type":"Feature","properties":{"shelf_id":303,"bookcase_id":51,"shelf_in_case":3,"side":"front","type":"shelf","reserved_name":null,"reserved_faculty":null,"reserved":false},"geometry":{"type":"Polygon","coordinates":[[[42,17],[44,17],[44,18],[42,18],[42,17]]]}},{"type":"Feature","properties":{"shelf_id":304,"bookcase_id":51,"shelf_in_case":4,"side":"front","type":"shelf","reserved_name":null,"reserved_faculty":null,"reserved":false},"geometry":{"type":"Polygon","coordinates":[[[42,16],[44,16],[44,17],[42,17],[42,16]]]}},{"type":"Feature","properties":{"shelf_id":305,"bookcase_id":51,"shelf_in_case":5,"side":"front","type":"shelf","reserved_name":null,"reserved_faculty":null,"reserved":false},"geometry":{"type":"Polygon","coordinates":[[[42,15],[44,15],[44,16],[42,16],[42,15]]]}},{"type":"Feature","properties":{"shelf_id":306,"bookcase_id":51,"shelf_in_case":6,"side":"front","type":"shelf","reserved_name":null,"reserved_faculty":null,"reserved":false},"geometry":{"type":"Polygon","coordinates":[[[42,14],[44,14],[44,15],[42,15],[42,14]]]}},{"type":"Feature","properties":{"shelf_id":307,"bookcase_id":52,"shelf_in_case":1,"side":"front","type":"shelf","reserved_name":null,"reserved_faculty":null,"reserved":false},"geometry":{"type":"Polygon","coordinates":[[[44,19],[46,19],[46,20],[44,20],[44,19]]]}},{"type":"Feature","properties":{"shelf_id":308,"bookcase_id":52,"shelf_in_case":2,"side":"front","type":"shelf","reserved_name":null,"reserved_faculty":null,"reserved":false},"geometry":{"type":"Polygon","coordinates":[[[44,18],[46,18],[46,19],[44,19],[44,18]]]}},{"type":"Feature","properties":{"shelf_id":309,"bookcase_id":52,"shelf_in_case":3,"side":"front","type":"shelf","reserved_name":null,"reserved_faculty":null,"reserved":false},"geometry":{"type":"Polygon","coordinates":[[[44,17],[46,17],[46,18],[44,18],[44,17]]]}},{"type":"Feature","properties":{"shelf_id":310,"bookcase_id":52,"shelf_in_case":4,"side":"front","type":"shelf","reserved_name":null,"reserved_faculty":null,"reserved":false},"geometry":{"type":"Polygon","coordinates":[[[44,16],[46,16],[46,17],[44,17],[44,16]]]}},{"type":"Feature","properties":{"shelf_id":311,"bookcase_id":52,"shelf_in_case":5,"side":"front","type":"shelf","reserved_name":null,"reserved_faculty":null,"reserved":false},"geometry":{"type":"Polygon","coordinates":[[[44,15],[46,15],[46,16],[44,16],[44,15]]]}},{"type":"Feature","properties":{"shelf_id":312,"bookcase_id":52,"shelf_in_case":6,"side":"front","type":"shelf","reserved_name":null,"reserved_faculty":null,"reserved":false},"geometry":{"type":"Polygon","coordinates":[[[44,14],[46,14],[46,15],[44,15],[44,14]]]}},{"type":"Feature","properties":{"shelf_id":313,"bookcase_id":53,"shelf_in_case":1,"side":"front","type":"shelf","reserved_name":null,"reserved_faculty":null,"reserved":false},"geometry":{"type":"Polygon","coordinates":[[[46,19],[48,19],[48,20],[46,20],[46,19]]]}},{"type":"Feature","properties":{"shelf_id":314,"bookcase_id":53,"shelf_in_case":2,"side":"front","type":"shelf","reserved_name":null,"reserved_faculty":null,"reserved":false},"geometry":{"type":"Polygon","coordinates":[[[46,18],[48,18],[48,19],[46,19],[46,18]]]}},{"type":"Feature","properties":{"shelf_id":315,"bookcase_id":53,"shelf_in_case":3,"side":"front","type":"shelf","reserved_name":null,"reserved_faculty":null,"reserved":false},"geometry":{"type":"Polygon","coordinates":[[[46,17],[48,17],[48,18],[46,18],[46,17]]]}},{"type":"Feature","properties":{"shelf_id":316,"bookcase_id":53,"shelf_in_case":4,"side":"front","type":"shelf","reserved_name":null,"reserved_faculty":null,"reserved":false},"geometry":{"type":"Polygon","coordinates":[[[46,16],[48,16],[48,17],[46,17],[46,16]]]}},{"type":"Feature","properties":{"shelf_id":317,"bookcase_id":53,"shelf_in_case":5,"side":"front","type":"shelf","reserved_name":null,"reserved_faculty":null,"reserved":false},"geometry":{"type":"Polygon","coordinates":[[[46,15],[48,15],[48,16],[46,16],[46,15]]]}},{"type":"Feature","properties":{"shelf_id":318,"bookcase_id":53,"shelf_in_case":6,"side":"front","type":"shelf","reserved_name":null,"reserved_faculty":null,"reserved":false},"geometry":{"type":"Polygon","coordinates":[[[46,14],[48,14],[48,15],[46,15],[46,14]]]}},{"type":"Feature","properties":{"shelf_id":319,"bookcase_id":54,"shelf_in_case":1,"side":"front","type":"shelf","reserved_name":"ME Expo","reserved_faculty":"ME","reserved":true},"geometry":{"type":"Polygon","coordinates":[[[50,19],[52,19],[52,20],[50,20],[50,19]]]}},{"type":"Feature","properties":{"shelf_id":320,"bookcase_id":54,"shelf_in_case":2,"side":"front","type":"shelf","reserved_name":"ME Expo","reserved_faculty":"ME","reserved":true},"geometry":{"type":"Polygon","coordinates":[[[50,18],[52,18],[52,19],[50,19],[50,18]]]}},{"type":"Feature","properties":{"shelf_id":321,"bookcase_id":54,"shelf_in_case":3,"side":"front","type":"shelf","reserved_name":"ME Expo","reserved_faculty":"ME","reserved":true},"geometry":{"type":"Polygon","coordinates":[[[50,17],[52,17],[52,18],[50,18],[50,17]]]}},{"type":"Feature","properties":{"shelf_id":322,"bookcase_id":54,"shelf_in_case":4,"side":"front","type":"shelf","reserved_name":"ME Expo","reserved_faculty":"ME","reserved":true},"geometry":{"type":"Polygon","coordinates":[[[50,16],[52,16],[52,17],[50,17],[50,16]]]}},{"type":"Feature","properties":{"shelf_id":323,"bookcase_id":54,"shelf_in_case":5,"side":"front","type":"shelf","reserved_name":"ME Expo","reserved_faculty":"ME","reserved":true},"geometry":{"type":"Polygon","coordinates":[[[50,15],[52,15],[52,16],[50,16],[50,15]]]}},{"type":"Feature","properties":{"shelf_id":324,"bookcase_id":54,"shelf_in_case":6,"side":"front","type":"shelf","reserved_name":"ME Expo","reserved_faculty":"ME","reserved":true},"geometry":{"type":"Polygon","coordinates":[[[50,14],[52,14],[52,15],[50,15],[50,14]]]}},{"type":"Feature","properties":{"shelf_id":325,"bookcase_id":55,"shelf_in_case":1,"side":"front","type":"shelf","reserved_name":"ME Expo","reserved_faculty":"ME","reserved":true},"geometry":{"type":"Polygon","coordinates":[[[52,19],[54,19],[54,20],[52,20],[52,19]]]}},{"type":"Feature","properties":{"shelf_id":326,"bookcase_id":55,"shelf_in_case":2,"side":"front","type":"shelf","reserved_name":"ME Expo","reserved_faculty":"ME","reserved":true},"geometry":{"type":"Polygon","coordinates":[[[52,18],[54,18],[54,19],[52,19],[52,18]]]}},{"type":"Feature","properties":{"shelf_id":327,"bookcase_id":55,"shelf_in_case":3,"side":"front","type":"shelf","reserved_name":"ME Expo","reserved_faculty":"ME","reserved":true},"geometry":{"type":"Polygon","coordinates":[[[52,17],[54,17],[54,18],[52,18],[52,17]]]}},{"type":"Feature","properties":{"shelf_id":328,"bookcase_id":55,"shelf_in_case":4,"side":"front","type":"shelf","reserved_name":"ME Expo","reserved_faculty":"ME","reserved":true},"geometry":{"type":"Polygon","coordinates":[[[52,16],[54,16],[54,17],[52,17],[52,16]]]}},{"type":"Feature","properties":{"shelf_id":329,"bookcase_id":55,"shelf_in_case":5,"side":"front","type":"shelf","reserved_name":"ME Expo","reserved_faculty":"ME","reserved":true},"geometry":{"type":"Polygon","coordinates":[[[52,15],[54,15],[54,16],[52,16],[52,15]]]}},{"type":"Feature","properties":{"shelf_id":330,"bookcase_id":55,"shelf_in_case":6,"side":"front","type":"shelf","reserved_name":"ME Expo","reserved_faculty":"ME","reserved":true},"geometry":{"type":"Polygon","coordinates":[[[52,14],[54,14],[54,15],[52,15],[52,14]]]}},{"type":"Feature","properties":{"shelf_id":331,"bookcase_id":56,"shelf_in_case":1,"side":"front","type":"shelf","reserved_name":"ME Expo","reserved_faculty":"ME","reserved":true},"geometry":{"type":"Polygon","coordinates":[[[54,19],[56,19],[56,20],[54,20],[54,19]]]}},{"type":"Feature","properties":{"shelf_id":332,"bookcase_id":56,"shelf_in_case":2,"side":"front","type":"shelf","reserved_name":"ME Expo","reserved_faculty":"ME","reserved":true},"geometry":{"type":"Polygon","coordinates":[[[54,18],[56,18],[56,19],[54,19],[54,18]]]}},{"type":"Feature","properties":{"shelf_id":333,"bookcase_id":56,"shelf_in_case":3,"side":"front","type":"shelf","reserved_name":"ME Expo","reserved_faculty":"ME","reserved":true},"geometry":{"type":"Polygon","coordinates":[[[54,17],[56,17],[56,18],[54,18],[54,17]]]}},{"type":"Feature","properties":{"shelf_id":334,"bookcase_id":56,"shelf_in_case":4,"side":"front","type":"shelf","reserved_name":"ME Expo","reserved_faculty":"ME","reserved":true},"geometry":{"type":"Polygon","coordinates":[[[54,16],[56,16],[56,17],[54,17],[54,16]]]}},{"type":"Feature","properties":{"shelf_id":335,"bookcase_id":56,"shelf_in_case":5,"side":"front","type":"shelf","reserved_name":"ME Expo","reserved_faculty":"ME","reserved":true},"geometry":{"type":"Polygon","coordinates":[[[54,15],[56,15],[56,16],[54,16],[54,15]]]}},{"type":"Feature","properties":{"shelf_id":336,"bookcase_id":56,"shelf_in_case":6,"side":"front","type":"shelf","reserved_name":"ME Expo","reserved_faculty":"ME","reserved":true},"geometry":{"type":"Polygon","coordinates":[[[54,14],[56,14],[56,15],[54,15],[54,14]]]}},{"type":"Feature","properties":{"shelf_id":337,"bookcase_id":57,"shelf_in_case":1,"side":"front","type":"shelf","reserved_name":null,"reserved_faculty":null,"reserved":false},"geometry":{"type":"Polygon","coordinates":[[[56,19],[58,19],[58,20],[56,20],[56,19]]]}},{"type":"Feature","properties":{"shelf_id":338,"bookcase_id":57,"shelf_in_case":2,"side":"front","type":"shelf","reserved_name":null,"reserved_faculty":null,"reserved":false},"geometry":{"type":"Polygon","coordinates":[[[56,18],[58,18],[58,19],[56,19],[56,18]]]}},{"type":"Feature","properties":{"shelf_id":339,"bookcase_id":57,"shelf_in_case":3,"side":"front","type":"shelf","reserved_name":null,"reserved_faculty":null,"reserved":false},"geometry":{"type":"Polygon","coordinates":[[[56,17],[58,17],[58,18],[56,18],[56,17]]]}},{"type":"Feature","properties":{"shelf_id":340,"bookcase_id":57,"shelf_in_case":4,"side":"front","type":"shelf","reserved_name":null,"reserved_faculty":null,"reserved":false},"geometry":{"type":"Polygon","coordinates":[[[56,16],[58,16],[58,17],[56,17],[56,16]]]}},{"type":"Feature","properties":{"shelf_id":341,"bookcase_id":57,"shelf_in_case":5,"side":"front","type":"shelf","reserved_name":null,"reserved_faculty":null,"reserved":false},"geometry":{"type":"Polygon","coordinates":[[[56,15],[58,15],[58,16],[56,16],[56,15]]]}},{"type":"Feature","properties":{"shelf_id":342,"bookcase_id":57,"shelf_in_case":6,"side":"front","type":"shelf","reserved_name":null,"reserved_faculty":null,"reserved":false},"geometry":{"type":"Polygon","coordinates":[[[56,14],[58,14],[58,15],[56,15],[56,14]]]}},{"type":"Feature","properties":{"shelf_id":343,"bookcase_id":58,"shelf_in_case":1,"side":"front","type":"shelf","reserved_name":null,"reserved_faculty":null,"reserved":false},"geometry":{"type":"Polygon","coordinates":[[[58,19],[60,19],[60,20],[58,20],[58,19]]]}},{"type":"Feature","properties":{"shelf_id":344,"bookcase_id":58,"shelf_in_case":2,"side":"front","type":"shelf","reserved_name":null,"reserved_faculty":null,"reserved":false},"geometry":{"type":"Polygon","coordinates":[[[58,18],[60,18],[60,19],[58,19],[58,18]]]}},{"type":"Feature","properties":{"shelf_id":345,"bookcase_id":58,"shelf_in_case":3,"side":"front","type":"shelf","reserved_name":null,"reserved_faculty":null,"reserved":false},"geometry":{"type":"Polygon","coordinates":[[[58,17],[60,17],[60,18],[58,18],[58,17]]]}},{"type":"Feature","properties":{"shelf_id":346,"bookcase_id":58,"shelf_in_case":4,"side":"front","type":"shelf","reserved_name":null,"reserved_faculty":null,"reserved":false},"geometry":{"type":"Polygon","coordinates":[[[58,16],[60,16],[60,17],[58,17],[58,16]]]}},{"type":"Feature","properties":{"shelf_id":347,"bookcase_id":58,"shelf_in_case":5,"side":"front","type":"shelf","reserved_name":null,"reserved_faculty":null,"reserved":false},"geometry":{"type":"Polygon","coordinates":[[[58,15],[60,15],[60,16],[58,16],[58,15]]]}},{"type":"Feature","properties":{"shelf_id":348,"bookcase_id":58,"shelf_in_case":6,"side":"front","type":"shelf","reserved_name":null,"reserved_faculty":null,"reserved":false},"geometry":{"type":"Polygon","coordinates":[[[58,14],[60,14],[60,15],[58,15],[58,14]]]}},{"type":"Feature","properties":{"shelf_id":349,"bookcase_id":59,"shelf_in_case":1,"side":"front","type":"shelf","reserved_name":null,"reserved_faculty":null,"reserved":false},"geometry":{"type":"Polygon","coordinates":[[[60,19],[62,19],[62,20],[60,20],[60,19]]]}},{"type":"Feature","properties":{"shelf_id":350,"bookcase_id":59,"shelf_in_case":2,"side":"front","type":"shelf","reserved_name":null,"reserved_faculty":null,"reserved":false},"geometry":{"type":"Polygon","coordinates":[[[60,18],[62,18],[62,19],[60,19],[60,18]]]}},{"type":"Feature","properties":{"shelf_id":351,"bookcase_id":59,"shelf_in_case":3,"side":"front","type":"shelf","reserved_name":null,"reserved_faculty":null,"reserved":false},"geometry":{"type":"Polygon","coordinates":[[[60,17],[62,17],[62,18],[60,18],[60,17]]]}},{"type":"Feature","properties":{"shelf_id":352,"bookcase_id":59,"shelf_in_case":4,"side":"front","type":"shelf","reserved_name":null,"reserved_faculty":null,"reserved":false},"geometry":{"type":"Polygon","coordinates":[[[60,16],[62,16],[62,17],[60,17],[60,16]]]}},{"type":"Feature","properties":{"shelf_id":353,"bookcase_id":59,"shelf_in_case":5,"side":"front","type":"shelf","reserved_name":null,"reserved_faculty":null,"reserved":false},"geometry":{"type":"Polygon","coordinates":[[[60,15],[62,15],[62,16],[60,16],[60,15]]]}},{"type":"Feature","properties":{"shelf_id":354,"bookcase_id":59,"shelf_in_case":6,"side":"front","type":"shelf","reserved_name":null,"reserved_faculty":null,"reserved":false},"geometry":{"type":"Polygon","coordinates":[[[60,14],[62,14],[62,15],[60,15],[60,14]]]}},{"type":"Feature","properties":{"shelf_id":355,"bookcase_id":60,"shelf_in_case":1,"side":"front","type":"shelf","reserved_name":null,"reserved_faculty":null,"reserved":false},"geometry":{"type":"Polygon","coordinates":[[[62,19],[64,19],[64,20],[62,20],[62,19]]]}},{"type":"Feature","properties":{"shelf_id":356,"bookcase_id":60,"shelf_in_case":2,"side":"front","type":"shelf","reserved_name":null,"reserved_faculty":null,"reserved":false},"geometry":{"type":"Polygon","coordinates":[[[62,18],[64,18],[64,19],[62,19],[62,18]]]}},{"type":"Feature","properties":{"shelf_id":357,"bookcase_id":60,"shelf_in_case":3,"side":"front","type":"shelf","reserved_name":null,"reserved_faculty":null,"reserved":false},"geometry":{"type":"Polygon","coordinates":[[[62,17],[64,17],[64,18],[62,18],[62,17]]]}},{"type":"Feature","properties":{"shelf_id":358,"bookcase_id":60,"shelf_in_case":4,"side":"front","type":"shelf","reserved_name":null,"reserved_faculty":null,"reserved":false},"geometry":{"type":"Polygon","coordinates":[[[62,16],[64,16],[64,17],[62,17],[62,16]]]}},{"type":"Feature","properties":{"shelf_id":359,"bookcase_id":60,"shelf_in_case":5,"side":"front","type":"shelf","reserved_name":null,"reserved_faculty":null,"reserved":false},"geometry":{"type":"Polygon","coordinates":[[[62,15],[64,15],[64,16],[62,16],[62,15]]]}},{"type":"Feature","properties":{"shelf_id":360,"bookcase_id":60,"shelf_in_case":6,"side":"front","type":"shelf","reserved_name":null,"reserved_faculty":null,"reserved":false},"geometry":{"type":"Polygon","coordinates":[[[62,14],[64,14],[64,15],[62,15],[62,14]]]}},{"type":"Feature","properties":{"shelf_id":361,"bookcase_id":61,"shelf_in_case":1,"side":"front","type":"shelf","reserved_name":null,"reserved_faculty":null,"reserved":false},"geometry":{"type":"Polygon","coordinates":[[[64,19],[66,19],[66,20],[64,20],[64,19]]]}},{"type":"Feature","properties":{"shelf_id":362,"bookcase_id":61,"shelf_in_case":2,"side":"front","type":"shelf","reserved_name":null,"reserved_faculty":null,"reserved":false},"geometry":{"type":"Polygon","coordinates":[[[64,18],[66,18],[66,19],[64,19],[64,18]]]}},{"type":"Feature","properties":{"shelf_id":363,"bookcase_id":61,"shelf_in_case":3,"side":"front","type":"shelf","reserved_name":null,"reserved_faculty":null,"reserved":false},"geometry":{"type":"Polygon","coordinates":[[[64,17],[66,17],[66,18],[64,18],[64,17]]]}},{"type":"Feature","properties":{"shelf_id":364,"bookcase_id":61,"shelf_in_case":4,"side":"front","type":"shelf","reserved_name":null,"reserved_faculty":null,"reserved":false},"geometry":{"type":"Polygon","coordinates":[[[64,16],[66,16],[66,17],[64,17],[64,16]]]}},{"type":"Feature","properties":{"shelf_id":365,"bookcase_id":61,"shelf_in_case":5,"side":"front","type":"shelf","reserved_name":null,"reserved_faculty":null,"reserved":false},"geometry":{"type":"Polygon","coordinates":[[[64,15],[66,15],[66,16],[64,16],[64,15]]]}},{"type":"Feature","properties":{"shelf_id":366,"bookcase_id":61,"shelf_in_case":6,"side":"front","type":"shelf","reserved_name":null,"reserved_faculty":null,"reserved":false},"geometry":{"type":"Polygon","coordinates":[[[64,14],[66,14],[66,15],[64,15],[64,14]]]}},{"type":"Feature","properties":{"shelf_id":367,"bookcase_id":62,"shelf_in_case":1,"side":"front","type":"shelf","reserved_name":null,"reserved_faculty":null,"reserved":false},"geometry":{"type":"Polygon","coordinates":[[[66,19],[68,19],[68,20],[66,20],[66,19]]]}},{"type":"Feature","properties":{"shelf_id":368,"bookcase_id":62,"shelf_in_case":2,"side":"front","type":"shelf","reserved_name":null,"reserved_faculty":null,"reserved":false},"geometry":{"type":"Polygon","coordinates":[[[66,18],[68,18],[68,19],[66,19],[66,18]]]}},{"type":"Feature","properties":{"shelf_id":369,"bookcase_id":62,"shelf_in_case":3,"side":"front","type":"shelf","reserved_name":null,"reserved_faculty":null,"reserved":false},"geometry":{"type":"Polygon","coordinates":[[[66,17],[68,17],[68,18],[66,18],[66,17]]]}},{"type":"Feature","properties":{"shelf_id":370,"bookcase_id":62,"shelf_in_case":4,"side":"front","type":"shelf","reserved_name":null,"reserved_faculty":null,"reserved":false},"geometry":{"type":"Polygon","coordinates":[[[66,16],[68,16],[68,17],[66,17],[66,16]]]}},{"type":"Feature","properties":{"shelf_id":371,"bookcase_id":62,"shelf_in_case":5,"side":"front","type":"shelf","reserved_name":null,"reserved_faculty":null,"reserved":false},"geometry":{"type":"Polygon","coordinates":[[[66,15],[68,15],[68,16],[66,16],[66,15]]]}},{"type":"Feature","properties":{"shelf_id":372,"bookcase_id":62,"shelf_in_case":6,"side":"front","type":"shelf","reserved_name":null,"reserved_faculty":null,"reserved":false},"geometry":{"type":"Polygon","coordinates":[[[66,14],[68,14],[68,15],[66,15],[66,14]]]}},{"type":"Feature","properties":{"shelf_id":373,"bookcase_id":63,"shelf_in_case":1,"side":"front","type":"shelf","reserved_name":null,"reserved_faculty":null,"reserved":false},"geometry":{"type":"Polygon","coordinates":[[[68,19],[70,19],[70,20],[68,20],[68,19]]]}},{"type":"Feature","properties":{"shelf_id":374,"bookcase_id":63,"shelf_in_case":2,"side":"front","type":"shelf","reserved_name":null,"reserved_faculty":null,"reserved":false},"geometry":{"type":"Polygon","coordinates":[[[68,18],[70,18],[70,19],[68,19],[68,18]]]}},{"type":"Feature","properties":{"shelf_id":375,"bookcase_id":63,"shelf_in_case":3,"side":"front","type":"shelf","reserved_name":null,"reserved_faculty":null,"reserved":false},"geometry":{"type":"Polygon","coordinates":[[[68,17],[70,17],[70,18],[68,18],[68,17]]]}},{"type":"Feature","properties":{"shelf_id":376,"bookcase_id":63,"shelf_in_case":4,"side":"front","type":"shelf","reserved_name":null,"reserved_faculty":null,"reserved":false},"geometry":{"type":"Polygon","coordinates":[[[68,16],[70,16],[70,17],[68,17],[68,16]]]}},{"type":"Feature","properties":{"shelf_id":377,"bookcase_id":63,"shelf_in_case":5,"side":"front","type":"shelf","reserved_name":null,"reserved_faculty":null,"reserved":false},"geometry":{"type":"Polygon","coordinates":[[[68,15],[70,15],[70,16],[68,16],[68,15]]]}},{"type":"Feature","properties":{"shelf_id":378,"bookcase_id":63,"shelf_in_case":6,"side":"front","type":"shelf","reserved_name":null,"reserved_faculty":null,"reserved":false},"geometry":{"type":"Polygon","coordinates":[[[68,14],[70,14],[70,15],[68,15],[68,14]]]}},{"type":"Feature","properties":{"shelf_id":379,"bookcase_id":64,"shelf_in_case":1,"side":"front","type":"shelf","reserved_name":null,"reserved_faculty":null,"reserved":false},"geometry":{"type":"Polygon","coordinates":[[[80,19],[82,19],[82,20],[80,20],[80,19]]]}},{"type":"Feature","properties":{"shelf_id":380,"bookcase_id":64,"shelf_in_case":2,"side":"front","type":"shelf","reserved_name":null,"reserved_faculty":null,"reserved":false},"geometry":{"type":"Polygon","coordinates":[[[80,18],[82,18],[82,19],[80,19],[80,18]]]}},{"type":"Feature","properties":{"shelf_id":381,"bookcase_id":64,"shelf_in_case":3,"side":"front","type":"shelf","reserved_name":null,"reserved_faculty":null,"reserved":false},"geometry":{"type":"Polygon","coordinates":[[[80,17],[82,17],[82,18],[80,18],[80,17]]]}},{"type":"Feature","properties":{"shelf_id":382,"bookcase_id":64,"shelf_in_case":4,"side":"front","type":"shelf","reserved_name":null,"reserved_faculty":null,"reserved":false},"geometry":{"type":"Polygon","coordinates":[[[80,16],[82,16],[82,17],[80,17],[80,16]]]}},{"type":"Feature","properties":{"shelf_id":383,"bookcase_id":64,"shelf_in_case":5,"side":"front","type":"shelf","reserved_name":null,"reserved_faculty":null,"reserved":false},"geometry":{"type":"Polygon","coordinates":[[[80,15],[82,15],[82,16],[80,16],[80,15]]]}},{"type":"Feature","properties":{"shelf_id":384,"bookcase_id":64,"shelf_in_case":6,"side":"front","type":"shelf","reserved_name":null,"reserved_faculty":null,"reserved":false},"geometry":{"type":"Polygon","coordinates":[[[80,14],[82,14],[82,15],[80,15],[80,14]]]}},{"type":"Feature","properties":{"shelf_id":385,"bookcase_id":65,"shelf_in_case":1,"side":"front","type":"shelf","reserved_name":null,"reserved_faculty":null,"reserved":false},"geometry":{"type":"Polygon","coordinates":[[[82,19],[84,19],[84,20],[82,20],[82,19]]]}},{"type":"Feature","properties":{"shelf_id":386,"bookcase_id":65,"shelf_in_case":2,"side":"front","type":"shelf","reserved_name":null,"reserved_faculty":null,"reserved":false},"geometry":{"type":"Polygon","coordinates":[[[82,18],[84,18],[84,19],[82,19],[82,18]]]}},{"type":"Feature","properties":{"shelf_id":387,"bookcase_id":65,"shelf_in_case":3,"side":"front","type":"shelf","reserved_name":null,"reserved_faculty":null,"reserved":false},"geometry":{"type":"Polygon","coordinates":[[[82,17],[84,17],[84,18],[82,18],[82,17]]]}},{"type":"Feature","properties":{"shelf_id":388,"bookcase_id":65,"shelf_in_case":4,"side":"front","type":"shelf","reserved_name":null,"reserved_faculty":null,"reserved":false},"geometry":{"type":"Polygon","coordinates":[[[82,16],[84,16],[84,17],[82,17],[82,16]]]}},{"type":"Feature","properties":{"shelf_id":389,"bookcase_id":65,"shelf_in_case":5,"side":"front","type":"shelf","reserved_name":null,"reserved_faculty":null,"reserved":false},"geometry":{"type":"Polygon","coordinates":[[[82,15],[84,15],[84,16],[82,16],[82,15]]]}},{"type":"Feature","properties":{"shelf_id":390,"bookcase_id":65,"shelf_in_case":6,"side":"front","type":"shelf","reserved_name":null,"reserved_faculty":null,"reserved":false},"geometry":{"type":"Polygon","coordinates":[[[82,14],[84,14],[84,15],[82,15],[82,14]]]}},{"type":"Feature","properties":{"shelf_id":391,"bookcase_id":66,"shelf_in_case":1,"side":"front","type":"shelf","reserved_name":null,"reserved_faculty":null,"reserved":false},"geometry":{"type":"Polygon","coordinates":[[[84,19],[86,19],[86,20],[84,20],[84,19]]]}},{"type":"Feature","properties":{"shelf_id":392,"bookcase_id":66,"shelf_in_case":2,"side":"front","type":"shelf","reserved_name":null,"reserved_faculty":null,"reserved":false},"geometry":{"type":"Polygon","coordinates":[[[84,18],[86,18],[86,19],[84,19],[84,18]]]}},{"type":"Feature","properties":{"shelf_id":393,"bookcase_id":66,"shelf_in_case":3,"side":"front","type":"shelf","reserved_name":null,"reserved_faculty":null,"reserved":false},"geometry":{"type":"Polygon","coordinates":[[[84,17],[86,17],[86,18],[84,18],[84,17]]]}},{"type":"Feature","properties":{"shelf_id":394,"bookcase_id":66,"shelf_in_case":4,"side":"front","type":"shelf","reserved_name":null,"reserved_faculty":null,"reserved":false},"geometry":{"type":"Polygon","coordinates":[[[84,16],[86,16],[86,17],[84,17],[84,16]]]}},{"type":"Feature","properties":{"shelf_id":395,"bookcase_id":66,"shelf_in_case":5,"side":"front","type":"shelf","reserved_name":null,"reserved_faculty":null,"reserved":false},"geometry":{"type":"Polygon","coordinates":[[[84,15],[86,15],[86,16],[84,16],[84,15]]]}},{"type":"Feature","properties":{"shelf_id":396,"bookcase_id":66,"shelf_in_case":6,"side":"front","type":"shelf","reserved_name":null,"reserved_faculty":null,"reserved":false},"geometry":{"type":"Polygon","coordinates":[[[84,14],[86,14],[86,15],[84,15],[84,14]]]}},{"type":"Feature","properties":{"shelf_id":397,"bookcase_id":67,"shelf_in_case":1,"side":"front","type":"shelf","reserved_name":null,"reserved_faculty":null,"reserved":false},"geometry":{"type":"Polygon","coordinates":[[[86,19],[88,19],[88,20],[86,20],[86,19]]]}},{"type":"Feature","properties":{"shelf_id":398,"bookcase_id":67,"shelf_in_case":2,"side":"front","type":"shelf","reserved_name":null,"reserved_faculty":null,"reserved":false},"geometry":{"type":"Polygon","coordinates":[[[86,18],[88,18],[88,19],[86,19],[86,18]]]}},{"type":"Feature","properties":{"shelf_id":399,"bookcase_id":67,"shelf_in_case":3,"side":"front","type":"shelf","reserved_name":null,"reserved_faculty":null,"reserved":false},"geometry":{"type":"Polygon","coordinates":[[[86,17],[88,17],[88,18],[86,18],[86,17]]]}},{"type":"Feature","properties":{"shelf_id":400,"bookcase_id":67,"shelf_in_case":4,"side":"front","type":"shelf","reserved_name":null,"reserved_faculty":null,"reserved":false},"geometry":{"type":"Polygon","coordinates":[[[86,16],[88,16],[88,17],[86,17],[86,16]]]}},{"type":"Feature","properties":{"shelf_id":401,"bookcase_id":67,"shelf_in_case":5,"side":"front","type":"shelf","reserved_name":null,"reserved_faculty":null,"reserved":false},"geometry":{"type":"Polygon","coordinates":[[[86,15],[88,15],[88,16],[86,16],[86,15]]]}},{"type":"Feature","properties":{"shelf_id":402,"bookcase_id":67,"shelf_in_case":6,"side":"front","type":"shelf","reserved_name":null,"reserved_faculty":null,"reserved":false},"geometry":{"type":"Polygon","coordinates":[[[86,14],[88,14],[88,15],[86,15],[86,14]]]}},{"type":"Feature","properties":{"shelf_id":403,"bookcase_id":68,"shelf_in_case":1,"side":"front","type":"shelf","reserved_name":null,"reserved_faculty":null,"reserved":false},"geometry":{"type":"Polygon","coordinates":[[[88,19],[90,19],[90,20],[88,20],[88,19]]]}},{"type":"Feature","properties":{"shelf_id":404,"bookcase_id":68,"shelf_in_case":2,"side":"front","type":"shelf","reserved_name":null,"reserved_faculty":null,"reserved":false},"geometry":{"type":"Polygon","coordinates":[[[88,18],[90,18],[90,19],[88,19],[88,18]]]}},{"type":"Feature","properties":{"shelf_id":405,"bookcase_id":68,"shelf_in_case":3,"side":"front","type":"shelf","reserved_name":null,"reserved_faculty":null,"reserved":false},"geometry":{"type":"Polygon","coordinates":[[[88,17],[90,17],[90,18],[88,18],[88,17]]]}},{"type":"Feature","properties":{"shelf_id":406,"bookcase_id":68,"shelf_in_case":4,"side":"front","type":"shelf","reserved_name":null,"reserved_faculty":null,"reserved":false},"geometry":{"type":"Polygon","coordinates":[[[88,16],[90,16],[90,17],[88,17],[88,16]]]}},{"type":"Feature","properties":{"shelf_id":407,"bookcase_id":68,"shelf_in_case":5,"side":"front","type":"shelf","reserved_name":null,"reserved_faculty":null,"reserved":false},"geometry":{"type":"Polygon","coordinates":[[[88,15],[90,15],[90,16],[88,16],[88,15]]]}},{"type":"Feature","properties":{"shelf_id":408,"bookcase_id":68,"shelf_in_case":6,"side":"front","type":"shelf","reserved_name":null,"reserved_faculty":null,"reserved":false},"geometry":{"type":"Polygon","coordinates":[[[88,14],[90,14],[90,15],[88,15],[88,14]]]}},{"type":"Feature","properties":{"shelf_id":409,"bookcase_id":69,"shelf_in_case":1,"side":"front","type":"shelf","reserved_name":null,"reserved_faculty":null,"reserved":false},"geometry":{"type":"Polygon","coordinates":[[[90,19],[92,19],[92,20],[90,20],[90,19]]]}},{"type":"Feature","properties":{"shelf_id":410,"bookcase_id":69,"shelf_in_case":2,"side":"front","type":"shelf","reserved_name":null,"reserved_faculty":null,"reserved":false},"geometry":{"type":"Polygon","coordinates":[[[90,18],[92,18],[92,19],[90,19],[90,18]]]}},{"type":"Feature","properties":{"shelf_id":411,"bookcase_id":69,"shelf_in_case":3,"side":"front","type":"shelf","reserved_name":null,"reserved_faculty":null,"reserved":false},"geometry":{"type":"Polygon","coordinates":[[[90,17],[92,17],[92,18],[90,18],[90,17]]]}},{"type":"Feature","properties":{"shelf_id":412,"bookcase_id":69,"shelf_in_case":4,"side":"front","type":"shelf","reserved_name":null,"reserved_faculty":null,"reserved":false},"geometry":{"type":"Polygon","coordinates":[[[90,16],[92,16],[92,17],[90,17],[90,16]]]}},{"type":"Feature","properties":{"shelf_id":413,"bookcase_id":69,"shelf_in_case":5,"side":"front","type":"shelf","reserved_name":null,"reserved_faculty":null,"reserved":false},"geometry":{"type":"Polygon","coordinates":[[[90,15],[92,15],[92,16],[90,16],[90,15]]]}},{"type":"Feature","properties":{"shelf_id":414,"bookcase_id":69,"shelf_in_case":6,"side":"front","type":"shelf","reserved_name":null,"reserved_faculty":null,"reserved":false},"geometry":{"type":"Polygon","coordinates":[[[90,14],[92,14],[92,15],[90,15],[90,14]]]}},{"type":"Feature","properties":{"shelf_id":415,"bookcase_id":70,"shelf_in_case":1,"side":"front","type":"shelf","reserved_name":null,"reserved_faculty":null,"reserved":false},"geometry":{"type":"Polygon","coordinates":[[[92,19],[94,19],[94,20],[92,20],[92,19]]]}},{"type":"Feature","properties":{"shelf_id":416,"bookcase_id":70,"shelf_in_case":2,"side":"front","type":"shelf","reserved_name":null,"reserved_faculty":null,"reserved":false},"geometry":{"type":"Polygon","coordinates":[[[92,18],[94,18],[94,19],[92,19],[92,18]]]}},{"type":"Feature","properties":{"shelf_id":417,"bookcase_id":70,"shelf_in_case":3,"side":"front","type":"shelf","reserved_name":null,"reserved_faculty":null,"reserved":false},"geometry":{"type":"Polygon","coordinates":[[[92,17],[94,17],[94,18],[92,18],[92,17]]]}},{"type":"Feature","properties":{"shelf_id":418,"bookcase_id":70,"shelf_in_case":4,"side":"front","type":"shelf","reserved_name":null,"reserved_faculty":null,"reserved":false},"geometry":{"type":"Polygon","coordinates":[[[92,16],[94,16],[94,17],[92,17],[92,16]]]}},{"type":"Feature","properties":{"shelf_id":419,"bookcase_id":70,"shelf_in_case":5,"side":"front","type":"shelf","reserved_name":null,"reserved_faculty":null,"reserved":false},"geometry":{"type":"Polygon","coordinates":[[[92,15],[94,15],[94,16],[92,16],[92,15]]]}},{"type":"Feature","properties":{"shelf_id":420,"bookcase_id":70,"shelf_in_case":6,"side":"front","type":"shelf","reserved_name":null,"reserved_faculty":null,"reserved":false},"geometry":{"type":"Polygon","coordinates":[[[92,14],[94,14],[94,15],[92,15],[92,14]]]}},{"type":"Feature","properties":{"shelf_id":421,"bookcase_id":71,"shelf_in_case":1,"side":"front","type":"shelf","reserved_name":null,"reserved_faculty":null,"reserved":false},"geometry":{"type":"Polygon","coordinates":[[[94,19],[96,19],[96,20],[94,20],[94,19]]]}},{"type":"Feature","properties":{"shelf_id":422,"bookcase_id":71,"shelf_in_case":2,"side":"front","type":"shelf","reserved_name":null,"reserved_faculty":null,"reserved":false},"geometry":{"type":"Polygon","coordinates":[[[94,18],[96,18],[96,19],[94,19],[94,18]]]}},{"type":"Feature","properties":{"shelf_id":423,"bookcase_id":71,"shelf_in_case":3,"side":"front","type":"shelf","reserved_name":null,"reserved_faculty":null,"reserved":false},"geometry":{"type":"Polygon","coordinates":[[[94,17],[96,17],[96,18],[94,18],[94,17]]]}},{"type":"Feature","properties":{"shelf_id":424,"bookcase_id":71,"shelf_in_case":4,"side":"front","type":"shelf","reserved_name":null,"reserved_faculty":null,"reserved":false},"geometry":{"type":"Polygon","coordinates":[[[94,16],[96,16],[96,17],[94,17],[94,16]]]}},{"type":"Feature","properties":{"shelf_id":425,"bookcase_id":71,"shelf_in_case":5,"side":"front","type":"shelf","reserved_name":null,"reserved_faculty":null,"reserved":false},"geometry":{"type":"Polygon","coordinates":[[[94,15],[96,15],[96,16],[94,16],[94,15]]]}},{"type":"Feature","properties":{"shelf_id":426,"bookcase_id":71,"shelf_in_case":6,"side":"front","type":"shelf","reserved_name":null,"reserved_faculty":null,"reserved":false},"geometry":{"type":"Polygon","coordinates":[[[94,14],[96,14],[96,15],[94,15],[94,14]]]}},{"type":"Feature","properties":{"shelf_id":427,"bookcase_id":72,"shelf_in_case":1,"side":"front","type":"shelf","reserved_name":null,"reserved_faculty":null,"reserved":false},"geometry":{"type":"Polygon","coordinates":[[[96,19],[98,19],[98,20],[96,20],[96,19]]]}},{"type":"Feature","properties":{"shelf_id":428,"bookcase_id":72,"shelf_in_case":2,"side":"front","type":"shelf","reserved_name":null,"reserved_faculty":null,"reserved":false},"geometry":{"type":"Polygon","coordinates":[[[96,18],[98,18],[98,19],[96,19],[96,18]]]}},{"type":"Feature","properties":{"shelf_id":429,"bookcase_id":72,"shelf_in_case":3,"side":"front","type":"shelf","reserved_name":null,"reserved_faculty":null,"reserved":false},"geometry":{"type":"Polygon","coordinates":[[[96,17],[98,17],[98,18],[96,18],[96,17]]]}},{"type":"Feature","properties":{"shelf_id":430,"bookcase_id":72,"shelf_in_case":4,"side":"front","type":"shelf","reserved_name":null,"reserved_faculty":null,"reserved":false},"geometry":{"type":"Polygon","coordinates":[[[96,16],[98,16],[98,17],[96,17],[96,16]]]}},{"type":"Feature","properties":{"shelf_id":431,"bookcase_id":72,"shelf_in_case":5,"side":"front","type":"shelf","reserved_name":null,"reserved_faculty":null,"reserved":false},"geometry":{"type":"Polygon","coordinates":[[[96,15],[98,15],[98,16],[96,16],[96,15]]]}},{"type":"Feature","properties":{"shelf_id":432,"bookcase_id":72,"shelf_in_case":6,"side":"front","type":"shelf","reserved_name":null,"reserved_faculty":null,"reserved":false},"geometry":{"type":"Polygon","coordinates":[[[96,14],[98,14],[98,15],[96,15],[96,14]]]}},{"type":"Feature","properties":{"shelf_id":433,"bookcase_id":73,"shelf_in_case":1,"side":"front","type":"shelf","reserved_name":null,"reserved_faculty":null,"reserved":false},"geometry":{"type":"Polygon","coordinates":[[[98,19],[100,19],[100,20],[98,20],[98,19]]]}},{"type":"Feature","properties":{"shelf_id":434,"bookcase_id":73,"shelf_in_case":2,"side":"front","type":"shelf","reserved_name":null,"reserved_faculty":null,"reserved":false},"geometry":{"type":"Polygon","coordinates":[[[98,18],[100,18],[100,19],[98,19],[98,18]]]}},{"type":"Feature","properties":{"shelf_id":435,"bookcase_id":73,"shelf_in_case":3,"side":"front","type":"shelf","reserved_name":null,"reserved_faculty":null,"reserved":false},"geometry":{"type":"Polygon","coordinates":[[[98,17],[100,17],[100,18],[98,18],[98,17]]]}},{"type":"Feature","properties":{"shelf_id":436,"bookcase_id":73,"shelf_in_case":4,"side":"front","type":"shelf","reserved_name":null,"reserved_faculty":null,"reserved":false},"geometry":{"type":"Polygon","coordinates":[[[98,16],[100,16],[100,17],[98,17],[98,16]]]}},{"type":"Feature","properties":{"shelf_id":437,"bookcase_id":73,"shelf_in_case":5,"side":"front","type":"shelf","reserved_name":null,"reserved_faculty":null,"reserved":false},"geometry":{"type":"Polygon","coordinates":[[[98,15],[100,15],[100,16],[98,16],[98,15]]]}},{"type":"Feature","properties":{"shelf_id":438,"bookcase_id":73,"shelf_in_case":6,"side":"front","type":"shelf","reserved_name":null,"reserved_faculty":null,"reserved":false},"geometry":{"type":"Polygon","coordinates":[[[98,14],[100,14],[100,15],[98,15],[98,14]]]}},{"type":"Feature","properties":{"shelf_id":439,"bookcase_id":74,"shelf_in_case":1,"side":"front","type":"shelf","reserved_name":null,"reserved_faculty":null,"reserved":false},"geometry":{"type":"Polygon","coordinates":[[[102,19],[104,19],[104,20],[102,20],[102,19]]]}},{"type":"Feature","properties":{"shelf_id":440,"bookcase_id":74,"shelf_in_case":2,"side":"front","type":"shelf","reserved_name":null,"reserved_faculty":null,"reserved":false},"geometry":{"type":"Polygon","coordinates":[[[102,18],[104,18],[104,19],[102,19],[102,18]]]}},{"type":"Feature","properties":{"shelf_id":441,"bookcase_id":74,"shelf_in_case":3,"side":"front","type":"shelf","reserved_name":null,"reserved_faculty":null,"reserved":false},"geometry":{"type":"Polygon","coordinates":[[[102,17],[104,17],[104,18],[102,18],[102,17]]]}},{"type":"Feature","properties":{"shelf_id":442,"bookcase_id":74,"shelf_in_case":4,"side":"front","type":"shelf","reserved_name":null,"reserved_faculty":null,"reserved":false},"geometry":{"type":"Polygon","coordinates":[[[102,16],[104,16],[104,17],[102,17],[102,16]]]}},{"type":"Feature","properties":{"shelf_id":443,"bookcase_id":74,"shelf_in_case":5,"side":"front","type":"shelf","reserved_name":null,"reserved_faculty":null,"reserved":false},"geometry":{"type":"Polygon","coordinates":[[[102,15],[104,15],[104,16],[102,16],[102,15]]]}},{"type":"Feature","properties":{"shelf_id":444,"bookcase_id":74,"shelf_in_case":6,"side":"front","type":"shelf","reserved_name":null,"reserved_faculty":null,"reserved":false},"geometry":{"type":"Polygon","coordinates":[[[102,14],[104,14],[104,15],[102,15],[102,14]]]}},{"type":"Feature","properties":{"shelf_id":445,"bookcase_id":75,"shelf_in_case":1,"side":"front","type":"shelf","reserved_name":null,"reserved_faculty":null,"reserved":false},"geometry":{"type":"Polygon","coordinates":[[[104,19],[106,19],[106,20],[104,20],[104,19]]]}},{"type":"Feature","properties":{"shelf_id":446,"bookcase_id":75,"shelf_in_case":2,"side":"front","type":"shelf","reserved_name":null,"reserved_faculty":null,"reserved":false},"geometry":{"type":"Polygon","coordinates":[[[104,18],[106,18],[106,19],[104,19],[104,18]]]}},{"type":"Feature","properties":{"shelf_id":447,"bookcase_id":75,"shelf_in_case":3,"side":"front","type":"shelf","reserved_name":null,"reserved_faculty":null,"reserved":false},"geometry":{"type":"Polygon","coordinates":[[[104,17],[106,17],[106,18],[104,18],[104,17]]]}},{"type":"Feature","properties":{"shelf_id":448,"bookcase_id":75,"shelf_in_case":4,"side":"front","type":"shelf","reserved_name":null,"reserved_faculty":null,"reserved":false},"geometry":{"type":"Polygon","coordinates":[[[104,16],[106,16],[106,17],[104,17],[104,16]]]}},{"type":"Feature","properties":{"shelf_id":449,"bookcase_id":75,"shelf_in_case":5,"side":"front","type":"shelf","reserved_name":null,"reserved_faculty":null,"reserved":false},"geometry":{"type":"Polygon","coordinates":[[[104,15],[106,15],[106,16],[104,16],[104,15]]]}},{"type":"Feature","properties":{"shelf_id":450,"bookcase_id":75,"shelf_in_case":6,"side":"front","type":"shelf","reserved_name":null,"reserved_faculty":null,"reserved":false},"geometry":{"type":"Polygon","coordinates":[[[104,14],[106,14],[106,15],[104,15],[104,14]]]}},{"type":"Feature","properties":{"shelf_id":451,"bookcase_id":76,"shelf_in_case":1,"side":"front","type":"shelf","reserved_name":null,"reserved_faculty":null,"reserved":false},"geometry":{"type":"Polygon","coordinates":[[[106,19],[108,19],[108,20],[106,20],[106,19]]]}},{"type":"Feature","properties":{"shelf_id":452,"bookcase_id":76,"shelf_in_case":2,"side":"front","type":"shelf","reserved_name":null,"reserved_faculty":null,"reserved":false},"geometry":{"type":"Polygon","coordinates":[[[106,18],[108,18],[108,19],[106,19],[106,18]]]}},{"type":"Feature","properties":{"shelf_id":453,"bookcase_id":76,"shelf_in_case":3,"side":"front","type":"shelf","reserved_name":null,"reserved_faculty":null,"reserved":false},"geometry":{"type":"Polygon","coordinates":[[[106,17],[108,17],[108,18],[106,18],[106,17]]]}},{"type":"Feature","properties":{"shelf_id":454,"bookcase_id":76,"shelf_in_case":4,"side":"front","type":"shelf","reserved_name":null,"reserved_faculty":null,"reserved":false},"geometry":{"type":"Polygon","coordinates":[[[106,16],[108,16],[108,17],[106,17],[106,16]]]}},{"type":"Feature","properties":{"shelf_id":455,"bookcase_id":76,"shelf_in_case":5,"side":"front","type":"shelf","reserved_name":null,"reserved_faculty":null,"reserved":false},"geometry":{"type":"Polygon","coordinates":[[[106,15],[108,15],[108,16],[106,16],[106,15]]]}},{"type":"Feature","properties":{"shelf_id":456,"bookcase_id":76,"shelf_in_case":6,"side":"front","type":"shelf","reserved_name":null,"reserved_faculty":null,"reserved":false},"geometry":{"type":"Polygon","coordinates":[[[106,14],[108,14],[108,15],[106,15],[106,14]]]}},{"type":"Feature","properties":{"shelf_id":457,"bookcase_id":77,"shelf_in_case":1,"side":"front","type":"shelf","reserved_name":"AE Expo","reserved_faculty":"AE","reserved":true},"geometry":{"type":"Polygon","coordinates":[[[108,19],[110,19],[110,20],[108,20],[108,19]]]}},{"type":"Feature","properties":{"shelf_id":458,"bookcase_id":77,"shelf_in_case":2,"side":"front","type":"shelf","reserved_name":"AE Expo","reserved_faculty":"AE","reserved":true},"geometry":{"type":"Polygon","coordinates":[[[108,18],[110,18],[110,19],[108,19],[108,18]]]}},{"type":"Feature","properties":{"shelf_id":459,"bookcase_id":77,"shelf_in_case":3,"side":"front","type":"shelf","reserved_name":"AE Expo","reserved_faculty":"AE","reserved":true},"geometry":{"type":"Polygon","coordinates":[[[108,17],[110,17],[110,18],[108,18],[108,17]]]}},{"type":"Feature","properties":{"shelf_id":460,"bookcase_id":77,"shelf_in_case":4,"side":"front","type":"shelf","reserved_name":"AE Expo","reserved_faculty":"AE","reserved":true},"geometry":{"type":"Polygon","coordinates":[[[108,16],[110,16],[110,17],[108,17],[108,16]]]}},{"type":"Feature","properties":{"shelf_id":461,"bookcase_id":77,"shelf_in_case":5,"side":"front","type":"shelf","reserved_name":"AE Expo","reserved_faculty":"AE","reserved":true},"geometry":{"type":"Polygon","coordinates":[[[108,15],[110,15],[110,16],[108,16],[108,15]]]}},{"type":"Feature","properties":{"shelf_id":462,"bookcase_id":77,"shelf_in_case":6,"side":"front","type":"shelf","reserved_name":"AE Expo","reserved_faculty":"AE","reserved":true},"geometry":{"type":"Polygon","coordinates":[[[108,14],[110,14],[110,15],[108,15],[108,14]]]}},{"type":"Feature","properties":{"shelf_id":463,"bookcase_id":78,"shelf_in_case":1,"side":"front","type":"shelf","reserved_name":"AE Expo","reserved_faculty":"AE","reserved":true},"geometry":{"type":"Polygon","coordinates":[[[110,19],[112,19],[112,20],[110,20],[110,19]]]}},{"type":"Feature","properties":{"shelf_id":464,"bookcase_id":78,"shelf_in_case":2,"side":"front","type":"shelf","reserved_name":"AE Expo","reserved_faculty":"AE","reserved":true},"geometry":{"type":"Polygon","coordinates":[[[110,18],[112,18],[112,19],[110,19],[110,18]]]}},{"type":"Feature","properties":{"shelf_id":465,"bookcase_id":78,"shelf_in_case":3,"side":"front","type":"shelf","reserved_name":"AE Expo","reserved_faculty":"AE","reserved":true},"geometry":{"type":"Polygon","coordinates":[[[110,17],[112,17],[112,18],[110,18],[110,17]]]}},{"type":"Feature","properties":{"shelf_id":466,"bookcase_id":78,"shelf_in_case":4,"side":"front","type":"shelf","reserved_name":"AE Expo","reserved_faculty":"AE","reserved":true},"geometry":{"type":"Polygon","coordinates":[[[110,16],[112,16],[112,17],[110,17],[110,16]]]}},{"type":"Feature","properties":{"shelf_id":467,"bookcase_id":78,"shelf_in_case":5,"side":"front","type":"shelf","reserved_name":"AE Expo","reserved_faculty":"AE","reserved":true},"geometry":{"type":"Polygon","coordinates":[[[110,15],[112,15],[112,16],[110,16],[110,15]]]}},{"type":"Feature","properties":{"shelf_id":468,"bookcase_id":78,"shelf_in_case":6,"side":"front","type":"shelf","reserved_name":"AE Expo","reserved_faculty":"AE","reserved":true},"geometry":{"type":"Polygon","coordinates":[[[110,14],[112,14],[112,15],[110,15],[110,14]]]}},{"type":"Feature","properties":{"shelf_id":469,"bookcase_id":79,"shelf_in_case":1,"side":"front","type":"shelf","reserved_name":"AE Expo","reserved_faculty":"AE","reserved":true},"geometry":{"type":"Polygon","coordinates":[[[112,19],[114,19],[114,20],[112,20],[112,19]]]}},{"type":"Feature","properties":{"shelf_id":470,"bookcase_id":79,"shelf_in_case":2,"side":"front","type":"shelf","reserved_name":"AE Expo","reserved_faculty":"AE","reserved":true},"geometry":{"type":"Polygon","coordinates":[[[112,18],[114,18],[114,19],[112,19],[112,18]]]}},{"type":"Feature","properties":{"shelf_id":471,"bookcase_id":79,"shelf_in_case":3,"side":"front","type":"shelf","reserved_name":"AE Expo","reserved_faculty":"AE","reserved":true},"geometry":{"type":"Polygon","coordinates":[[[112,17],[114,17],[114,18],[112,18],[112,17]]]}},{"type":"Feature","properties":{"shelf_id":472,"bookcase_id":79,"shelf_in_case":4,"side":"front","type":"shelf","reserved_name":"AE Expo","reserved_faculty":"AE","reserved":true},"geometry":{"type":"Polygon","coordinates":[[[112,16],[114,16],[114,17],[112,17],[112,16]]]}},{"type":"Feature","properties":{"shelf_id":473,"bookcase_id":79,"shelf_in_case":5,"side":"front","type":"shelf","reserved_name":"AE Expo","reserved_faculty":"AE","reserved":true},"geometry":{"type":"Polygon","coordinates":[[[112,15],[114,15],[114,16],[112,16],[112,15]]]}},{"type":"Feature","properties":{"shelf_id":474,"bookcase_id":79,"shelf_in_case":6,"side":"front","type":"shelf","reserved_name":"AE Expo","reserved_faculty":"AE","reserved":true},"geometry":{"type":"Polygon","coordinates":[[[112,14],[114,14],[114,15],[112,15],[112,14]]]}},{"type":"Feature","properties":{"shelf_id":475,"bookcase_id":80,"shelf_in_case":1,"side":"front","type":"shelf","reserved_name":null,"reserved_faculty":null,"reserved":false},"geometry":{"type":"Polygon","coordinates":[[[0,12],[2,12],[2,13],[0,13],[0,12]]]}},{"type":"Feature","properties":{"shelf_id":476,"bookcase_id":80,"shelf_in_case":2,"side":"front","type":"shelf","reserved_name":null,"reserved_faculty":null,"reserved":false},"geometry":{"type":"Polygon","coordinates":[[[0,11],[2,11],[2,12],[0,12],[0,11]]]}},{"type":"Feature","properties":{"shelf_id":477,"bookcase_id":80,"shelf_in_case":3,"side":"front","type":"shelf","reserved_name":null,"reserved_faculty":null,"reserved":false},"geometry":{"type":"Polygon","coordinates":[[[0,10],[2,10],[2,11],[0,11],[0,10]]]}},{"type":"Feature","properties":{"shelf_id":478,"bookcase_id":80,"shelf_in_case":4,"side":"front","type":"shelf","reserved_name":null,"reserved_faculty":null,"reserved":false},"geometry":{"type":"Polygon","coordinates":[[[0,9],[2,9],[2,10],[0,10],[0,9]]]}},{"type":"Feature","properties":{"shelf_id":479,"bookcase_id":80,"shelf_in_case":5,"side":"front","type":"shelf","reserved_name":null,"reserved_faculty":null,"reserved":false},"geometry":{"type":"Polygon","coordinates":[[[0,8],[2,8],[2,9],[0,9],[0,8]]]}},{"type":"Feature","properties":{"shelf_id":480,"bookcase_id":80,"shelf_in_case":6,"side":"front","type":"shelf","reserved_name":null,"reserved_faculty":null,"reserved":false},"geometry":{"type":"Polygon","coordinates":[[[0,7],[2,7],[2,8],[0,8],[0,7]]]}},{"type":"Feature","properties":{"shelf_id":481,"bookcase_id":81,"shelf_in_case":1,"side":"front","type":"shelf","reserved_name":null,"reserved_faculty":null,"reserved":false},"geometry":{"type":"Polygon","coordinates":[[[2,12],[4,12],[4,13],[2,13],[2,12]]]}},{"type":"Feature","properties":{"shelf_id":482,"bookcase_id":81,"shelf_in_case":2,"side":"front","type":"shelf","reserved_name":null,"reserved_faculty":null,"reserved":false},"geometry":{"type":"Polygon","coordinates":[[[2,11],[4,11],[4,12],[2,12],[2,11]]]}},{"type":"Feature","properties":{"shelf_id":483,"bookcase_id":81,"shelf_in_case":3,"side":"front","type":"shelf","reserved_name":null,"reserved_faculty":null,"reserved":false},"geometry":{"type":"Polygon","coordinates":[[[2,10],[4,10],[4,11],[2,11],[2,10]]]}},{"type":"Feature","properties":{"shelf_id":484,"bookcase_id":81,"shelf_in_case":4,"side":"front","type":"shelf","reserved_name":null,"reserved_faculty":null,"reserved":false},"geometry":{"type":"Polygon","coordinates":[[[2,9],[4,9],[4,10],[2,10],[2,9]]]}},{"type":"Feature","properties":{"shelf_id":485,"bookcase_id":81,"shelf_in_case":5,"side":"front","type":"shelf","reserved_name":null,"reserved_faculty":null,"reserved":false},"geometry":{"type":"Polygon","coordinates":[[[2,8],[4,8],[4,9],[2,9],[2,8]]]}},{"type":"Feature","properties":{"shelf_id":486,"bookcase_id":81,"shelf_in_case":6,"side":"front","type":"shelf","reserved_name":null,"reserved_faculty":null,"reserved":false},"geometry":{"type":"Polygon","coordinates":[[[2,7],[4,7],[4,8],[2,8],[2,7]]]}},{"type":"Feature","properties":{"shelf_id":487,"bookcase_id":82,"shelf_in_case":1,"side":"front","type":"shelf","reserved_name":"BK Expo","reserved_faculty":"BK","reserved":true},"geometry":{"type":"Polygon","coordinates":[[[6,12],[8,12],[8,13],[6,13],[6,12]]]}},{"type":"Feature","properties":{"shelf_id":488,"bookcase_id":82,"shelf_in_case":2,"side":"front","type":"shelf","reserved_name":"BK Expo","reserved_faculty":"BK","reserved":true},"geometry":{"type":"Polygon","coordinates":[[[6,11],[8,11],[8,12],[6,12],[6,11]]]}},{"type":"Feature","properties":{"shelf_id":489,"bookcase_id":82,"shelf_in_case":3,"side":"front","type":"shelf","reserved_name":"BK Expo","reserved_faculty":"BK","reserved":true},"geometry":{"type":"Polygon","coordinates":[[[6,10],[8,10],[8,11],[6,11],[6,10]]]}},{"type":"Feature","properties":{"shelf_id":490,"bookcase_id":82,"shelf_in_case":4,"side":"front","type":"shelf","reserved_name":"BK Expo","reserved_faculty":"BK","reserved":true},"geometry":{"type":"Polygon","coordinates":[[[6,9],[8,9],[8,10],[6,10],[6,9]]]}},{"type":"Feature","properties":{"shelf_id":491,"bookcase_id":82,"shelf_in_case":5,"side":"front","type":"shelf","reserved_name":"BK Expo","reserved_faculty":"BK","reserved":true},"geometry":{"type":"Polygon","coordinates":[[[6,8],[8,8],[8,9],[6,9],[6,8]]]}},{"type":"Feature","properties":{"shelf_id":492,"bookcase_id":82,"shelf_in_case":6,"side":"front","type":"shelf","reserved_name":"BK Expo","reserved_faculty":"BK","reserved":true},"geometry":{"type":"Polygon","coordinates":[[[6,7],[8,7],[8,8],[6,8],[6,7]]]}},{"type":"Feature","properties":{"shelf_id":493,"bookcase_id":83,"shelf_in_case":1,"side":"front","type":"shelf","reserved_name":"BK Expo","reserved_faculty":"BK","reserved":true},"geometry":{"type":"Polygon","coordinates":[[[8,12],[10,12],[10,13],[8,13],[8,12]]]}},{"type":"Feature","properties":{"shelf_id":494,"bookcase_id":83,"shelf_in_case":2,"side":"front","type":"shelf","reserved_name":"BK Expo","reserved_faculty":"BK","reserved":true},"geometry":{"type":"Polygon","coordinates":[[[8,11],[10,11],[10,12],[8,12],[8,11]]]}},{"type":"Feature","properties":{"shelf_id":495,"bookcase_id":83,"shelf_in_case":3,"side":"front","type":"shelf","reserved_name":"BK Expo","reserved_faculty":"BK","reserved":true},"geometry":{"type":"Polygon","coordinates":[[[8,10],[10,10],[10,11],[8,11],[8,10]]]}},{"type":"Feature","properties":{"shelf_id":496,"bookcase_id":83,"shelf_in_case":4,"side":"front","type":"shelf","reserved_name":"BK Expo","reserved_faculty":"BK","reserved":true},"geometry":{"type":"Polygon","coordinates":[[[8,9],[10,9],[10,10],[8,10],[8,9]]]}},{"type":"Feature","properties":{"shelf_id":497,"bookcase_id":83,"shelf_in_case":5,"side":"front","type":"shelf","reserved_name":"BK Expo","reserved_faculty":"BK","reserved":true},"geometry":{"type":"Polygon","coordinates":[[[8,8],[10,8],[10,9],[8,9],[8,8]]]}},{"type":"Feature","properties":{"shelf_id":498,"bookcase_id":83,"shelf_in_case":6,"side":"front","type":"shelf","reserved_name":"BK Expo","reserved_faculty":"BK","reserved":true},"geometry":{"type":"Polygon","coordinates":[[[8,7],[10,7],[10,8],[8,8],[8,7]]]}},{"type":"Feature","properties":{"shelf_id":499,"bookcase_id":84,"shelf_in_case":1,"side":"front","type":"shelf","reserved_name":"BK Expo","reserved_faculty":"BK","reserved":true},"geometry":{"type":"Polygon","coordinates":[[[10,12],[12,12],[12,13],[10,13],[10,12]]]}},{"type":"Feature","properties":{"shelf_id":500,"bookcase_id":84,"shelf_in_case":2,"side":"front","type":"shelf","reserved_name":"BK Expo","reserved_faculty":"BK","reserved":true},"geometry":{"type":"Polygon","coordinates":[[[10,11],[12,11],[12,12],[10,12],[10,11]]]}},{"type":"Feature","properties":{"shelf_id":501,"bookcase_id":84,"shelf_in_case":3,"side":"front","type":"shelf","reserved_name":"BK Expo","reserved_faculty":"BK","reserved":true},"geometry":{"type":"Polygon","coordinates":[[[10,10],[12,10],[12,11],[10,11],[10,10]]]}},{"type":"Feature","properties":{"shelf_id":502,"bookcase_id":84,"shelf_in_case":4,"side":"front","type":"shelf","reserved_name":"BK Expo","reserved_faculty":"BK","reserved":true},"geometry":{"type":"Polygon","coordinates":[[[10,9],[12,9],[12,10],[10,10],[10,9]]]}},{"type":"Feature","properties":{"shelf_id":503,"bookcase_id":84,"shelf_in_case":5,"side":"front","type":"shelf","reserved_name":"BK Expo","reserved_faculty":"BK","reserved":true},"geometry":{"type":"Polygon","coordinates":[[[10,8],[12,8],[12,9],[10,9],[10,8]]]}},{"type":"Feature","properties":{"shelf_id":504,"bookcase_id":84,"shelf_in_case":6,"side":"front","type":"shelf","reserved_name":"BK Expo","reserved_faculty":"BK","reserved":true},"geometry":{"type":"Polygon","coordinates":[[[10,7],[12,7],[12,8],[10,8],[10,7]]]}},{"type":"Feature","properties":{"shelf_id":505,"bookcase_id":85,"shelf_in_case":1,"side":"front","type":"shelf","reserved_name":null,"reserved_faculty":null,"reserved":false},"geometry":{"type":"Polygon","coordinates":[[[12,12],[14,12],[14,13],[12,13],[12,12]]]}},{"type":"Feature","properties":{"shelf_id":506,"bookcase_id":85,"shelf_in_case":2,"side":"front","type":"shelf","reserved_name":null,"reserved_faculty":null,"reserved":false},"geometry":{"type":"Polygon","coordinates":[[[12,11],[14,11],[14,12],[12,12],[12,11]]]}},{"type":"Feature","properties":{"shelf_id":507,"bookcase_id":85,"shelf_in_case":3,"side":"front","type":"shelf","reserved_name":null,"reserved_faculty":null,"reserved":false},"geometry":{"type":"Polygon","coordinates":[[[12,10],[14,10],[14,11],[12,11],[12,10]]]}},{"type":"Feature","properties":{"shelf_id":508,"bookcase_id":85,"shelf_in_case":4,"side":"front","type":"shelf","reserved_name":null,"reserved_faculty":null,"reserved":false},"geometry":{"type":"Polygon","coordinates":[[[12,9],[14,9],[14,10],[12,10],[12,9]]]}},{"type":"Feature","properties":{"shelf_id":509,"bookcase_id":85,"shelf_in_case":5,"side":"front","type":"shelf","reserved_name":null,"reserved_faculty":null,"reserved":false},"geometry":{"type":"Polygon","coordinates":[[[12,8],[14,8],[14,9],[12,9],[12,8]]]}},{"type":"Feature","properties":{"shelf_id":510,"bookcase_id":85,"shelf_in_case":6,"side":"front","type":"shelf","reserved_name":null,"reserved_faculty":null,"reserved":false},"geometry":{"type":"Polygon","coordinates":[[[12,7],[14,7],[14,8],[12,8],[12,7]]]}},{"type":"Feature","properties":{"shelf_id":511,"bookcase_id":86,"shelf_in_case":1,"side":"front","type":"shelf","reserved_name":null,"reserved_faculty":null,"reserved":false},"geometry":{"type":"Polygon","coordinates":[[[14,12],[16,12],[16,13],[14,13],[14,12]]]}},{"type":"Feature","properties":{"shelf_id":512,"bookcase_id":86,"shelf_in_case":2,"side":"front","type":"shelf","reserved_name":null,"reserved_faculty":null,"reserved":false},"geometry":{"type":"Polygon","coordinates":[[[14,11],[16,11],[16,12],[14,12],[14,11]]]}},{"type":"Feature","properties":{"shelf_id":513,"bookcase_id":86,"shelf_in_case":3,"side":"front","type":"shelf","reserved_name":null,"reserved_faculty":null,"reserved":false},"geometry":{"type":"Polygon","coordinates":[[[14,10],[16,10],[16,11],[14,11],[14,10]]]}},{"type":"Feature","properties":{"shelf_id":514,"bookcase_id":86,"shelf_in_case":4,"side":"front","type":"shelf","reserved_name":null,"reserved_faculty":null,"reserved":false},"geometry":{"type":"Polygon","coordinates":[[[14,9],[16,9],[16,10],[14,10],[14,9]]]}},{"type":"Feature","properties":{"shelf_id":515,"bookcase_id":86,"shelf_in_case":5,"side":"front","type":"shelf","reserved_name":null,"reserved_faculty":null,"reserved":false},"geometry":{"type":"Polygon","coordinates":[[[14,8],[16,8],[16,9],[14,9],[14,8]]]}},{"type":"Feature","properties":{"shelf_id":516,"bookcase_id":86,"shelf_in_case":6,"side":"front","type":"shelf","reserved_name":null,"reserved_faculty":null,"reserved":false},"geometry":{"type":"Polygon","coordinates":[[[14,7],[16,7],[16,8],[14,8],[14,7]]]}},{"type":"Feature","properties":{"shelf_id":517,"bookcase_id":87,"shelf_in_case":1,"side":"front","type":"shelf","reserved_name":null,"reserved_faculty":null,"reserved":false},"geometry":{"type":"Polygon","coordinates":[[[16,12],[18,12],[18,13],[16,13],[16,12]]]}},{"type":"Feature","properties":{"shelf_id":518,"bookcase_id":87,"shelf_in_case":2,"side":"front","type":"shelf","reserved_name":null,"reserved_faculty":null,"reserved":false},"geometry":{"type":"Polygon","coordinates":[[[16,11],[18,11],[18,12],[16,12],[16,11]]]}},{"type":"Feature","properties":{"shelf_id":519,"bookcase_id":87,"shelf_in_case":3,"side":"front","type":"shelf","reserved_name":null,"reserved_faculty":null,"reserved":false},"geometry":{"type":"Polygon","coordinates":[[[16,10],[18,10],[18,11],[16,11],[16,10]]]}},{"type":"Feature","properties":{"shelf_id":520,"bookcase_id":87,"shelf_in_case":4,"side":"front","type":"shelf","reserved_name":null,"reserved_faculty":null,"reserved":false},"geometry":{"type":"Polygon","coordinates":[[[16,9],[18,9],[18,10],[16,10],[16,9]]]}},{"type":"Feature","properties":{"shelf_id":521,"bookcase_id":87,"shelf_in_case":5,"side":"front","type":"shelf","reserved_name":null,"reserved_faculty":null,"reserved":false},"geometry":{"type":"Polygon","coordinates":[[[16,8],[18,8],[18,9],[16,9],[16,8]]]}},{"type":"Feature","properties":{"shelf_id":522,"bookcase_id":87,"shelf_in_case":6,"side":"front","type":"shelf","reserved_name":null,"reserved_faculty":null,"reserved":false},"geometry":{"type":"Polygon","coordinates":[[[16,7],[18,7],[18,8],[16,8],[16,7]]]}},{"type":"Feature","properties":{"shelf_id":523,"bookcase_id":88,"shelf_in_case":1,"side":"front","type":"shelf","reserved_name":null,"reserved_faculty":null,"reserved":false},"geometry":{"type":"Polygon","coordinates":[[[18,12],[20,12],[20,13],[18,13],[18,12]]]}},{"type":"Feature","properties":{"shelf_id":524,"bookcase_id":88,"shelf_in_case":2,"side":"front","type":"shelf","reserved_name":null,"reserved_faculty":null,"reserved":false},"geometry":{"type":"Polygon","coordinates":[[[18,11],[20,11],[20,12],[18,12],[18,11]]]}},{"type":"Feature","properties":{"shelf_id":525,"bookcase_id":88,"shelf_in_case":3,"side":"front","type":"shelf","reserved_name":null,"reserved_faculty":null,"reserved":false},"geometry":{"type":"Polygon","coordinates":[[[18,10],[20,10],[20,11],[18,11],[18,10]]]}},{"type":"Feature","properties":{"shelf_id":526,"bookcase_id":88,"shelf_in_case":4,"side":"front","type":"shelf","reserved_name":null,"reserved_faculty":null,"reserved":false},"geometry":{"type":"Polygon","coordinates":[[[18,9],[20,9],[20,10],[18,10],[18,9]]]}},{"type":"Feature","properties":{"shelf_id":527,"bookcase_id":88,"shelf_in_case":5,"side":"front","type":"shelf","reserved_name":null,"reserved_faculty":null,"reserved":false},"geometry":{"type":"Polygon","coordinates":[[[18,8],[20,8],[20,9],[18,9],[18,8]]]}},{"type":"Feature","properties":{"shelf_id":528,"bookcase_id":88,"shelf_in_case":6,"side":"front","type":"shelf","reserved_name":null,"reserved_faculty":null,"reserved":false},"geometry":{"type":"Polygon","coordinates":[[[18,7],[20,7],[20,8],[18,8],[18,7]]]}},{"type":"Feature","properties":{"shelf_id":529,"bookcase_id":89,"shelf_in_case":1,"side":"front","type":"shelf","reserved_name":null,"reserved_faculty":null,"reserved":false},"geometry":{"type":"Polygon","coordinates":[[[20,12],[22,12],[22,13],[20,13],[20,12]]]}},{"type":"Feature","properties":{"shelf_id":530,"bookcase_id":89,"shelf_in_case":2,"side":"front","type":"shelf","reserved_name":null,"reserved_faculty":null,"reserved":false},"geometry":{"type":"Polygon","coordinates":[[[20,11],[22,11],[22,12],[20,12],[20,11]]]}},{"type":"Feature","properties":{"shelf_id":531,"bookcase_id":89,"shelf_in_case":3,"side":"front","type":"shelf","reserved_name":null,"reserved_faculty":null,"reserved":false},"geometry":{"type":"Polygon","coordinates":[[[20,10],[22,10],[22,11],[20,11],[20,10]]]}},{"type":"Feature","properties":{"shelf_id":532,"bookcase_id":89,"shelf_in_case":4,"side":"front","type":"shelf","reserved_name":null,"reserved_faculty":null,"reserved":false},"geometry":{"type":"Polygon","coordinates":[[[20,9],[22,9],[22,10],[20,10],[20,9]]]}},{"type":"Feature","properties":{"shelf_id":533,"bookcase_id":89,"shelf_in_case":5,"side":"front","type":"shelf","reserved_name":null,"reserved_faculty":null,"reserved":false},"geometry":{"type":"Polygon","coordinates":[[[20,8],[22,8],[22,9],[20,9],[20,8]]]}},{"type":"Feature","properties":{"shelf_id":534,"bookcase_id":89,"shelf_in_case":6,"side":"front","type":"shelf","reserved_name":null,"reserved_faculty":null,"reserved":false},"geometry":{"type":"Polygon","coordinates":[[[20,7],[22,7],[22,8],[20,8],[20,7]]]}},{"type":"Feature","properties":{"shelf_id":535,"bookcase_id":90,"shelf_in_case":1,"side":"front","type":"shelf","reserved_name":null,"reserved_faculty":null,"reserved":false},"geometry":{"type":"Polygon","coordinates":[[[22,12],[24,12],[24,13],[22,13],[22,12]]]}},{"type":"Feature","properties":{"shelf_id":536,"bookcase_id":90,"shelf_in_case":2,"side":"front","type":"shelf","reserved_name":null,"reserved_faculty":null,"reserved":false},"geometry":{"type":"Polygon","coordinates":[[[22,11],[24,11],[24,12],[22,12],[22,11]]]}},{"type":"Feature","properties":{"shelf_id":537,"bookcase_id":90,"shelf_in_case":3,"side":"front","type":"shelf","reserved_name":null,"reserved_faculty":null,"reserved":false},"geometry":{"type":"Polygon","coordinates":[[[22,10],[24,10],[24,11],[22,11],[22,10]]]}},{"type":"Feature","properties":{"shelf_id":538,"bookcase_id":90,"shelf_in_case":4,"side":"front","type":"shelf","reserved_name":null,"reserved_faculty":null,"reserved":false},"geometry":{"type":"Polygon","coordinates":[[[22,9],[24,9],[24,10],[22,10],[22,9]]]}},{"type":"Feature","properties":{"shelf_id":539,"bookcase_id":90,"shelf_in_case":5,"side":"front","type":"shelf","reserved_name":null,"reserved_faculty":null,"reserved":false},"geometry":{"type":"Polygon","coordinates":[[[22,8],[24,8],[24,9],[22,9],[22,8]]]}},{"type":"Feature","properties":{"shelf_id":540,"bookcase_id":90,"shelf_in_case":6,"side":"front","type":"shelf","reserved_name":null,"reserved_faculty":null,"reserved":false},"geometry":{"type":"Polygon","coordinates":[[[22,7],[24,7],[24,8],[22,8],[22,7]]]}},{"type":"Feature","properties":{"shelf_id":541,"bookcase_id":91,"shelf_in_case":1,"side":"front","type":"shelf","reserved_name":null,"reserved_faculty":null,"reserved":false},"geometry":{"type":"Polygon","coordinates":[[[24,12],[26,12],[26,13],[24,13],[24,12]]]}},{"type":"Feature","properties":{"shelf_id":542,"bookcase_id":91,"shelf_in_case":2,"side":"front","type":"shelf","reserved_name":null,"reserved_faculty":null,"reserved":false},"geometry":{"type":"Polygon","coordinates":[[[24,11],[26,11],[26,12],[24,12],[24,11]]]}},{"type":"Feature","properties":{"shelf_id":543,"bookcase_id":91,"shelf_in_case":3,"side":"front","type":"shelf","reserved_name":null,"reserved_faculty":null,"reserved":false},"geometry":{"type":"Polygon","coordinates":[[[24,10],[26,10],[26,11],[24,11],[24,10]]]}},{"type":"Feature","properties":{"shelf_id":544,"bookcase_id":91,"shelf_in_case":4,"side":"front","type":"shelf","reserved_name":null,"reserved_faculty":null,"reserved":false},"geometry":{"type":"Polygon","coordinates":[[[24,9],[26,9],[26,10],[24,10],[24,9]]]}},{"type":"Feature","properties":{"shelf_id":545,"bookcase_id":91,"shelf_in_case":5,"side":"front","type":"shelf","reserved_name":null,"reserved_faculty":null,"reserved":false},"geometry":{"type":"Polygon","coordinates":[[[24,8],[26,8],[26,9],[24,9],[24,8]]]}},{"type":"Feature","properties":{"shelf_id":546,"bookcase_id":91,"shelf_in_case":6,"side":"front","type":"shelf","reserved_name":null,"reserved_faculty":null,"reserved":false},"geometry":{"type":"Polygon","coordinates":[[[24,7],[26,7],[26,8],[24,8],[24,7]]]}},{"type":"Feature","properties":{"shelf_id":547,"bookcase_id":92,"shelf_in_case":1,"side":"front","type":"shelf","reserved_name":null,"reserved_faculty":null,"reserved":false},"geometry":{"type":"Polygon","coordinates":[[[26,12],[28,12],[28,13],[26,13],[26,12]]]}},{"type":"Feature","properties":{"shelf_id":548,"bookcase_id":92,"shelf_in_case":2,"side":"front","type":"shelf","reserved_name":null,"reserved_faculty":null,"reserved":false},"geometry":{"type":"Polygon","coordinates":[[[26,11],[28,11],[28,12],[26,12],[26,11]]]}},{"type":"Feature","properties":{"shelf_id":549,"bookcase_id":92,"shelf_in_case":3,"side":"front","type":"shelf","reserved_name":null,"reserved_faculty":null,"reserved":false},"geometry":{"type":"Polygon","coordinates":[[[26,10],[28,10],[28,11],[26,11],[26,10]]]}},{"type":"Feature","properties":{"shelf_id":550,"bookcase_id":92,"shelf_in_case":4,"side":"front","type":"shelf","reserved_name":null,"reserved_faculty":null,"reserved":false},"geometry":{"type":"Polygon","coordinates":[[[26,9],[28,9],[28,10],[26,10],[26,9]]]}},{"type":"Feature","properties":{"shelf_id":551,"bookcase_id":92,"shelf_in_case":5,"side":"front","type":"shelf","reserved_name":null,"reserved_faculty":null,"reserved":false},"geometry":{"type":"Polygon","coordinates":[[[26,8],[28,8],[28,9],[26,9],[26,8]]]}},{"type":"Feature","properties":{"shelf_id":552,"bookcase_id":92,"shelf_in_case":6,"side":"front","type":"shelf","reserved_name":null,"reserved_faculty":null,"reserved":false},"geometry":{"type":"Polygon","coordinates":[[[26,7],[28,7],[28,8],[26,8],[26,7]]]}},{"type":"Feature","properties":{"shelf_id":553,"bookcase_id":93,"shelf_in_case":1,"side":"front","type":"shelf","reserved_name":null,"reserved_faculty":null,"reserved":false},"geometry":{"type":"Polygon","coordinates":[[[28,12],[30,12],[30,13],[28,13],[28,12]]]}},{"type":"Feature","properties":{"shelf_id":554,"bookcase_id":93,"shelf_in_case":2,"side":"front","type":"shelf","reserved_name":null,"reserved_faculty":null,"reserved":false},"geometry":{"type":"Polygon","coordinates":[[[28,11],[30,11],[30,12],[28,12],[28,11]]]}},{"type":"Feature","properties":{"shelf_id":555,"bookcase_id":93,"shelf_in_case":3,"side":"front","type":"shelf","reserved_name":null,"reserved_faculty":null,"reserved":false},"geometry":{"type":"Polygon","coordinates":[[[28,10],[30,10],[30,11],[28,11],[28,10]]]}},{"type":"Feature","properties":{"shelf_id":556,"bookcase_id":93,"shelf_in_case":4,"side":"front","type":"shelf","reserved_name":null,"reserved_faculty":null,"reserved":false},"geometry":{"type":"Polygon","coordinates":[[[28,9],[30,9],[30,10],[28,10],[28,9]]]}},{"type":"Feature","properties":{"shelf_id":557,"bookcase_id":93,"shelf_in_case":5,"side":"front","type":"shelf","reserved_name":null,"reserved_faculty":null,"reserved":false},"geometry":{"type":"Polygon","coordinates":[[[28,8],[30,8],[30,9],[28,9],[28,8]]]}},{"type":"Feature","properties":{"shelf_id":558,"bookcase_id":93,"shelf_in_case":6,"side":"front","type":"shelf","reserved_name":null,"reserved_faculty":null,"reserved":false},"geometry":{"type":"Polygon","coordinates":[[[28,7],[30,7],[30,8],[28,8],[28,7]]]}},{"type":"Feature","properties":{"shelf_id":559,"bookcase_id":94,"shelf_in_case":1,"side":"front","type":"shelf","reserved_name":"IDE Expo","reserved_faculty":"IDE","reserved":true},"geometry":{"type":"Polygon","coordinates":[[[32,12],[34,12],[34,13],[32,13],[32,12]]]}},{"type":"Feature","properties":{"shelf_id":560,"bookcase_id":94,"shelf_in_case":2,"side":"front","type":"shelf","reserved_name":"IDE Expo","reserved_faculty":"IDE","reserved":true},"geometry":{"type":"Polygon","coordinates":[[[32,11],[34,11],[34,12],[32,12],[32,11]]]}},{"type":"Feature","properties":{"shelf_id":561,"bookcase_id":94,"shelf_in_case":3,"side":"front","type":"shelf","reserved_name":"IDE Expo","reserved_faculty":"IDE","reserved":true},"geometry":{"type":"Polygon","coordinates":[[[32,10],[34,10],[34,11],[32,11],[32,10]]]}},{"type":"Feature","properties":{"shelf_id":562,"bookcase_id":94,"shelf_in_case":4,"side":"front","type":"shelf","reserved_name":"IDE Expo","reserved_faculty":"IDE","reserved":true},"geometry":{"type":"Polygon","coordinates":[[[32,9],[34,9],[34,10],[32,10],[32,9]]]}},{"type":"Feature","properties":{"shelf_id":563,"bookcase_id":94,"shelf_in_case":5,"side":"front","type":"shelf","reserved_name":"IDE Expo","reserved_faculty":"IDE","reserved":true},"geometry":{"type":"Polygon","coordinates":[[[32,8],[34,8],[34,9],[32,9],[32,8]]]}},{"type":"Feature","properties":{"shelf_id":564,"bookcase_id":94,"shelf_in_case":6,"side":"front","type":"shelf","reserved_name":"IDE Expo","reserved_faculty":"IDE","reserved":true},"geometry":{"type":"Polygon","coordinates":[[[32,7],[34,7],[34,8],[32,8],[32,7]]]}},{"type":"Feature","properties":{"shelf_id":565,"bookcase_id":95,"shelf_in_case":1,"side":"front","type":"shelf","reserved_name":"IDE Expo","reserved_faculty":"IDE","reserved":true},"geometry":{"type":"Polygon","coordinates":[[[34,12],[36,12],[36,13],[34,13],[34,12]]]}},{"type":"Feature","properties":{"shelf_id":566,"bookcase_id":95,"shelf_in_case":2,"side":"front","type":"shelf","reserved_name":"IDE Expo","reserved_faculty":"IDE","reserved":true},"geometry":{"type":"Polygon","coordinates":[[[34,11],[36,11],[36,12],[34,12],[34,11]]]}},{"type":"Feature","properties":{"shelf_id":567,"bookcase_id":95,"shelf_in_case":3,"side":"front","type":"shelf","reserved_name":"IDE Expo","reserved_faculty":"IDE","reserved":true},"geometry":{"type":"Polygon","coordinates":[[[34,10],[36,10],[36,11],[34,11],[34,10]]]}},{"type":"Feature","properties":{"shelf_id":568,"bookcase_id":95,"shelf_in_case":4,"side":"front","type":"shelf","reserved_name":"IDE Expo","reserved_faculty":"IDE","reserved":true},"geometry":{"type":"Polygon","coordinates":[[[34,9],[36,9],[36,10],[34,10],[34,9]]]}},{"type":"Feature","properties":{"shelf_id":569,"bookcase_id":95,"shelf_in_case":5,"side":"front","type":"shelf","reserved_name":"IDE Expo","reserved_faculty":"IDE","reserved":true},"geometry":{"type":"Polygon","coordinates":[[[34,8],[36,8],[36,9],[34,9],[34,8]]]}},{"type":"Feature","properties":{"shelf_id":570,"bookcase_id":95,"shelf_in_case":6,"side":"front","type":"shelf","reserved_name":"IDE Expo","reserved_faculty":"IDE","reserved":true},"geometry":{"type":"Polygon","coordinates":[[[34,7],[36,7],[36,8],[34,8],[34,7]]]}},{"type":"Feature","properties":{"shelf_id":571,"bookcase_id":96,"shelf_in_case":1,"side":"front","type":"shelf","reserved_name":"IDE Expo","reserved_faculty":"IDE","reserved":true},"geometry":{"type":"Polygon","coordinates":[[[36,12],[38,12],[38,13],[36,13],[36,12]]]}},{"type":"Feature","properties":{"shelf_id":572,"bookcase_id":96,"shelf_in_case":2,"side":"front","type":"shelf","reserved_name":"IDE Expo","reserved_faculty":"IDE","reserved":true},"geometry":{"type":"Polygon","coordinates":[[[36,11],[38,11],[38,12],[36,12],[36,11]]]}},{"type":"Feature","properties":{"shelf_id":573,"bookcase_id":96,"shelf_in_case":3,"side":"front","type":"shelf","reserved_name":"IDE Expo","reserved_faculty":"IDE","reserved":true},"geometry":{"type":"Polygon","coordinates":[[[36,10],[38,10],[38,11],[36,11],[36,10]]]}},{"type":"Feature","properties":{"shelf_id":574,"bookcase_id":96,"shelf_in_case":4,"side":"front","type":"shelf","reserved_name":"IDE Expo","reserved_faculty":"IDE","reserved":true},"geometry":{"type":"Polygon","coordinates":[[[36,9],[38,9],[38,10],[36,10],[36,9]]]}},{"type":"Feature","properties":{"shelf_id":575,"bookcase_id":96,"shelf_in_case":5,"side":"front","type":"shelf","reserved_name":"IDE Expo","reserved_faculty":"IDE","reserved":true},"geometry":{"type":"Polygon","coordinates":[[[36,8],[38,8],[38,9],[36,9],[36,8]]]}},{"type":"Feature","properties":{"shelf_id":576,"bookcase_id":96,"shelf_in_case":6,"side":"front","type":"shelf","reserved_name":"IDE Expo","reserved_faculty":"IDE","reserved":true},"geometry":{"type":"Polygon","coordinates":[[[36,7],[38,7],[38,8],[36,8],[36,7]]]}},{"type":"Feature","properties":{"shelf_id":577,"bookcase_id":97,"shelf_in_case":1,"side":"front","type":"shelf","reserved_name":null,"reserved_faculty":null,"reserved":false},"geometry":{"type":"Polygon","coordinates":[[[38,12],[40,12],[40,13],[38,13],[38,12]]]}},{"type":"Feature","properties":{"shelf_id":578,"bookcase_id":97,"shelf_in_case":2,"side":"front","type":"shelf","reserved_name":null,"reserved_faculty":null,"reserved":false},"geometry":{"type":"Polygon","coordinates":[[[38,11],[40,11],[40,12],[38,12],[38,11]]]}},{"type":"Feature","properties":{"shelf_id":579,"bookcase_id":97,"shelf_in_case":3,"side":"front","type":"shelf","reserved_name":null,"reserved_faculty":null,"reserved":false},"geometry":{"type":"Polygon","coordinates":[[[38,10],[40,10],[40,11],[38,11],[38,10]]]}},{"type":"Feature","properties":{"shelf_id":580,"bookcase_id":97,"shelf_in_case":4,"side":"front","type":"shelf","reserved_name":null,"reserved_faculty":null,"reserved":false},"geometry":{"type":"Polygon","coordinates":[[[38,9],[40,9],[40,10],[38,10],[38,9]]]}},{"type":"Feature","properties":{"shelf_id":581,"bookcase_id":97,"shelf_in_case":5,"side":"front","type":"shelf","reserved_name":null,"reserved_faculty":null,"reserved":false},"geometry":{"type":"Polygon","coordinates":[[[38,8],[40,8],[40,9],[38,9],[38,8]]]}},{"type":"Feature","properties":{"shelf_id":582,"bookcase_id":97,"shelf_in_case":6,"side":"front","type":"shelf","reserved_name":null,"reserved_faculty":null,"reserved":false},"geometry":{"type":"Polygon","coordinates":[[[38,7],[40,7],[40,8],[38,8],[38,7]]]}},{"type":"Feature","properties":{"shelf_id":583,"bookcase_id":98,"shelf_in_case":1,"side":"front","type":"shelf","reserved_name":null,"reserved_faculty":null,"reserved":false},"geometry":{"type":"Polygon","coordinates":[[[40,12],[42,12],[42,13],[40,13],[40,12]]]}},{"type":"Feature","properties":{"shelf_id":584,"bookcase_id":98,"shelf_in_case":2,"side":"front","type":"shelf","reserved_name":null,"reserved_faculty":null,"reserved":false},"geometry":{"type":"Polygon","coordinates":[[[40,11],[42,11],[42,12],[40,12],[40,11]]]}},{"type":"Feature","properties":{"shelf_id":585,"bookcase_id":98,"shelf_in_case":3,"side":"front","type":"shelf","reserved_name":null,"reserved_faculty":null,"reserved":false},"geometry":{"type":"Polygon","coordinates":[[[40,10],[42,10],[42,11],[40,11],[40,10]]]}},{"type":"Feature","properties":{"shelf_id":586,"bookcase_id":98,"shelf_in_case":4,"side":"front","type":"shelf","reserved_name":null,"reserved_faculty":null,"reserved":false},"geometry":{"type":"Polygon","coordinates":[[[40,9],[42,9],[42,10],[40,10],[40,9]]]}},{"type":"Feature","properties":{"shelf_id":587,"bookcase_id":98,"shelf_in_case":5,"side":"front","type":"shelf","reserved_name":null,"reserved_faculty":null,"reserved":false},"geometry":{"type":"Polygon","coordinates":[[[40,8],[42,8],[42,9],[40,9],[40,8]]]}},{"type":"Feature","properties":{"shelf_id":588,"bookcase_id":98,"shelf_in_case":6,"side":"front","type":"shelf","reserved_name":null,"reserved_faculty":null,"reserved":false},"geometry":{"type":"Polygon","coordinates":[[[40,7],[42,7],[42,8],[40,8],[40,7]]]}},{"type":"Feature","properties":{"shelf_id":589,"bookcase_id":99,"shelf_in_case":1,"side":"front","type":"shelf","reserved_name":null,"reserved_faculty":null,"reserved":false},"geometry":{"type":"Polygon","coordinates":[[[42,12],[44,12],[44,13],[42,13],[42,12]]]}},{"type":"Feature","properties":{"shelf_id":590,"bookcase_id":99,"shelf_in_case":2,"side":"front","type":"shelf","reserved_name":null,"reserved_faculty":null,"reserved":false},"geometry":{"type":"Polygon","coordinates":[[[42,11],[44,11],[44,12],[42,12],[42,11]]]}},{"type":"Feature","properties":{"shelf_id":591,"bookcase_id":99,"shelf_in_case":3,"side":"front","type":"shelf","reserved_name":null,"reserved_faculty":null,"reserved":false},"geometry":{"type":"Polygon","coordinates":[[[42,10],[44,10],[44,11],[42,11],[42,10]]]}},{"type":"Feature","properties":{"shelf_id":592,"bookcase_id":99,"shelf_in_case":4,"side":"front","type":"shelf","reserved_name":null,"reserved_faculty":null,"reserved":false},"geometry":{"type":"Polygon","coordinates":[[[42,9],[44,9],[44,10],[42,10],[42,9]]]}},{"type":"Feature","properties":{"shelf_id":593,"bookcase_id":99,"shelf_in_case":5,"side":"front","type":"shelf","reserved_name":null,"reserved_faculty":null,"reserved":false},"geometry":{"type":"Polygon","coordinates":[[[42,8],[44,8],[44,9],[42,9],[42,8]]]}},{"type":"Feature","properties":{"shelf_id":594,"bookcase_id":99,"shelf_in_case":6,"side":"front","type":"shelf","reserved_name":null,"reserved_faculty":null,"reserved":false},"geometry":{"type":"Polygon","coordinates":[[[42,7],[44,7],[44,8],[42,8],[42,7]]]}},{"type":"Feature","properties":{"shelf_id":595,"bookcase_id":100,"shelf_in_case":1,"side":"front","type":"shelf","reserved_name":null,"reserved_faculty":null,"reserved":false},"geometry":{"type":"Polygon","coordinates":[[[44,12],[46,12],[46,13],[44,13],[44,12]]]}},{"type":"Feature","properties":{"shelf_id":596,"bookcase_id":100,"shelf_in_case":2,"side":"front","type":"shelf","reserved_name":null,"reserved_faculty":null,"reserved":false},"geometry":{"type":"Polygon","coordinates":[[[44,11],[46,11],[46,12],[44,12],[44,11]]]}},{"type":"Feature","properties":{"shelf_id":597,"bookcase_id":100,"shelf_in_case":3,"side":"front","type":"shelf","reserved_name":null,"reserved_faculty":null,"reserved":false},"geometry":{"type":"Polygon","coordinates":[[[44,10],[46,10],[46,11],[44,11],[44,10]]]}},{"type":"Feature","properties":{"shelf_id":598,"bookcase_id":100,"shelf_in_case":4,"side":"front","type":"shelf","reserved_name":null,"reserved_faculty":null,"reserved":false},"geometry":{"type":"Polygon","coordinates":[[[44,9],[46,9],[46,10],[44,10],[44,9]]]}},{"type":"Feature","properties":{"shelf_id":599,"bookcase_id":100,"shelf_in_case":5,"side":"front","type":"shelf","reserved_name":null,"reserved_faculty":null,"reserved":false},"geometry":{"type":"Polygon","coordinates":[[[44,8],[46,8],[46,9],[44,9],[44,8]]]}},{"type":"Feature","properties":{"shelf_id":600,"bookcase_id":100,"shelf_in_case":6,"side":"front","type":"shelf","reserved_name":null,"reserved_faculty":null,"reserved":false},"geometry":{"type":"Polygon","coordinates":[[[44,7],[46,7],[46,8],[44,8],[44,7]]]}},{"type":"Feature","properties":{"shelf_id":601,"bookcase_id":101,"shelf_in_case":1,"side":"front","type":"shelf","reserved_name":null,"reserved_faculty":null,"reserved":false},"geometry":{"type":"Polygon","coordinates":[[[46,12],[48,12],[48,13],[46,13],[46,12]]]}},{"type":"Feature","properties":{"shelf_id":602,"bookcase_id":101,"shelf_in_case":2,"side":"front","type":"shelf","reserved_name":null,"reserved_faculty":null,"reserved":false},"geometry":{"type":"Polygon","coordinates":[[[46,11],[48,11],[48,12],[46,12],[46,11]]]}},{"type":"Feature","properties":{"shelf_id":603,"bookcase_id":101,"shelf_in_case":3,"side":"front","type":"shelf","reserved_name":null,"reserved_faculty":null,"reserved":false},"geometry":{"type":"Polygon","coordinates":[[[46,10],[48,10],[48,11],[46,11],[46,10]]]}},{"type":"Feature","properties":{"shelf_id":604,"bookcase_id":101,"shelf_in_case":4,"side":"front","type":"shelf","reserved_name":null,"reserved_faculty":null,"reserved":false},"geometry":{"type":"Polygon","coordinates":[[[46,9],[48,9],[48,10],[46,10],[46,9]]]}},{"type":"Feature","properties":{"shelf_id":605,"bookcase_id":101,"shelf_in_case":5,"side":"front","type":"shelf","reserved_name":null,"reserved_faculty":null,"reserved":false},"geometry":{"type":"Polygon","coordinates":[[[46,8],[48,8],[48,9],[46,9],[46,8]]]}},{"type":"Feature","properties":{"shelf_id":606,"bookcase_id":101,"shelf_in_case":6,"side":"front","type":"shelf","reserved_name":null,"reserved_faculty":null,"reserved":false},"geometry":{"type":"Polygon","coordinates":[[[46,7],[48,7],[48,8],[46,8],[46,7]]]}},{"type":"Feature","properties":{"shelf_id":607,"bookcase_id":102,"shelf_in_case":1,"side":"front","type":"shelf","reserved_name":null,"reserved_faculty":null,"reserved":false},"geometry":{"type":"Polygon","coordinates":[[[48,12],[50,12],[50,13],[48,13],[48,12]]]}},{"type":"Feature","properties":{"shelf_id":608,"bookcase_id":102,"shelf_in_case":2,"side":"front","type":"shelf","reserved_name":null,"reserved_faculty":null,"reserved":false},"geometry":{"type":"Polygon","coordinates":[[[48,11],[50,11],[50,12],[48,12],[48,11]]]}},{"type":"Feature","properties":{"shelf_id":609,"bookcase_id":102,"shelf_in_case":3,"side":"front","type":"shelf","reserved_name":null,"reserved_faculty":null,"reserved":false},"geometry":{"type":"Polygon","coordinates":[[[48,10],[50,10],[50,11],[48,11],[48,10]]]}},{"type":"Feature","properties":{"shelf_id":610,"bookcase_id":102,"shelf_in_case":4,"side":"front","type":"shelf","reserved_name":null,"reserved_faculty":null,"reserved":false},"geometry":{"type":"Polygon","coordinates":[[[48,9],[50,9],[50,10],[48,10],[48,9]]]}},{"type":"Feature","properties":{"shelf_id":611,"bookcase_id":102,"shelf_in_case":5,"side":"front","type":"shelf","reserved_name":null,"reserved_faculty":null,"reserved":false},"geometry":{"type":"Polygon","coordinates":[[[48,8],[50,8],[50,9],[48,9],[48,8]]]}},{"type":"Feature","properties":{"shelf_id":612,"bookcase_id":102,"shelf_in_case":6,"side":"front","type":"shelf","reserved_name":null,"reserved_faculty":null,"reserved":false},"geometry":{"type":"Polygon","coordinates":[[[48,7],[50,7],[50,8],[48,8],[48,7]]]}},{"type":"Feature","properties":{"shelf_id":613,"bookcase_id":103,"shelf_in_case":1,"side":"front","type":"shelf","reserved_name":null,"reserved_faculty":null,"reserved":false},"geometry":{"type":"Polygon","coordinates":[[[50,12],[52,12],[52,13],[50,13],[50,12]]]}},{"type":"Feature","properties":{"shelf_id":614,"bookcase_id":103,"shelf_in_case":2,"side":"front","type":"shelf","reserved_name":null,"reserved_faculty":null,"reserved":false},"geometry":{"type":"Polygon","coordinates":[[[50,11],[52,11],[52,12],[50,12],[50,11]]]}},{"type":"Feature","properties":{"shelf_id":615,"bookcase_id":103,"shelf_in_case":3,"side":"front","type":"shelf","reserved_name":null,"reserved_faculty":null,"reserved":false},"geometry":{"type":"Polygon","coordinates":[[[50,10],[52,10],[52,11],[50,11],[50,10]]]}},{"type":"Feature","properties":{"shelf_id":616,"bookcase_id":103,"shelf_in_case":4,"side":"front","type":"shelf","reserved_name":null,"reserved_faculty":null,"reserved":false},"geometry":{"type":"Polygon","coordinates":[[[50,9],[52,9],[52,10],[50,10],[50,9]]]}},{"type":"Feature","properties":{"shelf_id":617,"bookcase_id":103,"shelf_in_case":5,"side":"front","type":"shelf","reserved_name":null,"reserved_faculty":null,"reserved":false},"geometry":{"type":"Polygon","coordinates":[[[50,8],[52,8],[52,9],[50,9],[50,8]]]}},{"type":"Feature","properties":{"shelf_id":618,"bookcase_id":103,"shelf_in_case":6,"side":"front","type":"shelf","reserved_name":null,"reserved_faculty":null,"reserved":false},"geometry":{"type":"Polygon","coordinates":[[[50,7],[52,7],[52,8],[50,8],[50,7]]]}},{"type":"Feature","properties":{"shelf_id":619,"bookcase_id":104,"shelf_in_case":1,"side":"front","type":"shelf","reserved_name":null,"reserved_faculty":null,"reserved":false},"geometry":{"type":"Polygon","coordinates":[[[52,12],[54,12],[54,13],[52,13],[52,12]]]}},{"type":"Feature","properties":{"shelf_id":620,"bookcase_id":104,"shelf_in_case":2,"side":"front","type":"shelf","reserved_name":null,"reserved_faculty":null,"reserved":false},"geometry":{"type":"Polygon","coordinates":[[[52,11],[54,11],[54,12],[52,12],[52,11]]]}},{"type":"Feature","properties":{"shelf_id":621,"bookcase_id":104,"shelf_in_case":3,"side":"front","type":"shelf","reserved_name":null,"reserved_faculty":null,"reserved":false},"geometry":{"type":"Polygon","coordinates":[[[52,10],[54,10],[54,11],[52,11],[52,10]]]}},{"type":"Feature","properties":{"shelf_id":622,"bookcase_id":104,"shelf_in_case":4,"side":"front","type":"shelf","reserved_name":null,"reserved_faculty":null,"reserved":false},"geometry":{"type":"Polygon","coordinates":[[[52,9],[54,9],[54,10],[52,10],[52,9]]]}},{"type":"Feature","properties":{"shelf_id":623,"bookcase_id":104,"shelf_in_case":5,"side":"front","type":"shelf","reserved_name":null,"reserved_faculty":null,"reserved":false},"geometry":{"type":"Polygon","coordinates":[[[52,8],[54,8],[54,9],[52,9],[52,8]]]}},{"type":"Feature","properties":{"shelf_id":624,"bookcase_id":104,"shelf_in_case":6,"side":"front","type":"shelf","reserved_name":null,"reserved_faculty":null,"reserved":false},"geometry":{"type":"Polygon","coordinates":[[[52,7],[54,7],[54,8],[52,8],[52,7]]]}},{"type":"Feature","properties":{"shelf_id":625,"bookcase_id":105,"shelf_in_case":1,"side":"front","type":"shelf","reserved_name":null,"reserved_faculty":null,"reserved":false},"geometry":{"type":"Polygon","coordinates":[[[54,12],[56,12],[56,13],[54,13],[54,12]]]}},{"type":"Feature","properties":{"shelf_id":626,"bookcase_id":105,"shelf_in_case":2,"side":"front","type":"shelf","reserved_name":null,"reserved_faculty":null,"reserved":false},"geometry":{"type":"Polygon","coordinates":[[[54,11],[56,11],[56,12],[54,12],[54,11]]]}},{"type":"Feature","properties":{"shelf_id":627,"bookcase_id":105,"shelf_in_case":3,"side":"front","type":"shelf","reserved_name":null,"reserved_faculty":null,"reserved":false},"geometry":{"type":"Polygon","coordinates":[[[54,10],[56,10],[56,11],[54,11],[54,10]]]}},{"type":"Feature","properties":{"shelf_id":628,"bookcase_id":105,"shelf_in_case":4,"side":"front","type":"shelf","reserved_name":null,"reserved_faculty":null,"reserved":false},"geometry":{"type":"Polygon","coordinates":[[[54,9],[56,9],[56,10],[54,10],[54,9]]]}},{"type":"Feature","properties":{"shelf_id":629,"bookcase_id":105,"shelf_in_case":5,"side":"front","type":"shelf","reserved_name":null,"reserved_faculty":null,"reserved":false},"geometry":{"type":"Polygon","coordinates":[[[54,8],[56,8],[56,9],[54,9],[54,8]]]}},{"type":"Feature","properties":{"shelf_id":630,"bookcase_id":105,"shelf_in_case":6,"side":"front","type":"shelf","reserved_name":null,"reserved_faculty":null,"reserved":false},"geometry":{"type":"Polygon","coordinates":[[[54,7],[56,7],[56,8],[54,8],[54,7]]]}},{"type":"Feature","properties":{"shelf_id":631,"bookcase_id":106,"shelf_in_case":1,"side":"front","type":"shelf","reserved_name":null,"reserved_faculty":null,"reserved":false},"geometry":{"type":"Polygon","coordinates":[[[58,12],[60,12],[60,13],[58,13],[58,12]]]}},{"type":"Feature","properties":{"shelf_id":632,"bookcase_id":106,"shelf_in_case":2,"side":"front","type":"shelf","reserved_name":null,"reserved_faculty":null,"reserved":false},"geometry":{"type":"Polygon","coordinates":[[[58,11],[60,11],[60,12],[58,12],[58,11]]]}},{"type":"Feature","properties":{"shelf_id":633,"bookcase_id":106,"shelf_in_case":3,"side":"front","type":"shelf","reserved_name":null,"reserved_faculty":null,"reserved":false},"geometry":{"type":"Polygon","coordinates":[[[58,10],[60,10],[60,11],[58,11],[58,10]]]}},{"type":"Feature","properties":{"shelf_id":634,"bookcase_id":106,"shelf_in_case":4,"side":"front","type":"shelf","reserved_name":null,"reserved_faculty":null,"reserved":false},"geometry":{"type":"Polygon","coordinates":[[[58,9],[60,9],[60,10],[58,10],[58,9]]]}},{"type":"Feature","properties":{"shelf_id":635,"bookcase_id":106,"shelf_in_case":5,"side":"front","type":"shelf","reserved_name":null,"reserved_faculty":null,"reserved":false},"geometry":{"type":"Polygon","coordinates":[[[58,8],[60,8],[60,9],[58,9],[58,8]]]}},{"type":"Feature","properties":{"shelf_id":636,"bookcase_id":106,"shelf_in_case":6,"side":"front","type":"shelf","reserved_name":null,"reserved_faculty":null,"reserved":false},"geometry":{"type":"Polygon","coordinates":[[[58,7],[60,7],[60,8],[58,8],[58,7]]]}},{"type":"Feature","properties":{"shelf_id":637,"bookcase_id":107,"shelf_in_case":1,"side":"front","type":"shelf","reserved_name":null,"reserved_faculty":null,"reserved":false},"geometry":{"type":"Polygon","coordinates":[[[60,12],[62,12],[62,13],[60,13],[60,12]]]}},{"type":"Feature","properties":{"shelf_id":638,"bookcase_id":107,"shelf_in_case":2,"side":"front","type":"shelf","reserved_name":null,"reserved_faculty":null,"reserved":false},"geometry":{"type":"Polygon","coordinates":[[[60,11],[62,11],[62,12],[60,12],[60,11]]]}},{"type":"Feature","properties":{"shelf_id":639,"bookcase_id":107,"shelf_in_case":3,"side":"front","type":"shelf","reserved_name":null,"reserved_faculty":null,"reserved":false},"geometry":{"type":"Polygon","coordinates":[[[60,10],[62,10],[62,11],[60,11],[60,10]]]}},{"type":"Feature","properties":{"shelf_id":640,"bookcase_id":107,"shelf_in_case":4,"side":"front","type":"shelf","reserved_name":null,"reserved_faculty":null,"reserved":false},"geometry":{"type":"Polygon","coordinates":[[[60,9],[62,9],[62,10],[60,10],[60,9]]]}},{"type":"Feature","properties":{"shelf_id":641,"bookcase_id":107,"shelf_in_case":5,"side":"front","type":"shelf","reserved_name":null,"reserved_faculty":null,"reserved":false},"geometry":{"type":"Polygon","coordinates":[[[60,8],[62,8],[62,9],[60,9],[60,8]]]}},{"type":"Feature","properties":{"shelf_id":642,"bookcase_id":107,"shelf_in_case":6,"side":"front","type":"shelf","reserved_name":null,"reserved_faculty":null,"reserved":false},"geometry":{"type":"Polygon","coordinates":[[[60,7],[62,7],[62,8],[60,8],[60,7]]]}},{"type":"Feature","properties":{"shelf_id":643,"bookcase_id":108,"shelf_in_case":1,"side":"front","type":"shelf","reserved_name":null,"reserved_faculty":null,"reserved":false},"geometry":{"type":"Polygon","coordinates":[[[62,12],[64,12],[64,13],[62,13],[62,12]]]}},{"type":"Feature","properties":{"shelf_id":644,"bookcase_id":108,"shelf_in_case":2,"side":"front","type":"shelf","reserved_name":null,"reserved_faculty":null,"reserved":false},"geometry":{"type":"Polygon","coordinates":[[[62,11],[64,11],[64,12],[62,12],[62,11]]]}},{"type":"Feature","properties":{"shelf_id":645,"bookcase_id":108,"shelf_in_case":3,"side":"front","type":"shelf","reserved_name":null,"reserved_faculty":null,"reserved":false},"geometry":{"type":"Polygon","coordinates":[[[62,10],[64,10],[64,11],[62,11],[62,10]]]}},{"type":"Feature","properties":{"shelf_id":646,"bookcase_id":108,"shelf_in_case":4,"side":"front","type":"shelf","reserved_name":null,"reserved_faculty":null,"reserved":false},"geometry":{"type":"Polygon","coordinates":[[[62,9],[64,9],[64,10],[62,10],[62,9]]]}},{"type":"Feature","properties":{"shelf_id":647,"bookcase_id":108,"shelf_in_case":5,"side":"front","type":"shelf","reserved_name":null,"reserved_faculty":null,"reserved":false},"geometry":{"type":"Polygon","coordinates":[[[62,8],[64,8],[64,9],[62,9],[62,8]]]}},{"type":"Feature","properties":{"shelf_id":648,"bookcase_id":108,"shelf_in_case":6,"side":"front","type":"shelf","reserved_name":null,"reserved_faculty":null,"reserved":false},"geometry":{"type":"Polygon","coordinates":[[[62,7],[64,7],[64,8],[62,8],[62,7]]]}},{"type":"Feature","properties":{"shelf_id":649,"bookcase_id":109,"shelf_in_case":1,"side":"front","type":"shelf","reserved_name":null,"reserved_faculty":null,"reserved":false},"geometry":{"type":"Polygon","coordinates":[[[64,12],[66,12],[66,13],[64,13],[64,12]]]}},{"type":"Feature","properties":{"shelf_id":650,"bookcase_id":109,"shelf_in_case":2,"side":"front","type":"shelf","reserved_name":null,"reserved_faculty":null,"reserved":false},"geometry":{"type":"Polygon","coordinates":[[[64,11],[66,11],[66,12],[64,12],[64,11]]]}},{"type":"Feature","properties":{"shelf_id":651,"bookcase_id":109,"shelf_in_case":3,"side":"front","type":"shelf","reserved_name":null,"reserved_faculty":null,"reserved":false},"geometry":{"type":"Polygon","coordinates":[[[64,10],[66,10],[66,11],[64,11],[64,10]]]}},{"type":"Feature","properties":{"shelf_id":652,"bookcase_id":109,"shelf_in_case":4,"side":"front","type":"shelf","reserved_name":null,"reserved_faculty":null,"reserved":false},"geometry":{"type":"Polygon","coordinates":[[[64,9],[66,9],[66,10],[64,10],[64,9]]]}},{"type":"Feature","properties":{"shelf_id":653,"bookcase_id":109,"shelf_in_case":5,"side":"front","type":"shelf","reserved_name":null,"reserved_faculty":null,"reserved":false},"geometry":{"type":"Polygon","coordinates":[[[64,8],[66,8],[66,9],[64,9],[64,8]]]}},{"type":"Feature","properties":{"shelf_id":654,"bookcase_id":109,"shelf_in_case":6,"side":"front","type":"shelf","reserved_name":null,"reserved_faculty":null,"reserved":false},"geometry":{"type":"Polygon","coordinates":[[[64,7],[66,7],[66,8],[64,8],[64,7]]]}},{"type":"Feature","properties":{"shelf_id":655,"bookcase_id":110,"shelf_in_case":1,"side":"front","type":"shelf","reserved_name":null,"reserved_faculty":null,"reserved":false},"geometry":{"type":"Polygon","coordinates":[[[66,12],[68,12],[68,13],[66,13],[66,12]]]}},{"type":"Feature","properties":{"shelf_id":656,"bookcase_id":110,"shelf_in_case":2,"side":"front","type":"shelf","reserved_name":null,"reserved_faculty":null,"reserved":false},"geometry":{"type":"Polygon","coordinates":[[[66,11],[68,11],[68,12],[66,12],[66,11]]]}},{"type":"Feature","properties":{"shelf_id":657,"bookcase_id":110,"shelf_in_case":3,"side":"front","type":"shelf","reserved_name":null,"reserved_faculty":null,"reserved":false},"geometry":{"type":"Polygon","coordinates":[[[66,10],[68,10],[68,11],[66,11],[66,10]]]}},{"type":"Feature","properties":{"shelf_id":658,"bookcase_id":110,"shelf_in_case":4,"side":"front","type":"shelf","reserved_name":null,"reserved_faculty":null,"reserved":false},"geometry":{"type":"Polygon","coordinates":[[[66,9],[68,9],[68,10],[66,10],[66,9]]]}},{"type":"Feature","properties":{"shelf_id":659,"bookcase_id":110,"shelf_in_case":5,"side":"front","type":"shelf","reserved_name":null,"reserved_faculty":null,"reserved":false},"geometry":{"type":"Polygon","coordinates":[[[66,8],[68,8],[68,9],[66,9],[66,8]]]}},{"type":"Feature","properties":{"shelf_id":660,"bookcase_id":110,"shelf_in_case":6,"side":"front","type":"shelf","reserved_name":null,"reserved_faculty":null,"reserved":false},"geometry":{"type":"Polygon","coordinates":[[[66,7],[68,7],[68,8],[66,8],[66,7]]]}},{"type":"Feature","properties":{"shelf_id":661,"bookcase_id":111,"shelf_in_case":1,"side":"front","type":"shelf","reserved_name":null,"reserved_faculty":null,"reserved":false},"geometry":{"type":"Polygon","coordinates":[[[68,12],[70,12],[70,13],[68,13],[68,12]]]}},{"type":"Feature","properties":{"shelf_id":662,"bookcase_id":111,"shelf_in_case":2,"side":"front","type":"shelf","reserved_name":null,"reserved_faculty":null,"reserved":false},"geometry":{"type":"Polygon","coordinates":[[[68,11],[70,11],[70,12],[68,12],[68,11]]]}},{"type":"Feature","properties":{"shelf_id":663,"bookcase_id":111,"shelf_in_case":3,"side":"front","type":"shelf","reserved_name":null,"reserved_faculty":null,"reserved":false},"geometry":{"type":"Polygon","coordinates":[[[68,10],[70,10],[70,11],[68,11],[68,10]]]}},{"type":"Feature","properties":{"shelf_id":664,"bookcase_id":111,"shelf_in_case":4,"side":"front","type":"shelf","reserved_name":null,"reserved_faculty":null,"reserved":false},"geometry":{"type":"Polygon","coordinates":[[[68,9],[70,9],[70,10],[68,10],[68,9]]]}},{"type":"Feature","properties":{"shelf_id":665,"bookcase_id":111,"shelf_in_case":5,"side":"front","type":"shelf","reserved_name":null,"reserved_faculty":null,"reserved":false},"geometry":{"type":"Polygon","coordinates":[[[68,8],[70,8],[70,9],[68,9],[68,8]]]}},{"type":"Feature","properties":{"shelf_id":666,"bookcase_id":111,"shelf_in_case":6,"side":"front","type":"shelf","reserved_name":null,"reserved_faculty":null,"reserved":false},"geometry":{"type":"Polygon","coordinates":[[[68,7],[70,7],[70,8],[68,8],[68,7]]]}},{"type":"Feature","properties":{"shelf_id":667,"bookcase_id":112,"shelf_in_case":1,"side":"front","type":"shelf","reserved_name":null,"reserved_faculty":null,"reserved":false},"geometry":{"type":"Polygon","coordinates":[[[70,12],[72,12],[72,13],[70,13],[70,12]]]}},{"type":"Feature","properties":{"shelf_id":668,"bookcase_id":112,"shelf_in_case":2,"side":"front","type":"shelf","reserved_name":null,"reserved_faculty":null,"reserved":false},"geometry":{"type":"Polygon","coordinates":[[[70,11],[72,11],[72,12],[70,12],[70,11]]]}},{"type":"Feature","properties":{"shelf_id":669,"bookcase_id":112,"shelf_in_case":3,"side":"front","type":"shelf","reserved_name":null,"reserved_faculty":null,"reserved":false},"geometry":{"type":"Polygon","coordinates":[[[70,10],[72,10],[72,11],[70,11],[70,10]]]}},{"type":"Feature","properties":{"shelf_id":670,"bookcase_id":112,"shelf_in_case":4,"side":"front","type":"shelf","reserved_name":null,"reserved_faculty":null,"reserved":false},"geometry":{"type":"Polygon","coordinates":[[[70,9],[72,9],[72,10],[70,10],[70,9]]]}},{"type":"Feature","properties":{"shelf_id":671,"bookcase_id":112,"shelf_in_case":5,"side":"front","type":"shelf","reserved_name":null,"reserved_faculty":null,"reserved":false},"geometry":{"type":"Polygon","coordinates":[[[70,8],[72,8],[72,9],[70,9],[70,8]]]}},{"type":"Feature","properties":{"shelf_id":672,"bookcase_id":112,"shelf_in_case":6,"side":"front","type":"shelf","reserved_name":null,"reserved_faculty":null,"reserved":false},"geometry":{"type":"Polygon","coordinates":[[[70,7],[72,7],[72,8],[70,8],[70,7]]]}},{"type":"Feature","properties":{"shelf_id":673,"bookcase_id":113,"shelf_in_case":1,"side":"front","type":"shelf","reserved_name":null,"reserved_faculty":null,"reserved":false},"geometry":{"type":"Polygon","coordinates":[[[72,12],[74,12],[74,13],[72,13],[72,12]]]}},{"type":"Feature","properties":{"shelf_id":674,"bookcase_id":113,"shelf_in_case":2,"side":"front","type":"shelf","reserved_name":null,"reserved_faculty":null,"reserved":false},"geometry":{"type":"Polygon","coordinates":[[[72,11],[74,11],[74,12],[72,12],[72,11]]]}},{"type":"Feature","properties":{"shelf_id":675,"bookcase_id":113,"shelf_in_case":3,"side":"front","type":"shelf","reserved_name":null,"reserved_faculty":null,"reserved":false},"geometry":{"type":"Polygon","coordinates":[[[72,10],[74,10],[74,11],[72,11],[72,10]]]}},{"type":"Feature","properties":{"shelf_id":676,"bookcase_id":113,"shelf_in_case":4,"side":"front","type":"shelf","reserved_name":null,"reserved_faculty":null,"reserved":false},"geometry":{"type":"Polygon","coordinates":[[[72,9],[74,9],[74,10],[72,10],[72,9]]]}},{"type":"Feature","properties":{"shelf_id":677,"bookcase_id":113,"shelf_in_case":5,"side":"front","type":"shelf","reserved_name":null,"reserved_faculty":null,"reserved":false},"geometry":{"type":"Polygon","coordinates":[[[72,8],[74,8],[74,9],[72,9],[72,8]]]}},{"type":"Feature","properties":{"shelf_id":678,"bookcase_id":113,"shelf_in_case":6,"side":"front","type":"shelf","reserved_name":null,"reserved_faculty":null,"reserved":false},"geometry":{"type":"Polygon","coordinates":[[[72,7],[74,7],[74,8],[72,8],[72,7]]]}},{"type":"Feature","properties":{"shelf_id":679,"bookcase_id":114,"shelf_in_case":1,"side":"front","type":"shelf","reserved_name":null,"reserved_faculty":null,"reserved":false},"geometry":{"type":"Polygon","coordinates":[[[74,12],[76,12],[76,13],[74,13],[74,12]]]}},{"type":"Feature","properties":{"shelf_id":680,"bookcase_id":114,"shelf_in_case":2,"side":"front","type":"shelf","reserved_name":null,"reserved_faculty":null,"reserved":false},"geometry":{"type":"Polygon","coordinates":[[[74,11],[76,11],[76,12],[74,12],[74,11]]]}},{"type":"Feature","properties":{"shelf_id":681,"bookcase_id":114,"shelf_in_case":3,"side":"front","type":"shelf","reserved_name":null,"reserved_faculty":null,"reserved":false},"geometry":{"type":"Polygon","coordinates":[[[74,10],[76,10],[76,11],[74,11],[74,10]]]}},{"type":"Feature","properties":{"shelf_id":682,"bookcase_id":114,"shelf_in_case":4,"side":"front","type":"shelf","reserved_name":null,"reserved_faculty":null,"reserved":false},"geometry":{"type":"Polygon","coordinates":[[[74,9],[76,9],[76,10],[74,10],[74,9]]]}},{"type":"Feature","properties":{"shelf_id":683,"bookcase_id":114,"shelf_in_case":5,"side":"front","type":"shelf","reserved_name":null,"reserved_faculty":null,"reserved":false},"geometry":{"type":"Polygon","coordinates":[[[74,8],[76,8],[76,9],[74,9],[74,8]]]}},{"type":"Feature","properties":{"shelf_id":684,"bookcase_id":114,"shelf_in_case":6,"side":"front","type":"shelf","reserved_name":null,"reserved_faculty":null,"reserved":false},"geometry":{"type":"Polygon","coordinates":[[[74,7],[76,7],[76,8],[74,8],[74,7]]]}},{"type":"Feature","properties":{"shelf_id":685,"bookcase_id":115,"shelf_in_case":1,"side":"front","type":"shelf","reserved_name":null,"reserved_faculty":null,"reserved":false},"geometry":{"type":"Polygon","coordinates":[[[82,12],[84,12],[84,13],[82,13],[82,12]]]}},{"type":"Feature","properties":{"shelf_id":686,"bookcase_id":115,"shelf_in_case":2,"side":"front","type":"shelf","reserved_name":null,"reserved_faculty":null,"reserved":false},"geometry":{"type":"Polygon","coordinates":[[[82,11],[84,11],[84,12],[82,12],[82,11]]]}},{"type":"Feature","properties":{"shelf_id":687,"bookcase_id":115,"shelf_in_case":3,"side":"front","type":"shelf","reserved_name":null,"reserved_faculty":null,"reserved":false},"geometry":{"type":"Polygon","coordinates":[[[82,10],[84,10],[84,11],[82,11],[82,10]]]}},{"type":"Feature","properties":{"shelf_id":688,"bookcase_id":115,"shelf_in_case":4,"side":"front","type":"shelf","reserved_name":null,"reserved_faculty":null,"reserved":false},"geometry":{"type":"Polygon","coordinates":[[[82,9],[84,9],[84,10],[82,10],[82,9]]]}},{"type":"Feature","properties":{"shelf_id":689,"bookcase_id":115,"shelf_in_case":5,"side":"front","type":"shelf","reserved_name":null,"reserved_faculty":null,"reserved":false},"geometry":{"type":"Polygon","coordinates":[[[82,8],[84,8],[84,9],[82,9],[82,8]]]}},{"type":"Feature","properties":{"shelf_id":690,"bookcase_id":115,"shelf_in_case":6,"side":"front","type":"shelf","reserved_name":null,"reserved_faculty":null,"reserved":false},"geometry":{"type":"Polygon","coordinates":[[[82,7],[84,7],[84,8],[82,8],[82,7]]]}},{"type":"Feature","properties":{"shelf_id":691,"bookcase_id":116,"shelf_in_case":1,"side":"front","type":"shelf","reserved_name":null,"reserved_faculty":null,"reserved":false},"geometry":{"type":"Polygon","coordinates":[[[84,12],[86,12],[86,13],[84,13],[84,12]]]}},{"type":"Feature","properties":{"shelf_id":692,"bookcase_id":116,"shelf_in_case":2,"side":"front","type":"shelf","reserved_name":null,"reserved_faculty":null,"reserved":false},"geometry":{"type":"Polygon","coordinates":[[[84,11],[86,11],[86,12],[84,12],[84,11]]]}},{"type":"Feature","properties":{"shelf_id":693,"bookcase_id":116,"shelf_in_case":3,"side":"front","type":"shelf","reserved_name":null,"reserved_faculty":null,"reserved":false},"geometry":{"type":"Polygon","coordinates":[[[84,10],[86,10],[86,11],[84,11],[84,10]]]}},{"type":"Feature","properties":{"shelf_id":694,"bookcase_id":116,"shelf_in_case":4,"side":"front","type":"shelf","reserved_name":null,"reserved_faculty":null,"reserved":false},"geometry":{"type":"Polygon","coordinates":[[[84,9],[86,9],[86,10],[84,10],[84,9]]]}},{"type":"Feature","properties":{"shelf_id":695,"bookcase_id":116,"shelf_in_case":5,"side":"front","type":"shelf","reserved_name":null,"reserved_faculty":null,"reserved":false},"geometry":{"type":"Polygon","coordinates":[[[84,8],[86,8],[86,9],[84,9],[84,8]]]}},{"type":"Feature","properties":{"shelf_id":696,"bookcase_id":116,"shelf_in_case":6,"side":"front","type":"shelf","reserved_name":null,"reserved_faculty":null,"reserved":false},"geometry":{"type":"Polygon","coordinates":[[[84,7],[86,7],[86,8],[84,8],[84,7]]]}},{"type":"Feature","properties":{"shelf_id":697,"bookcase_id":117,"shelf_in_case":1,"side":"front","type":"shelf","reserved_name":null,"reserved_faculty":null,"reserved":false},"geometry":{"type":"Polygon","coordinates":[[[86,12],[88,12],[88,13],[86,13],[86,12]]]}},{"type":"Feature","properties":{"shelf_id":698,"bookcase_id":117,"shelf_in_case":2,"side":"front","type":"shelf","reserved_name":null,"reserved_faculty":null,"reserved":false},"geometry":{"type":"Polygon","coordinates":[[[86,11],[88,11],[88,12],[86,12],[86,11]]]}},{"type":"Feature","properties":{"shelf_id":699,"bookcase_id":117,"shelf_in_case":3,"side":"front","type":"shelf","reserved_name":null,"reserved_faculty":null,"reserved":false},"geometry":{"type":"Polygon","coordinates":[[[86,10],[88,10],[88,11],[86,11],[86,10]]]}},{"type":"Feature","properties":{"shelf_id":700,"bookcase_id":117,"shelf_in_case":4,"side":"front","type":"shelf","reserved_name":null,"reserved_faculty":null,"reserved":false},"geometry":{"type":"Polygon","coordinates":[[[86,9],[88,9],[88,10],[86,10],[86,9]]]}},{"type":"Feature","properties":{"shelf_id":701,"bookcase_id":117,"shelf_in_case":5,"side":"front","type":"shelf","reserved_name":null,"reserved_faculty":null,"reserved":false},"geometry":{"type":"Polygon","coordinates":[[[86,8],[88,8],[88,9],[86,9],[86,8]]]}},{"type":"Feature","properties":{"shelf_id":702,"bookcase_id":117,"shelf_in_case":6,"side":"front","type":"shelf","reserved_name":null,"reserved_faculty":null,"reserved":false},"geometry":{"type":"Polygon","coordinates":[[[86,7],[88,7],[88,8],[86,8],[86,7]]]}},{"type":"Feature","properties":{"shelf_id":703,"bookcase_id":118,"shelf_in_case":1,"side":"front","type":"shelf","reserved_name":null,"reserved_faculty":null,"reserved":false},"geometry":{"type":"Polygon","coordinates":[[[88,12],[90,12],[90,13],[88,13],[88,12]]]}},{"type":"Feature","properties":{"shelf_id":704,"bookcase_id":118,"shelf_in_case":2,"side":"front","type":"shelf","reserved_name":null,"reserved_faculty":null,"reserved":false},"geometry":{"type":"Polygon","coordinates":[[[88,11],[90,11],[90,12],[88,12],[88,11]]]}},{"type":"Feature","properties":{"shelf_id":705,"bookcase_id":118,"shelf_in_case":3,"side":"front","type":"shelf","reserved_name":null,"reserved_faculty":null,"reserved":false},"geometry":{"type":"Polygon","coordinates":[[[88,10],[90,10],[90,11],[88,11],[88,10]]]}},{"type":"Feature","properties":{"shelf_id":706,"bookcase_id":118,"shelf_in_case":4,"side":"front","type":"shelf","reserved_name":null,"reserved_faculty":null,"reserved":false},"geometry":{"type":"Polygon","coordinates":[[[88,9],[90,9],[90,10],[88,10],[88,9]]]}},{"type":"Feature","properties":{"shelf_id":707,"bookcase_id":118,"shelf_in_case":5,"side":"front","type":"shelf","reserved_name":null,"reserved_faculty":null,"reserved":false},"geometry":{"type":"Polygon","coordinates":[[[88,8],[90,8],[90,9],[88,9],[88,8]]]}},{"type":"Feature","properties":{"shelf_id":708,"bookcase_id":118,"shelf_in_case":6,"side":"front","type":"shelf","reserved_name":null,"reserved_faculty":null,"reserved":false},"geometry":{"type":"Polygon","coordinates":[[[88,7],[90,7],[90,8],[88,8],[88,7]]]}},{"type":"Feature","properties":{"shelf_id":709,"bookcase_id":119,"shelf_in_case":1,"side":"front","type":"shelf","reserved_name":null,"reserved_faculty":null,"reserved":false},"geometry":{"type":"Polygon","coordinates":[[[90,12],[92,12],[92,13],[90,13],[90,12]]]}},{"type":"Feature","properties":{"shelf_id":710,"bookcase_id":119,"shelf_in_case":2,"side":"front","type":"shelf","reserved_name":null,"reserved_faculty":null,"reserved":false},"geometry":{"type":"Polygon","coordinates":[[[90,11],[92,11],[92,12],[90,12],[90,11]]]}},{"type":"Feature","properties":{"shelf_id":711,"bookcase_id":119,"shelf_in_case":3,"side":"front","type":"shelf","reserved_name":null,"reserved_faculty":null,"reserved":false},"geometry":{"type":"Polygon","coordinates":[[[90,10],[92,10],[92,11],[90,11],[90,10]]]}},{"type":"Feature","properties":{"shelf_id":712,"bookcase_id":119,"shelf_in_case":4,"side":"front","type":"shelf","reserved_name":null,"reserved_faculty":null,"reserved":false},"geometry":{"type":"Polygon","coordinates":[[[90,9],[92,9],[92,10],[90,10],[90,9]]]}},{"type":"Feature","properties":{"shelf_id":713,"bookcase_id":119,"shelf_in_case":5,"side":"front","type":"shelf","reserved_name":null,"reserved_faculty":null,"reserved":false},"geometry":{"type":"Polygon","coordinates":[[[90,8],[92,8],[92,9],[90,9],[90,8]]]}},{"type":"Feature","properties":{"shelf_id":714,"bookcase_id":119,"shelf_in_case":6,"side":"front","type":"shelf","reserved_name":null,"reserved_faculty":null,"reserved":false},"geometry":{"type":"Polygon","coordinates":[[[90,7],[92,7],[92,8],[90,8],[90,7]]]}},{"type":"Feature","properties":{"shelf_id":715,"bookcase_id":120,"shelf_in_case":1,"side":"front","type":"shelf","reserved_name":"AS Expo","reserved_faculty":"AS","reserved":true},"geometry":{"type":"Polygon","coordinates":[[[92,12],[94,12],[94,13],[92,13],[92,12]]]}},{"type":"Feature","properties":{"shelf_id":716,"bookcase_id":120,"shelf_in_case":2,"side":"front","type":"shelf","reserved_name":"AS Expo","reserved_faculty":"AS","reserved":true},"geometry":{"type":"Polygon","coordinates":[[[92,11],[94,11],[94,12],[92,12],[92,11]]]}},{"type":"Feature","properties":{"shelf_id":717,"bookcase_id":120,"shelf_in_case":3,"side":"front","type":"shelf","reserved_name":"AS Expo","reserved_faculty":"AS","reserved":true},"geometry":{"type":"Polygon","coordinates":[[[92,10],[94,10],[94,11],[92,11],[92,10]]]}},{"type":"Feature","properties":{"shelf_id":718,"bookcase_id":120,"shelf_in_case":4,"side":"front","type":"shelf","reserved_name":"AS Expo","reserved_faculty":"AS","reserved":true},"geometry":{"type":"Polygon","coordinates":[[[92,9],[94,9],[94,10],[92,10],[92,9]]]}},{"type":"Feature","properties":{"shelf_id":719,"bookcase_id":120,"shelf_in_case":5,"side":"front","type":"shelf","reserved_name":"AS Expo","reserved_faculty":"AS","reserved":true},"geometry":{"type":"Polygon","coordinates":[[[92,8],[94,8],[94,9],[92,9],[92,8]]]}},{"type":"Feature","properties":{"shelf_id":720,"bookcase_id":120,"shelf_in_case":6,"side":"front","type":"shelf","reserved_name":"AS Expo","reserved_faculty":"AS","reserved":true},"geometry":{"type":"Polygon","coordinates":[[[92,7],[94,7],[94,8],[92,8],[92,7]]]}},{"type":"Feature","properties":{"shelf_id":721,"bookcase_id":121,"shelf_in_case":1,"side":"front","type":"shelf","reserved_name":"AS Expo","reserved_faculty":"AS","reserved":true},"geometry":{"type":"Polygon","coordinates":[[[94,12],[96,12],[96,13],[94,13],[94,12]]]}},{"type":"Feature","properties":{"shelf_id":722,"bookcase_id":121,"shelf_in_case":2,"side":"front","type":"shelf","reserved_name":"AS Expo","reserved_faculty":"AS","reserved":true},"geometry":{"type":"Polygon","coordinates":[[[94,11],[96,11],[96,12],[94,12],[94,11]]]}},{"type":"Feature","properties":{"shelf_id":723,"bookcase_id":121,"shelf_in_case":3,"side":"front","type":"shelf","reserved_name":"AS Expo","reserved_faculty":"AS","reserved":true},"geometry":{"type":"Polygon","coordinates":[[[94,10],[96,10],[96,11],[94,11],[94,10]]]}},{"type":"Feature","properties":{"shelf_id":724,"bookcase_id":121,"shelf_in_case":4,"side":"front","type":"shelf","reserved_name":"AS Expo","reserved_faculty":"AS","reserved":true},"geometry":{"type":"Polygon","coordinates":[[[94,9],[96,9],[96,10],[94,10],[94,9]]]}},{"type":"Feature","properties":{"shelf_id":725,"bookcase_id":121,"shelf_in_case":5,"side":"front","type":"shelf","reserved_name":"AS Expo","reserved_faculty":"AS","reserved":true},"geometry":{"type":"Polygon","coordinates":[[[94,8],[96,8],[96,9],[94,9],[94,8]]]}},{"type":"Feature","properties":{"shelf_id":726,"bookcase_id":121,"shelf_in_case":6,"side":"front","type":"shelf","reserved_name":"AS Expo","reserved_faculty":"AS","reserved":true},"geometry":{"type":"Polygon","coordinates":[[[94,7],[96,7],[96,8],[94,8],[94,7]]]}},{"type":"Feature","properties":{"shelf_id":727,"bookcase_id":122,"shelf_in_case":1,"side":"front","type":"shelf","reserved_name":"AS Expo","reserved_faculty":"AS","reserved":true},"geometry":{"type":"Polygon","coordinates":[[[96,12],[98,12],[98,13],[96,13],[96,12]]]}},{"type":"Feature","properties":{"shelf_id":728,"bookcase_id":122,"shelf_in_case":2,"side":"front","type":"shelf","reserved_name":"AS Expo","reserved_faculty":"AS","reserved":true},"geometry":{"type":"Polygon","coordinates":[[[96,11],[98,11],[98,12],[96,12],[96,11]]]}},{"type":"Feature","properties":{"shelf_id":729,"bookcase_id":122,"shelf_in_case":3,"side":"front","type":"shelf","reserved_name":"AS Expo","reserved_faculty":"AS","reserved":true},"geometry":{"type":"Polygon","coordinates":[[[96,10],[98,10],[98,11],[96,11],[96,10]]]}},{"type":"Feature","properties":{"shelf_id":730,"bookcase_id":122,"shelf_in_case":4,"side":"front","type":"shelf","reserved_name":"AS Expo","reserved_faculty":"AS","reserved":true},"geometry":{"type":"Polygon","coordinates":[[[96,9],[98,9],[98,10],[96,10],[96,9]]]}},{"type":"Feature","properties":{"shelf_id":731,"bookcase_id":122,"shelf_in_case":5,"side":"front","type":"shelf","reserved_name":"AS Expo","reserved_faculty":"AS","reserved":true},"geometry":{"type":"Polygon","coordinates":[[[96,8],[98,8],[98,9],[96,9],[96,8]]]}},{"type":"Feature","properties":{"shelf_id":732,"bookcase_id":122,"shelf_in_case":6,"side":"front","type":"shelf","reserved_name":"AS Expo","reserved_faculty":"AS","reserved":true},"geometry":{"type":"Polygon","coordinates":[[[96,7],[98,7],[98,8],[96,8],[96,7]]]}},{"type":"Feature","properties":{"shelf_id":733,"bookcase_id":123,"shelf_in_case":1,"side":"front","type":"shelf","reserved_name":null,"reserved_faculty":null,"reserved":false},"geometry":{"type":"Polygon","coordinates":[[[98,12],[100,12],[100,13],[98,13],[98,12]]]}},{"type":"Feature","properties":{"shelf_id":734,"bookcase_id":123,"shelf_in_case":2,"side":"front","type":"shelf","reserved_name":null,"reserved_faculty":null,"reserved":false},"geometry":{"type":"Polygon","coordinates":[[[98,11],[100,11],[100,12],[98,12],[98,11]]]}},{"type":"Feature","properties":{"shelf_id":735,"bookcase_id":123,"shelf_in_case":3,"side":"front","type":"shelf","reserved_name":null,"reserved_faculty":null,"reserved":false},"geometry":{"type":"Polygon","coordinates":[[[98,10],[100,10],[100,11],[98,11],[98,10]]]}},{"type":"Feature","properties":{"shelf_id":736,"bookcase_id":123,"shelf_in_case":4,"side":"front","type":"shelf","reserved_name":null,"reserved_faculty":null,"reserved":false},"geometry":{"type":"Polygon","coordinates":[[[98,9],[100,9],[100,10],[98,10],[98,9]]]}},{"type":"Feature","properties":{"shelf_id":737,"bookcase_id":123,"shelf_in_case":5,"side":"front","type":"shelf","reserved_name":null,"reserved_faculty":null,"reserved":false},"geometry":{"type":"Polygon","coordinates":[[[98,8],[100,8],[100,9],[98,9],[98,8]]]}},{"type":"Feature","properties":{"shelf_id":738,"bookcase_id":123,"shelf_in_case":6,"side":"front","type":"shelf","reserved_name":null,"reserved_faculty":null,"reserved":false},"geometry":{"type":"Polygon","coordinates":[[[98,7],[100,7],[100,8],[98,8],[98,7]]]}},{"type":"Feature","properties":{"shelf_id":739,"bookcase_id":124,"shelf_in_case":1,"side":"front","type":"shelf","reserved_name":null,"reserved_faculty":null,"reserved":false},"geometry":{"type":"Polygon","coordinates":[[[100,12],[102,12],[102,13],[100,13],[100,12]]]}},{"type":"Feature","properties":{"shelf_id":740,"bookcase_id":124,"shelf_in_case":2,"side":"front","type":"shelf","reserved_name":null,"reserved_faculty":null,"reserved":false},"geometry":{"type":"Polygon","coordinates":[[[100,11],[102,11],[102,12],[100,12],[100,11]]]}},{"type":"Feature","properties":{"shelf_id":741,"bookcase_id":124,"shelf_in_case":3,"side":"front","type":"shelf","reserved_name":null,"reserved_faculty":null,"reserved":false},"geometry":{"type":"Polygon","coordinates":[[[100,10],[102,10],[102,11],[100,11],[100,10]]]}},{"type":"Feature","properties":{"shelf_id":742,"bookcase_id":124,"shelf_in_case":4,"side":"front","type":"shelf","reserved_name":null,"reserved_faculty":null,"reserved":false},"geometry":{"type":"Polygon","coordinates":[[[100,9],[102,9],[102,10],[100,10],[100,9]]]}},{"type":"Feature","properties":{"shelf_id":743,"bookcase_id":124,"shelf_in_case":5,"side":"front","type":"shelf","reserved_name":null,"reserved_faculty":null,"reserved":false},"geometry":{"type":"Polygon","coordinates":[[[100,8],[102,8],[102,9],[100,9],[100,8]]]}},{"type":"Feature","properties":{"shelf_id":744,"bookcase_id":124,"shelf_in_case":6,"side":"front","type":"shelf","reserved_name":null,"reserved_faculty":null,"reserved":false},"geometry":{"type":"Polygon","coordinates":[[[100,7],[102,7],[102,8],[100,8],[100,7]]]}},{"type":"Feature","properties":{"shelf_id":745,"bookcase_id":125,"shelf_in_case":1,"side":"front","type":"shelf","reserved_name":null,"reserved_faculty":null,"reserved":false},"geometry":{"type":"Polygon","coordinates":[[[102,12],[104,12],[104,13],[102,13],[102,12]]]}},{"type":"Feature","properties":{"shelf_id":746,"bookcase_id":125,"shelf_in_case":2,"side":"front","type":"shelf","reserved_name":null,"reserved_faculty":null,"reserved":false},"geometry":{"type":"Polygon","coordinates":[[[102,11],[104,11],[104,12],[102,12],[102,11]]]}},{"type":"Feature","properties":{"shelf_id":747,"bookcase_id":125,"shelf_in_case":3,"side":"front","type":"shelf","reserved_name":null,"reserved_faculty":null,"reserved":false},"geometry":{"type":"Polygon","coordinates":[[[102,10],[104,10],[104,11],[102,11],[102,10]]]}},{"type":"Feature","properties":{"shelf_id":748,"bookcase_id":125,"shelf_in_case":4,"side":"front","type":"shelf","reserved_name":null,"reserved_faculty":null,"reserved":false},"geometry":{"type":"Polygon","coordinates":[[[102,9],[104,9],[104,10],[102,10],[102,9]]]}},{"type":"Feature","properties":{"shelf_id":749,"bookcase_id":125,"shelf_in_case":5,"side":"front","type":"shelf","reserved_name":null,"reserved_faculty":null,"reserved":false},"geometry":{"type":"Polygon","coordinates":[[[102,8],[104,8],[104,9],[102,9],[102,8]]]}},{"type":"Feature","properties":{"shelf_id":750,"bookcase_id":125,"shelf_in_case":6,"side":"front","type":"shelf","reserved_name":null,"reserved_faculty":null,"reserved":false},"geometry":{"type":"Polygon","coordinates":[[[102,7],[104,7],[104,8],[102,8],[102,7]]]}},{"type":"Feature","properties":{"shelf_id":751,"bookcase_id":126,"shelf_in_case":1,"side":"front","type":"shelf","reserved_name":null,"reserved_faculty":null,"reserved":false},"geometry":{"type":"Polygon","coordinates":[[[106,12],[108,12],[108,13],[106,13],[106,12]]]}},{"type":"Feature","properties":{"shelf_id":752,"bookcase_id":126,"shelf_in_case":2,"side":"front","type":"shelf","reserved_name":null,"reserved_faculty":null,"reserved":false},"geometry":{"type":"Polygon","coordinates":[[[106,11],[108,11],[108,12],[106,12],[106,11]]]}},{"type":"Feature","properties":{"shelf_id":753,"bookcase_id":126,"shelf_in_case":3,"side":"front","type":"shelf","reserved_name":null,"reserved_faculty":null,"reserved":false},"geometry":{"type":"Polygon","coordinates":[[[106,10],[108,10],[108,11],[106,11],[106,10]]]}},{"type":"Feature","properties":{"shelf_id":754,"bookcase_id":126,"shelf_in_case":4,"side":"front","type":"shelf","reserved_name":null,"reserved_faculty":null,"reserved":false},"geometry":{"type":"Polygon","coordinates":[[[106,9],[108,9],[108,10],[106,10],[106,9]]]}},{"type":"Feature","properties":{"shelf_id":755,"bookcase_id":126,"shelf_in_case":5,"side":"front","type":"shelf","reserved_name":null,"reserved_faculty":null,"reserved":false},"geometry":{"type":"Polygon","coordinates":[[[106,8],[108,8],[108,9],[106,9],[106,8]]]}},{"type":"Feature","properties":{"shelf_id":756,"bookcase_id":126,"shelf_in_case":6,"side":"front","type":"shelf","reserved_name":null,"reserved_faculty":null,"reserved":false},"geometry":{"type":"Polygon","coordinates":[[[106,7],[108,7],[108,8],[106,8],[106,7]]]}},{"type":"Feature","properties":{"shelf_id":757,"bookcase_id":127,"shelf_in_case":1,"side":"front","type":"shelf","reserved_name":null,"reserved_faculty":null,"reserved":false},"geometry":{"type":"Polygon","coordinates":[[[108,12],[110,12],[110,13],[108,13],[108,12]]]}},{"type":"Feature","properties":{"shelf_id":758,"bookcase_id":127,"shelf_in_case":2,"side":"front","type":"shelf","reserved_name":null,"reserved_faculty":null,"reserved":false},"geometry":{"type":"Polygon","coordinates":[[[108,11],[110,11],[110,12],[108,12],[108,11]]]}},{"type":"Feature","properties":{"shelf_id":759,"bookcase_id":127,"shelf_in_case":3,"side":"front","type":"shelf","reserved_name":null,"reserved_faculty":null,"reserved":false},"geometry":{"type":"Polygon","coordinates":[[[108,10],[110,10],[110,11],[108,11],[108,10]]]}},{"type":"Feature","properties":{"shelf_id":760,"bookcase_id":127,"shelf_in_case":4,"side":"front","type":"shelf","reserved_name":null,"reserved_faculty":null,"reserved":false},"geometry":{"type":"Polygon","coordinates":[[[108,9],[110,9],[110,10],[108,10],[108,9]]]}},{"type":"Feature","properties":{"shelf_id":761,"bookcase_id":127,"shelf_in_case":5,"side":"front","type":"shelf","reserved_name":null,"reserved_faculty":null,"reserved":false},"geometry":{"type":"Polygon","coordinates":[[[108,8],[110,8],[110,9],[108,9],[108,8]]]}},{"type":"Feature","properties":{"shelf_id":762,"bookcase_id":127,"shelf_in_case":6,"side":"front","type":"shelf","reserved_name":null,"reserved_faculty":null,"reserved":false},"geometry":{"type":"Polygon","coordinates":[[[108,7],[110,7],[110,8],[108,8],[108,7]]]}},{"type":"Feature","properties":{"shelf_id":763,"bookcase_id":128,"shelf_in_case":1,"side":"front","type":"shelf","reserved_name":null,"reserved_faculty":null,"reserved":false},"geometry":{"type":"Polygon","coordinates":[[[110,12],[112,12],[112,13],[110,13],[110,12]]]}},{"type":"Feature","properties":{"shelf_id":764,"bookcase_id":128,"shelf_in_case":2,"side":"front","type":"shelf","reserved_name":null,"reserved_faculty":null,"reserved":false},"geometry":{"type":"Polygon","coordinates":[[[110,11],[112,11],[112,12],[110,12],[110,11]]]}},{"type":"Feature","properties":{"shelf_id":765,"bookcase_id":128,"shelf_in_case":3,"side":"front","type":"shelf","reserved_name":null,"reserved_faculty":null,"reserved":false},"geometry":{"type":"Polygon","coordinates":[[[110,10],[112,10],[112,11],[110,11],[110,10]]]}},{"type":"Feature","properties":{"shelf_id":766,"bookcase_id":128,"shelf_in_case":4,"side":"front","type":"shelf","reserved_name":null,"reserved_faculty":null,"reserved":false},"geometry":{"type":"Polygon","coordinates":[[[110,9],[112,9],[112,10],[110,10],[110,9]]]}},{"type":"Feature","properties":{"shelf_id":767,"bookcase_id":128,"shelf_in_case":5,"side":"front","type":"shelf","reserved_name":null,"reserved_faculty":null,"reserved":false},"geometry":{"type":"Polygon","coordinates":[[[110,8],[112,8],[112,9],[110,9],[110,8]]]}},{"type":"Feature","properties":{"shelf_id":768,"bookcase_id":128,"shelf_in_case":6,"side":"front","type":"shelf","reserved_name":null,"reserved_faculty":null,"reserved":false},"geometry":{"type":"Polygon","coordinates":[[[110,7],[112,7],[112,8],[110,8],[110,7]]]}},{"type":"Feature","properties":{"shelf_id":769,"bookcase_id":129,"shelf_in_case":1,"side":"front","type":"shelf","reserved_name":null,"reserved_faculty":null,"reserved":false},"geometry":{"type":"Polygon","coordinates":[[[112,12],[114,12],[114,13],[112,13],[112,12]]]}},{"type":"Feature","properties":{"shelf_id":770,"bookcase_id":129,"shelf_in_case":2,"side":"front","type":"shelf","reserved_name":null,"reserved_faculty":null,"reserved":false},"geometry":{"type":"Polygon","coordinates":[[[112,11],[114,11],[114,12],[112,12],[112,11]]]}},{"type":"Feature","properties":{"shelf_id":771,"bookcase_id":129,"shelf_in_case":3,"side":"front","type":"shelf","reserved_name":null,"reserved_faculty":null,"reserved":false},"geometry":{"type":"Polygon","coordinates":[[[112,10],[114,10],[114,11],[112,11],[112,10]]]}},{"type":"Feature","properties":{"shelf_id":772,"bookcase_id":129,"shelf_in_case":4,"side":"front","type":"shelf","reserved_name":null,"reserved_faculty":null,"reserved":false},"geometry":{"type":"Polygon","coordinates":[[[112,9],[114,9],[114,10],[112,10],[112,9]]]}},{"type":"Feature","properties":{"shelf_id":773,"bookcase_id":129,"shelf_in_case":5,"side":"front","type":"shelf","reserved_name":null,"reserved_faculty":null,"reserved":false},"geometry":{"type":"Polygon","coordinates":[[[112,8],[114,8],[114,9],[112,9],[112,8]]]}},{"type":"Feature","properties":{"shelf_id":774,"bookcase_id":129,"shelf_in_case":6,"side":"front","type":"shelf","reserved_name":null,"reserved_faculty":null,"reserved":false},"geometry":{"type":"Polygon","coordinates":[[[112,7],[114,7],[114,8],[112,8],[112,7]]]}},{"type":"Feature","properties":{"shelf_id":775,"bookcase_id":130,"shelf_in_case":1,"side":"front","type":"shelf","reserved_name":"Expo","reserved_faculty":"Other","reserved":true},"geometry":{"type":"Polygon","coordinates":[[[0,5],[2,5],[2,6],[0,6],[0,5]]]}},{"type":"Feature","properties":{"shelf_id":776,"bookcase_id":130,"shelf_in_case":2,"side":"front","type":"shelf","reserved_name":"Expo","reserved_faculty":"Other","reserved":true},"geometry":{"type":"Polygon","coordinates":[[[0,4],[2,4],[2,5],[0,5],[0,4]]]}},{"type":"Feature","properties":{"shelf_id":777,"bookcase_id":130,"shelf_in_case":3,"side":"front","type":"shelf","reserved_name":"Expo","reserved_faculty":"Other","reserved":true},"geometry":{"type":"Polygon","coordinates":[[[0,3],[2,3],[2,4],[0,4],[0,3]]]}},{"type":"Feature","properties":{"shelf_id":778,"bookcase_id":130,"shelf_in_case":4,"side":"front","type":"shelf","reserved_name":"Expo","reserved_faculty":"Other","reserved":true},"geometry":{"type":"Polygon","coordinates":[[[0,2],[2,2],[2,3],[0,3],[0,2]]]}},{"type":"Feature","properties":{"shelf_id":779,"bookcase_id":130,"shelf_in_case":5,"side":"front","type":"shelf","reserved_name":"Expo","reserved_faculty":"Other","reserved":true},"geometry":{"type":"Polygon","coordinates":[[[0,1],[2,1],[2,2],[0,2],[0,1]]]}},{"type":"Feature","properties":{"shelf_id":780,"bookcase_id":130,"shelf_in_case":6,"side":"front","type":"shelf","reserved_name":"Expo","reserved_faculty":"Other","reserved":true},"geometry":{"type":"Polygon","coordinates":[[[0,0],[2,0],[2,1],[0,1],[0,0]]]}},{"type":"Feature","properties":{"shelf_id":781,"bookcase_id":131,"shelf_in_case":1,"side":"front","type":"shelf","reserved_name":"Expo","reserved_faculty":"Other","reserved":true},"geometry":{"type":"Polygon","coordinates":[[[2,5],[4,5],[4,6],[2,6],[2,5]]]}},{"type":"Feature","properties":{"shelf_id":782,"bookcase_id":131,"shelf_in_case":2,"side":"front","type":"shelf","reserved_name":"Expo","reserved_faculty":"Other","reserved":true},"geometry":{"type":"Polygon","coordinates":[[[2,4],[4,4],[4,5],[2,5],[2,4]]]}},{"type":"Feature","properties":{"shelf_id":783,"bookcase_id":131,"shelf_in_case":3,"side":"front","type":"shelf","reserved_name":"Expo","reserved_faculty":"Other","reserved":true},"geometry":{"type":"Polygon","coordinates":[[[2,3],[4,3],[4,4],[2,4],[2,3]]]}},{"type":"Feature","properties":{"shelf_id":784,"bookcase_id":131,"shelf_in_case":4,"side":"front","type":"shelf","reserved_name":"Expo","reserved_faculty":"Other","reserved":true},"geometry":{"type":"Polygon","coordinates":[[[2,2],[4,2],[4,3],[2,3],[2,2]]]}},{"type":"Feature","properties":{"shelf_id":785,"bookcase_id":131,"shelf_in_case":5,"side":"front","type":"shelf","reserved_name":"Expo","reserved_faculty":"Other","reserved":true},"geometry":{"type":"Polygon","coordinates":[[[2,1],[4,1],[4,2],[2,2],[2,1]]]}},{"type":"Feature","properties":{"shelf_id":786,"bookcase_id":131,"shelf_in_case":6,"side":"front","type":"shelf","reserved_name":"Expo","reserved_faculty":"Other","reserved":true},"geometry":{"type":"Polygon","coordinates":[[[2,0],[4,0],[4,1],[2,1],[2,0]]]}},{"type":"Feature","properties":{"shelf_id":787,"bookcase_id":132,"shelf_in_case":1,"side":"front","type":"shelf","reserved_name":"Expo","reserved_faculty":"Other","reserved":true},"geometry":{"type":"Polygon","coordinates":[[[4,5],[6,5],[6,6],[4,6],[4,5]]]}},{"type":"Feature","properties":{"shelf_id":788,"bookcase_id":132,"shelf_in_case":2,"side":"front","type":"shelf","reserved_name":"Expo","reserved_faculty":"Other","reserved":true},"geometry":{"type":"Polygon","coordinates":[[[4,4],[6,4],[6,5],[4,5],[4,4]]]}},{"type":"Feature","properties":{"shelf_id":789,"bookcase_id":132,"shelf_in_case":3,"side":"front","type":"shelf","reserved_name":"Expo","reserved_faculty":"Other","reserved":true},"geometry":{"type":"Polygon","coordinates":[[[4,3],[6,3],[6,4],[4,4],[4,3]]]}},{"type":"Feature","properties":{"shelf_id":790,"bookcase_id":132,"shelf_in_case":4,"side":"front","type":"shelf","reserved_name":"Expo","reserved_faculty":"Other","reserved":true},"geometry":{"type":"Polygon","coordinates":[[[4,2],[6,2],[6,3],[4,3],[4,2]]]}},{"type":"Feature","properties":{"shelf_id":791,"bookcase_id":132,"shelf_in_case":5,"side":"front","type":"shelf","reserved_name":"Expo","reserved_faculty":"Other","reserved":true},"geometry":{"type":"Polygon","coordinates":[[[4,1],[6,1],[6,2],[4,2],[4,1]]]}},{"type":"Feature","properties":{"shelf_id":792,"bookcase_id":132,"shelf_in_case":6,"side":"front","type":"shelf","reserved_name":"Expo","reserved_faculty":"Other","reserved":true},"geometry":{"type":"Polygon","coordinates":[[[4,0],[6,0],[6,1],[4,1],[4,0]]]}},{"type":"Feature","properties":{"shelf_id":793,"bookcase_id":133,"shelf_in_case":1,"side":"front","type":"shelf","reserved_name":null,"reserved_faculty":null,"reserved":false},"geometry":{"type":"Polygon","coordinates":[[[6,5],[8,5],[8,6],[6,6],[6,5]]]}},{"type":"Feature","properties":{"shelf_id":794,"bookcase_id":133,"shelf_in_case":2,"side":"front","type":"shelf","reserved_name":null,"reserved_faculty":null,"reserved":false},"geometry":{"type":"Polygon","coordinates":[[[6,4],[8,4],[8,5],[6,5],[6,4]]]}},{"type":"Feature","properties":{"shelf_id":795,"bookcase_id":133,"shelf_in_case":3,"side":"front","type":"shelf","reserved_name":null,"reserved_faculty":null,"reserved":false},"geometry":{"type":"Polygon","coordinates":[[[6,3],[8,3],[8,4],[6,4],[6,3]]]}},{"type":"Feature","properties":{"shelf_id":796,"bookcase_id":133,"shelf_in_case":4,"side":"front","type":"shelf","reserved_name":null,"reserved_faculty":null,"reserved":false},"geometry":{"type":"Polygon","coordinates":[[[6,2],[8,2],[8,3],[6,3],[6,2]]]}},{"type":"Feature","properties":{"shelf_id":797,"bookcase_id":133,"shelf_in_case":5,"side":"front","type":"shelf","reserved_name":null,"reserved_faculty":null,"reserved":false},"geometry":{"type":"Polygon","coordinates":[[[6,1],[8,1],[8,2],[6,2],[6,1]]]}},{"type":"Feature","properties":{"shelf_id":798,"bookcase_id":133,"shelf_in_case":6,"side":"front","type":"shelf","reserved_name":null,"reserved_faculty":null,"reserved":false},"geometry":{"type":"Polygon","coordinates":[[[6,0],[8,0],[8,1],[6,1],[6,0]]]}},{"type":"Feature","properties":{"shelf_id":799,"bookcase_id":134,"shelf_in_case":1,"side":"front","type":"shelf","reserved_name":null,"reserved_faculty":null,"reserved":false},"geometry":{"type":"Polygon","coordinates":[[[8,5],[10,5],[10,6],[8,6],[8,5]]]}},{"type":"Feature","properties":{"shelf_id":800,"bookcase_id":134,"shelf_in_case":2,"side":"front","type":"shelf","reserved_name":null,"reserved_faculty":null,"reserved":false},"geometry":{"type":"Polygon","coordinates":[[[8,4],[10,4],[10,5],[8,5],[8,4]]]}},{"type":"Feature","properties":{"shelf_id":801,"bookcase_id":134,"shelf_in_case":3,"side":"front","type":"shelf","reserved_name":null,"reserved_faculty":null,"reserved":false},"geometry":{"type":"Polygon","coordinates":[[[8,3],[10,3],[10,4],[8,4],[8,3]]]}},{"type":"Feature","properties":{"shelf_id":802,"bookcase_id":134,"shelf_in_case":4,"side":"front","type":"shelf","reserved_name":null,"reserved_faculty":null,"reserved":false},"geometry":{"type":"Polygon","coordinates":[[[8,2],[10,2],[10,3],[8,3],[8,2]]]}},{"type":"Feature","properties":{"shelf_id":803,"bookcase_id":134,"shelf_in_case":5,"side":"front","type":"shelf","reserved_name":null,"reserved_faculty":null,"reserved":false},"geometry":{"type":"Polygon","coordinates":[[[8,1],[10,1],[10,2],[8,2],[8,1]]]}},{"type":"Feature","properties":{"shelf_id":804,"bookcase_id":134,"shelf_in_case":6,"side":"front","type":"shelf","reserved_name":null,"reserved_faculty":null,"reserved":false},"geometry":{"type":"Polygon","coordinates":[[[8,0],[10,0],[10,1],[8,1],[8,0]]]}},{"type":"Feature","properties":{"shelf_id":805,"bookcase_id":135,"shelf_in_case":1,"side":"front","type":"shelf","reserved_name":null,"reserved_faculty":null,"reserved":false},"geometry":{"type":"Polygon","coordinates":[[[10,5],[12,5],[12,6],[10,6],[10,5]]]}},{"type":"Feature","properties":{"shelf_id":806,"bookcase_id":135,"shelf_in_case":2,"side":"front","type":"shelf","reserved_name":null,"reserved_faculty":null,"reserved":false},"geometry":{"type":"Polygon","coordinates":[[[10,4],[12,4],[12,5],[10,5],[10,4]]]}},{"type":"Feature","properties":{"shelf_id":807,"bookcase_id":135,"shelf_in_case":3,"side":"front","type":"shelf","reserved_name":null,"reserved_faculty":null,"reserved":false},"geometry":{"type":"Polygon","coordinates":[[[10,3],[12,3],[12,4],[10,4],[10,3]]]}},{"type":"Feature","properties":{"shelf_id":808,"bookcase_id":135,"shelf_in_case":4,"side":"front","type":"shelf","reserved_name":null,"reserved_faculty":null,"reserved":false},"geometry":{"type":"Polygon","coordinates":[[[10,2],[12,2],[12,3],[10,3],[10,2]]]}},{"type":"Feature","properties":{"shelf_id":809,"bookcase_id":135,"shelf_in_case":5,"side":"front","type":"shelf","reserved_name":null,"reserved_faculty":null,"reserved":false},"geometry":{"type":"Polygon","coordinates":[[[10,1],[12,1],[12,2],[10,2],[10,1]]]}},{"type":"Feature","properties":{"shelf_id":810,"bookcase_id":135,"shelf_in_case":6,"side":"front","type":"shelf","reserved_name":null,"reserved_faculty":null,"reserved":false},"geometry":{"type":"Polygon","coordinates":[[[10,0],[12,0],[12,1],[10,1],[10,0]]]}},{"type":"Feature","properties":{"shelf_id":811,"bookcase_id":136,"shelf_in_case":1,"side":"front","type":"shelf","reserved_name":null,"reserved_faculty":null,"reserved":false},"geometry":{"type":"Polygon","coordinates":[[[12,5],[14,5],[14,6],[12,6],[12,5]]]}},{"type":"Feature","properties":{"shelf_id":812,"bookcase_id":136,"shelf_in_case":2,"side":"front","type":"shelf","reserved_name":null,"reserved_faculty":null,"reserved":false},"geometry":{"type":"Polygon","coordinates":[[[12,4],[14,4],[14,5],[12,5],[12,4]]]}},{"type":"Feature","properties":{"shelf_id":813,"bookcase_id":136,"shelf_in_case":3,"side":"front","type":"shelf","reserved_name":null,"reserved_faculty":null,"reserved":false},"geometry":{"type":"Polygon","coordinates":[[[12,3],[14,3],[14,4],[12,4],[12,3]]]}},{"type":"Feature","properties":{"shelf_id":814,"bookcase_id":136,"shelf_in_case":4,"side":"front","type":"shelf","reserved_name":null,"reserved_faculty":null,"reserved":false},"geometry":{"type":"Polygon","coordinates":[[[12,2],[14,2],[14,3],[12,3],[12,2]]]}},{"type":"Feature","properties":{"shelf_id":815,"bookcase_id":136,"shelf_in_case":5,"side":"front","type":"shelf","reserved_name":null,"reserved_faculty":null,"reserved":false},"geometry":{"type":"Polygon","coordinates":[[[12,1],[14,1],[14,2],[12,2],[12,1]]]}},{"type":"Feature","properties":{"shelf_id":816,"bookcase_id":136,"shelf_in_case":6,"side":"front","type":"shelf","reserved_name":null,"reserved_faculty":null,"reserved":false},"geometry":{"type":"Polygon","coordinates":[[[12,0],[14,0],[14,1],[12,1],[12,0]]]}},{"type":"Feature","properties":{"shelf_id":817,"bookcase_id":137,"shelf_in_case":1,"side":"front","type":"shelf","reserved_name":null,"reserved_faculty":null,"reserved":false},"geometry":{"type":"Polygon","coordinates":[[[14,5],[16,5],[16,6],[14,6],[14,5]]]}},{"type":"Feature","properties":{"shelf_id":818,"bookcase_id":137,"shelf_in_case":2,"side":"front","type":"shelf","reserved_name":null,"reserved_faculty":null,"reserved":false},"geometry":{"type":"Polygon","coordinates":[[[14,4],[16,4],[16,5],[14,5],[14,4]]]}},{"type":"Feature","properties":{"shelf_id":819,"bookcase_id":137,"shelf_in_case":3,"side":"front","type":"shelf","reserved_name":null,"reserved_faculty":null,"reserved":false},"geometry":{"type":"Polygon","coordinates":[[[14,3],[16,3],[16,4],[14,4],[14,3]]]}},{"type":"Feature","properties":{"shelf_id":820,"bookcase_id":137,"shelf_in_case":4,"side":"front","type":"shelf","reserved_name":null,"reserved_faculty":null,"reserved":false},"geometry":{"type":"Polygon","coordinates":[[[14,2],[16,2],[16,3],[14,3],[14,2]]]}},{"type":"Feature","properties":{"shelf_id":821,"bookcase_id":137,"shelf_in_case":5,"side":"front","type":"shelf","reserved_name":null,"reserved_faculty":null,"reserved":false},"geometry":{"type":"Polygon","coordinates":[[[14,1],[16,1],[16,2],[14,2],[14,1]]]}},{"type":"Feature","properties":{"shelf_id":822,"bookcase_id":137,"shelf_in_case":6,"side":"front","type":"shelf","reserved_name":null,"reserved_faculty":null,"reserved":false},"geometry":{"type":"Polygon","coordinates":[[[14,0],[16,0],[16,1],[14,1],[14,0]]]}},{"type":"Feature","properties":{"shelf_id":823,"bookcase_id":138,"shelf_in_case":1,"side":"front","type":"shelf","reserved_name":null,"reserved_faculty":null,"reserved":false},"geometry":{"type":"Polygon","coordinates":[[[16,5],[18,5],[18,6],[16,6],[16,5]]]}},{"type":"Feature","properties":{"shelf_id":824,"bookcase_id":138,"shelf_in_case":2,"side":"front","type":"shelf","reserved_name":null,"reserved_faculty":null,"reserved":false},"geometry":{"type":"Polygon","coordinates":[[[16,4],[18,4],[18,5],[16,5],[16,4]]]}},{"type":"Feature","properties":{"shelf_id":825,"bookcase_id":138,"shelf_in_case":3,"side":"front","type":"shelf","reserved_name":null,"reserved_faculty":null,"reserved":false},"geometry":{"type":"Polygon","coordinates":[[[16,3],[18,3],[18,4],[16,4],[16,3]]]}},{"type":"Feature","properties":{"shelf_id":826,"bookcase_id":138,"shelf_in_case":4,"side":"front","type":"shelf","reserved_name":null,"reserved_faculty":null,"reserved":false},"geometry":{"type":"Polygon","coordinates":[[[16,2],[18,2],[18,3],[16,3],[16,2]]]}},{"type":"Feature","properties":{"shelf_id":827,"bookcase_id":138,"shelf_in_case":5,"side":"front","type":"shelf","reserved_name":null,"reserved_faculty":null,"reserved":false},"geometry":{"type":"Polygon","coordinates":[[[16,1],[18,1],[18,2],[16,2],[16,1]]]}},{"type":"Feature","properties":{"shelf_id":828,"bookcase_id":138,"shelf_in_case":6,"side":"front","type":"shelf","reserved_name":null,"reserved_faculty":null,"reserved":false},"geometry":{"type":"Polygon","coordinates":[[[16,0],[18,0],[18,1],[16,1],[16,0]]]}},{"type":"Feature","properties":{"shelf_id":829,"bookcase_id":139,"shelf_in_case":1,"side":"front","type":"shelf","reserved_name":null,"reserved_faculty":null,"reserved":false},"geometry":{"type":"Polygon","coordinates":[[[18,5],[20,5],[20,6],[18,6],[18,5]]]}},{"type":"Feature","properties":{"shelf_id":830,"bookcase_id":139,"shelf_in_case":2,"side":"front","type":"shelf","reserved_name":null,"reserved_faculty":null,"reserved":false},"geometry":{"type":"Polygon","coordinates":[[[18,4],[20,4],[20,5],[18,5],[18,4]]]}},{"type":"Feature","properties":{"shelf_id":831,"bookcase_id":139,"shelf_in_case":3,"side":"front","type":"shelf","reserved_name":null,"reserved_faculty":null,"reserved":false},"geometry":{"type":"Polygon","coordinates":[[[18,3],[20,3],[20,4],[18,4],[18,3]]]}},{"type":"Feature","properties":{"shelf_id":832,"bookcase_id":139,"shelf_in_case":4,"side":"front","type":"shelf","reserved_name":null,"reserved_faculty":null,"reserved":false},"geometry":{"type":"Polygon","coordinates":[[[18,2],[20,2],[20,3],[18,3],[18,2]]]}},{"type":"Feature","properties":{"shelf_id":833,"bookcase_id":139,"shelf_in_case":5,"side":"front","type":"shelf","reserved_name":null,"reserved_faculty":null,"reserved":false},"geometry":{"type":"Polygon","coordinates":[[[18,1],[20,1],[20,2],[18,2],[18,1]]]}},{"type":"Feature","properties":{"shelf_id":834,"bookcase_id":139,"shelf_in_case":6,"side":"front","type":"shelf","reserved_name":null,"reserved_faculty":null,"reserved":false},"geometry":{"type":"Polygon","coordinates":[[[18,0],[20,0],[20,1],[18,1],[18,0]]]}},{"type":"Feature","properties":{"shelf_id":835,"bookcase_id":140,"shelf_in_case":1,"side":"front","type":"shelf","reserved_name":null,"reserved_faculty":null,"reserved":false},"geometry":{"type":"Polygon","coordinates":[[[22,5],[24,5],[24,6],[22,6],[22,5]]]}},{"type":"Feature","properties":{"shelf_id":836,"bookcase_id":140,"shelf_in_case":2,"side":"front","type":"shelf","reserved_name":null,"reserved_faculty":null,"reserved":false},"geometry":{"type":"Polygon","coordinates":[[[22,4],[24,4],[24,5],[22,5],[22,4]]]}},{"type":"Feature","properties":{"shelf_id":837,"bookcase_id":140,"shelf_in_case":3,"side":"front","type":"shelf","reserved_name":null,"reserved_faculty":null,"reserved":false},"geometry":{"type":"Polygon","coordinates":[[[22,3],[24,3],[24,4],[22,4],[22,3]]]}},{"type":"Feature","properties":{"shelf_id":838,"bookcase_id":140,"shelf_in_case":4,"side":"front","type":"shelf","reserved_name":null,"reserved_faculty":null,"reserved":false},"geometry":{"type":"Polygon","coordinates":[[[22,2],[24,2],[24,3],[22,3],[22,2]]]}},{"type":"Feature","properties":{"shelf_id":839,"bookcase_id":140,"shelf_in_case":5,"side":"front","type":"shelf","reserved_name":null,"reserved_faculty":null,"reserved":false},"geometry":{"type":"Polygon","coordinates":[[[22,1],[24,1],[24,2],[22,2],[22,1]]]}},{"type":"Feature","properties":{"shelf_id":840,"bookcase_id":140,"shelf_in_case":6,"side":"front","type":"shelf","reserved_name":null,"reserved_faculty":null,"reserved":false},"geometry":{"type":"Polygon","coordinates":[[[22,0],[24,0],[24,1],[22,1],[22,0]]]}},{"type":"Feature","properties":{"shelf_id":841,"bookcase_id":141,"shelf_in_case":1,"side":"front","type":"shelf","reserved_name":null,"reserved_faculty":null,"reserved":false},"geometry":{"type":"Polygon","coordinates":[[[24,5],[26,5],[26,6],[24,6],[24,5]]]}},{"type":"Feature","properties":{"shelf_id":842,"bookcase_id":141,"shelf_in_case":2,"side":"front","type":"shelf","reserved_name":null,"reserved_faculty":null,"reserved":false},"geometry":{"type":"Polygon","coordinates":[[[24,4],[26,4],[26,5],[24,5],[24,4]]]}},{"type":"Feature","properties":{"shelf_id":843,"bookcase_id":141,"shelf_in_case":3,"side":"front","type":"shelf","reserved_name":null,"reserved_faculty":null,"reserved":false},"geometry":{"type":"Polygon","coordinates":[[[24,3],[26,3],[26,4],[24,4],[24,3]]]}},{"type":"Feature","properties":{"shelf_id":844,"bookcase_id":141,"shelf_in_case":4,"side":"front","type":"shelf","reserved_name":null,"reserved_faculty":null,"reserved":false},"geometry":{"type":"Polygon","coordinates":[[[24,2],[26,2],[26,3],[24,3],[24,2]]]}},{"type":"Feature","properties":{"shelf_id":845,"bookcase_id":141,"shelf_in_case":5,"side":"front","type":"shelf","reserved_name":null,"reserved_faculty":null,"reserved":false},"geometry":{"type":"Polygon","coordinates":[[[24,1],[26,1],[26,2],[24,2],[24,1]]]}},{"type":"Feature","properties":{"shelf_id":846,"bookcase_id":141,"shelf_in_case":6,"side":"front","type":"shelf","reserved_name":null,"reserved_faculty":null,"reserved":false},"geometry":{"type":"Polygon","coordinates":[[[24,0],[26,0],[26,1],[24,1],[24,0]]]}},{"type":"Feature","properties":{"shelf_id":847,"bookcase_id":142,"shelf_in_case":1,"side":"front","type":"shelf","reserved_name":null,"reserved_faculty":null,"reserved":false},"geometry":{"type":"Polygon","coordinates":[[[26,5],[28,5],[28,6],[26,6],[26,5]]]}},{"type":"Feature","properties":{"shelf_id":848,"bookcase_id":142,"shelf_in_case":2,"side":"front","type":"shelf","reserved_name":null,"reserved_faculty":null,"reserved":false},"geometry":{"type":"Polygon","coordinates":[[[26,4],[28,4],[28,5],[26,5],[26,4]]]}},{"type":"Feature","properties":{"shelf_id":849,"bookcase_id":142,"shelf_in_case":3,"side":"front","type":"shelf","reserved_name":null,"reserved_faculty":null,"reserved":false},"geometry":{"type":"Polygon","coordinates":[[[26,3],[28,3],[28,4],[26,4],[26,3]]]}},{"type":"Feature","properties":{"shelf_id":850,"bookcase_id":142,"shelf_in_case":4,"side":"front","type":"shelf","reserved_name":null,"reserved_faculty":null,"reserved":false},"geometry":{"type":"Polygon","coordinates":[[[26,2],[28,2],[28,3],[26,3],[26,2]]]}},{"type":"Feature","properties":{"shelf_id":851,"bookcase_id":142,"shelf_in_case":5,"side":"front","type":"shelf","reserved_name":null,"reserved_faculty":null,"reserved":false},"geometry":{"type":"Polygon","coordinates":[[[26,1],[28,1],[28,2],[26,2],[26,1]]]}},{"type":"Feature","properties":{"shelf_id":852,"bookcase_id":142,"shelf_in_case":6,"side":"front","type":"shelf","reserved_name":null,"reserved_faculty":null,"reserved":false},"geometry":{"type":"Polygon","coordinates":[[[26,0],[28,0],[28,1],[26,1],[26,0]]]}},{"type":"Feature","properties":{"shelf_id":853,"bookcase_id":143,"shelf_in_case":1,"side":"front","type":"shelf","reserved_name":null,"reserved_faculty":null,"reserved":false},"geometry":{"type":"Polygon","coordinates":[[[28,5],[30,5],[30,6],[28,6],[28,5]]]}},{"type":"Feature","properties":{"shelf_id":854,"bookcase_id":143,"shelf_in_case":2,"side":"front","type":"shelf","reserved_name":null,"reserved_faculty":null,"reserved":false},"geometry":{"type":"Polygon","coordinates":[[[28,4],[30,4],[30,5],[28,5],[28,4]]]}},{"type":"Feature","properties":{"shelf_id":855,"bookcase_id":143,"shelf_in_case":3,"side":"front","type":"shelf","reserved_name":null,"reserved_faculty":null,"reserved":false},"geometry":{"type":"Polygon","coordinates":[[[28,3],[30,3],[30,4],[28,4],[28,3]]]}},{"type":"Feature","properties":{"shelf_id":856,"bookcase_id":143,"shelf_in_case":4,"side":"front","type":"shelf","reserved_name":null,"reserved_faculty":null,"reserved":false},"geometry":{"type":"Polygon","coordinates":[[[28,2],[30,2],[30,3],[28,3],[28,2]]]}},{"type":"Feature","properties":{"shelf_id":857,"bookcase_id":143,"shelf_in_case":5,"side":"front","type":"shelf","reserved_name":null,"reserved_faculty":null,"reserved":false},"geometry":{"type":"Polygon","coordinates":[[[28,1],[30,1],[30,2],[28,2],[28,1]]]}},{"type":"Feature","properties":{"shelf_id":858,"bookcase_id":143,"shelf_in_case":6,"side":"front","type":"shelf","reserved_name":null,"reserved_faculty":null,"reserved":false},"geometry":{"type":"Polygon","coordinates":[[[28,0],[30,0],[30,1],[28,1],[28,0]]]}},{"type":"Feature","properties":{"shelf_id":859,"bookcase_id":144,"shelf_in_case":1,"side":"front","type":"shelf","reserved_name":null,"reserved_faculty":null,"reserved":false},"geometry":{"type":"Polygon","coordinates":[[[30,5],[32,5],[32,6],[30,6],[30,5]]]}},{"type":"Feature","properties":{"shelf_id":860,"bookcase_id":144,"shelf_in_case":2,"side":"front","type":"shelf","reserved_name":null,"reserved_faculty":null,"reserved":false},"geometry":{"type":"Polygon","coordinates":[[[30,4],[32,4],[32,5],[30,5],[30,4]]]}},{"type":"Feature","properties":{"shelf_id":861,"bookcase_id":144,"shelf_in_case":3,"side":"front","type":"shelf","reserved_name":null,"reserved_faculty":null,"reserved":false},"geometry":{"type":"Polygon","coordinates":[[[30,3],[32,3],[32,4],[30,4],[30,3]]]}},{"type":"Feature","properties":{"shelf_id":862,"bookcase_id":144,"shelf_in_case":4,"side":"front","type":"shelf","reserved_name":null,"reserved_faculty":null,"reserved":false},"geometry":{"type":"Polygon","coordinates":[[[30,2],[32,2],[32,3],[30,3],[30,2]]]}},{"type":"Feature","properties":{"shelf_id":863,"bookcase_id":144,"shelf_in_case":5,"side":"front","type":"shelf","reserved_name":null,"reserved_faculty":null,"reserved":false},"geometry":{"type":"Polygon","coordinates":[[[30,1],[32,1],[32,2],[30,2],[30,1]]]}},{"type":"Feature","properties":{"shelf_id":864,"bookcase_id":144,"shelf_in_case":6,"side":"front","type":"shelf","reserved_name":null,"reserved_faculty":null,"reserved":false},"geometry":{"type":"Polygon","coordinates":[[[30,0],[32,0],[32,1],[30,1],[30,0]]]}},{"type":"Feature","properties":{"shelf_id":865,"bookcase_id":145,"shelf_in_case":1,"side":"front","type":"shelf","reserved_name":null,"reserved_faculty":null,"reserved":false},"geometry":{"type":"Polygon","coordinates":[[[32,5],[34,5],[34,6],[32,6],[32,5]]]}},{"type":"Feature","properties":{"shelf_id":866,"bookcase_id":145,"shelf_in_case":2,"side":"front","type":"shelf","reserved_name":null,"reserved_faculty":null,"reserved":false},"geometry":{"type":"Polygon","coordinates":[[[32,4],[34,4],[34,5],[32,5],[32,4]]]}},{"type":"Feature","properties":{"shelf_id":867,"bookcase_id":145,"shelf_in_case":3,"side":"front","type":"shelf","reserved_name":null,"reserved_faculty":null,"reserved":false},"geometry":{"type":"Polygon","coordinates":[[[32,3],[34,3],[34,4],[32,4],[32,3]]]}},{"type":"Feature","properties":{"shelf_id":868,"bookcase_id":145,"shelf_in_case":4,"side":"front","type":"shelf","reserved_name":null,"reserved_faculty":null,"reserved":false},"geometry":{"type":"Polygon","coordinates":[[[32,2],[34,2],[34,3],[32,3],[32,2]]]}},{"type":"Feature","properties":{"shelf_id":869,"bookcase_id":145,"shelf_in_case":5,"side":"front","type":"shelf","reserved_name":null,"reserved_faculty":null,"reserved":false},"geometry":{"type":"Polygon","coordinates":[[[32,1],[34,1],[34,2],[32,2],[32,1]]]}},{"type":"Feature","properties":{"shelf_id":870,"bookcase_id":145,"shelf_in_case":6,"side":"front","type":"shelf","reserved_name":null,"reserved_faculty":null,"reserved":false},"geometry":{"type":"Polygon","coordinates":[[[32,0],[34,0],[34,1],[32,1],[32,0]]]}},{"type":"Feature","properties":{"shelf_id":871,"bookcase_id":146,"shelf_in_case":1,"side":"front","type":"shelf","reserved_name":null,"reserved_faculty":null,"reserved":false},"geometry":{"type":"Polygon","coordinates":[[[34,5],[36,5],[36,6],[34,6],[34,5]]]}},{"type":"Feature","properties":{"shelf_id":872,"bookcase_id":146,"shelf_in_case":2,"side":"front","type":"shelf","reserved_name":null,"reserved_faculty":null,"reserved":false},"geometry":{"type":"Polygon","coordinates":[[[34,4],[36,4],[36,5],[34,5],[34,4]]]}},{"type":"Feature","properties":{"shelf_id":873,"bookcase_id":146,"shelf_in_case":3,"side":"front","type":"shelf","reserved_name":null,"reserved_faculty":null,"reserved":false},"geometry":{"type":"Polygon","coordinates":[[[34,3],[36,3],[36,4],[34,4],[34,3]]]}},{"type":"Feature","properties":{"shelf_id":874,"bookcase_id":146,"shelf_in_case":4,"side":"front","type":"shelf","reserved_name":null,"reserved_faculty":null,"reserved":false},"geometry":{"type":"Polygon","coordinates":[[[34,2],[36,2],[36,3],[34,3],[34,2]]]}},{"type":"Feature","properties":{"shelf_id":875,"bookcase_id":146,"shelf_in_case":5,"side":"front","type":"shelf","reserved_name":null,"reserved_faculty":null,"reserved":false},"geometry":{"type":"Polygon","coordinates":[[[34,1],[36,1],[36,2],[34,2],[34,1]]]}},{"type":"Feature","properties":{"shelf_id":876,"bookcase_id":146,"shelf_in_case":6,"side":"front","type":"shelf","reserved_name":null,"reserved_faculty":null,"reserved":false},"geometry":{"type":"Polygon","coordinates":[[[34,0],[36,0],[36,1],[34,1],[34,0]]]}},{"type":"Feature","properties":{"shelf_id":877,"bookcase_id":147,"shelf_in_case":1,"side":"front","type":"shelf","reserved_name":null,"reserved_faculty":null,"reserved":false},"geometry":{"type":"Polygon","coordinates":[[[36,5],[38,5],[38,6],[36,6],[36,5]]]}},{"type":"Feature","properties":{"shelf_id":878,"bookcase_id":147,"shelf_in_case":2,"side":"front","type":"shelf","reserved_name":null,"reserved_faculty":null,"reserved":false},"geometry":{"type":"Polygon","coordinates":[[[36,4],[38,4],[38,5],[36,5],[36,4]]]}},{"type":"Feature","properties":{"shelf_id":879,"bookcase_id":147,"shelf_in_case":3,"side":"front","type":"shelf","reserved_name":null,"reserved_faculty":null,"reserved":false},"geometry":{"type":"Polygon","coordinates":[[[36,3],[38,3],[38,4],[36,4],[36,3]]]}},{"type":"Feature","properties":{"shelf_id":880,"bookcase_id":147,"shelf_in_case":4,"side":"front","type":"shelf","reserved_name":null,"reserved_faculty":null,"reserved":false},"geometry":{"type":"Polygon","coordinates":[[[36,2],[38,2],[38,3],[36,3],[36,2]]]}},{"type":"Feature","properties":{"shelf_id":881,"bookcase_id":147,"shelf_in_case":5,"side":"front","type":"shelf","reserved_name":null,"reserved_faculty":null,"reserved":false},"geometry":{"type":"Polygon","coordinates":[[[36,1],[38,1],[38,2],[36,2],[36,1]]]}},{"type":"Feature","properties":{"shelf_id":882,"bookcase_id":147,"shelf_in_case":6,"side":"front","type":"shelf","reserved_name":null,"reserved_faculty":null,"reserved":false},"geometry":{"type":"Polygon","coordinates":[[[36,0],[38,0],[38,1],[36,1],[36,0]]]}},{"type":"Feature","properties":{"shelf_id":883,"bookcase_id":148,"shelf_in_case":1,"side":"front","type":"shelf","reserved_name":null,"reserved_faculty":null,"reserved":false},"geometry":{"type":"Polygon","coordinates":[[[38,5],[40,5],[40,6],[38,6],[38,5]]]}},{"type":"Feature","properties":{"shelf_id":884,"bookcase_id":148,"shelf_in_case":2,"side":"front","type":"shelf","reserved_name":null,"reserved_faculty":null,"reserved":false},"geometry":{"type":"Polygon","coordinates":[[[38,4],[40,4],[40,5],[38,5],[38,4]]]}},{"type":"Feature","properties":{"shelf_id":885,"bookcase_id":148,"shelf_in_case":3,"side":"front","type":"shelf","reserved_name":null,"reserved_faculty":null,"reserved":false},"geometry":{"type":"Polygon","coordinates":[[[38,3],[40,3],[40,4],[38,4],[38,3]]]}},{"type":"Feature","properties":{"shelf_id":886,"bookcase_id":148,"shelf_in_case":4,"side":"front","type":"shelf","reserved_name":null,"reserved_faculty":null,"reserved":false},"geometry":{"type":"Polygon","coordinates":[[[38,2],[40,2],[40,3],[38,3],[38,2]]]}},{"type":"Feature","properties":{"shelf_id":887,"bookcase_id":148,"shelf_in_case":5,"side":"front","type":"shelf","reserved_name":null,"reserved_faculty":null,"reserved":false},"geometry":{"type":"Polygon","coordinates":[[[38,1],[40,1],[40,2],[38,2],[38,1]]]}},{"type":"Feature","properties":{"shelf_id":888,"bookcase_id":148,"shelf_in_case":6,"side":"front","type":"shelf","reserved_name":null,"reserved_faculty":null,"reserved":false},"geometry":{"type":"Polygon","coordinates":[[[38,0],[40,0],[40,1],[38,1],[38,0]]]}},{"type":"Feature","properties":{"shelf_id":889,"bookcase_id":149,"shelf_in_case":1,"side":"front","type":"shelf","reserved_name":null,"reserved_faculty":null,"reserved":false},"geometry":{"type":"Polygon","coordinates":[[[40,5],[42,5],[42,6],[40,6],[40,5]]]}},{"type":"Feature","properties":{"shelf_id":890,"bookcase_id":149,"shelf_in_case":2,"side":"front","type":"shelf","reserved_name":null,"reserved_faculty":null,"reserved":false},"geometry":{"type":"Polygon","coordinates":[[[40,4],[42,4],[42,5],[40,5],[40,4]]]}},{"type":"Feature","properties":{"shelf_id":891,"bookcase_id":149,"shelf_in_case":3,"side":"front","type":"shelf","reserved_name":null,"reserved_faculty":null,"reserved":false},"geometry":{"type":"Polygon","coordinates":[[[40,3],[42,3],[42,4],[40,4],[40,3]]]}},{"type":"Feature","properties":{"shelf_id":892,"bookcase_id":149,"shelf_in_case":4,"side":"front","type":"shelf","reserved_name":null,"reserved_faculty":null,"reserved":false},"geometry":{"type":"Polygon","coordinates":[[[40,2],[42,2],[42,3],[40,3],[40,2]]]}},{"type":"Feature","properties":{"shelf_id":893,"bookcase_id":149,"shelf_in_case":5,"side":"front","type":"shelf","reserved_name":null,"reserved_faculty":null,"reserved":false},"geometry":{"type":"Polygon","coordinates":[[[40,1],[42,1],[42,2],[40,2],[40,1]]]}},{"type":"Feature","properties":{"shelf_id":894,"bookcase_id":149,"shelf_in_case":6,"side":"front","type":"shelf","reserved_name":null,"reserved_faculty":null,"reserved":false},"geometry":{"type":"Polygon","coordinates":[[[40,0],[42,0],[42,1],[40,1],[40,0]]]}},{"type":"Feature","properties":{"shelf_id":895,"bookcase_id":150,"shelf_in_case":1,"side":"front","type":"shelf","reserved_name":null,"reserved_faculty":null,"reserved":false},"geometry":{"type":"Polygon","coordinates":[[[42,5],[44,5],[44,6],[42,6],[42,5]]]}},{"type":"Feature","properties":{"shelf_id":896,"bookcase_id":150,"shelf_in_case":2,"side":"front","type":"shelf","reserved_name":null,"reserved_faculty":null,"reserved":false},"geometry":{"type":"Polygon","coordinates":[[[42,4],[44,4],[44,5],[42,5],[42,4]]]}},{"type":"Feature","properties":{"shelf_id":897,"bookcase_id":150,"shelf_in_case":3,"side":"front","type":"shelf","reserved_name":null,"reserved_faculty":null,"reserved":false},"geometry":{"type":"Polygon","coordinates":[[[42,3],[44,3],[44,4],[42,4],[42,3]]]}},{"type":"Feature","properties":{"shelf_id":898,"bookcase_id":150,"shelf_in_case":4,"side":"front","type":"shelf","reserved_name":null,"reserved_faculty":null,"reserved":false},"geometry":{"type":"Polygon","coordinates":[[[42,2],[44,2],[44,3],[42,3],[42,2]]]}},{"type":"Feature","properties":{"shelf_id":899,"bookcase_id":150,"shelf_in_case":5,"side":"front","type":"shelf","reserved_name":null,"reserved_faculty":null,"reserved":false},"geometry":{"type":"Polygon","coordinates":[[[42,1],[44,1],[44,2],[42,2],[42,1]]]}},{"type":"Feature","properties":{"shelf_id":900,"bookcase_id":150,"shelf_in_case":6,"side":"front","type":"shelf","reserved_name":null,"reserved_faculty":null,"reserved":false},"geometry":{"type":"Polygon","coordinates":[[[42,0],[44,0],[44,1],[42,1],[42,0]]]}},{"type":"Feature","properties":{"shelf_id":901,"bookcase_id":151,"shelf_in_case":1,"side":"front","type":"shelf","reserved_name":null,"reserved_faculty":null,"reserved":false},"geometry":{"type":"Polygon","coordinates":[[[44,5],[46,5],[46,6],[44,6],[44,5]]]}},{"type":"Feature","properties":{"shelf_id":902,"bookcase_id":151,"shelf_in_case":2,"side":"front","type":"shelf","reserved_name":null,"reserved_faculty":null,"reserved":false},"geometry":{"type":"Polygon","coordinates":[[[44,4],[46,4],[46,5],[44,5],[44,4]]]}},{"type":"Feature","properties":{"shelf_id":903,"bookcase_id":151,"shelf_in_case":3,"side":"front","type":"shelf","reserved_name":null,"reserved_faculty":null,"reserved":false},"geometry":{"type":"Polygon","coordinates":[[[44,3],[46,3],[46,4],[44,4],[44,3]]]}},{"type":"Feature","properties":{"shelf_id":904,"bookcase_id":151,"shelf_in_case":4,"side":"front","type":"shelf","reserved_name":null,"reserved_faculty":null,"reserved":false},"geometry":{"type":"Polygon","coordinates":[[[44,2],[46,2],[46,3],[44,3],[44,2]]]}},{"type":"Feature","properties":{"shelf_id":905,"bookcase_id":151,"shelf_in_case":5,"side":"front","type":"shelf","reserved_name":null,"reserved_faculty":null,"reserved":false},"geometry":{"type":"Polygon","coordinates":[[[44,1],[46,1],[46,2],[44,2],[44,1]]]}},{"type":"Feature","properties":{"shelf_id":906,"bookcase_id":151,"shelf_in_case":6,"side":"front","type":"shelf","reserved_name":null,"reserved_faculty":null,"reserved":false},"geometry":{"type":"Polygon","coordinates":[[[44,0],[46,0],[46,1],[44,1],[44,0]]]}},{"type":"Feature","properties":{"shelf_id":907,"bookcase_id":152,"shelf_in_case":1,"side":"front","type":"shelf","reserved_name":"Art Library","reserved_faculty":"Other","reserved":true},"geometry":{"type":"Polygon","coordinates":[[[46,5],[48,5],[48,6],[46,6],[46,5]]]}},{"type":"Feature","properties":{"shelf_id":908,"bookcase_id":152,"shelf_in_case":2,"side":"front","type":"shelf","reserved_name":"Art Library","reserved_faculty":"Other","reserved":true},"geometry":{"type":"Polygon","coordinates":[[[46,4],[48,4],[48,5],[46,5],[46,4]]]}},{"type":"Feature","properties":{"shelf_id":909,"bookcase_id":152,"shelf_in_case":3,"side":"front","type":"shelf","reserved_name":"Art Library","reserved_faculty":"Other","reserved":true},"geometry":{"type":"Polygon","coordinates":[[[46,3],[48,3],[48,4],[46,4],[46,3]]]}},{"type":"Feature","properties":{"shelf_id":910,"bookcase_id":152,"shelf_in_case":4,"side":"front","type":"shelf","reserved_name":"Art Library","reserved_faculty":"Other","reserved":true},"geometry":{"type":"Polygon","coordinates":[[[46,2],[48,2],[48,3],[46,3],[46,2]]]}},{"type":"Feature","properties":{"shelf_id":911,"bookcase_id":152,"shelf_in_case":5,"side":"front","type":"shelf","reserved_name":"Art Library","reserved_faculty":"Other","reserved":true},"geometry":{"type":"Polygon","coordinates":[[[46,1],[48,1],[48,2],[46,2],[46,1]]]}},{"type":"Feature","properties":{"shelf_id":912,"bookcase_id":152,"shelf_in_case":6,"side":"front","type":"shelf","reserved_name":"Art Library","reserved_faculty":"Other","reserved":true},"geometry":{"type":"Polygon","coordinates":[[[46,0],[48,0],[48,1],[46,1],[46,0]]]}},{"type":"Feature","properties":{"shelf_id":913,"bookcase_id":153,"shelf_in_case":1,"side":"front","type":"shelf","reserved_name":"Art Library","reserved_faculty":"Other","reserved":true},"geometry":{"type":"Polygon","coordinates":[[[48,5],[50,5],[50,6],[48,6],[48,5]]]}},{"type":"Feature","properties":{"shelf_id":914,"bookcase_id":153,"shelf_in_case":2,"side":"front","type":"shelf","reserved_name":"Art Library","reserved_faculty":"Other","reserved":true},"geometry":{"type":"Polygon","coordinates":[[[48,4],[50,4],[50,5],[48,5],[48,4]]]}},{"type":"Feature","properties":{"shelf_id":915,"bookcase_id":153,"shelf_in_case":3,"side":"front","type":"shelf","reserved_name":"Art Library","reserved_faculty":"Other","reserved":true},"geometry":{"type":"Polygon","coordinates":[[[48,3],[50,3],[50,4],[48,4],[48,3]]]}},{"type":"Feature","properties":{"shelf_id":916,"bookcase_id":153,"shelf_in_case":4,"side":"front","type":"shelf","reserved_name":"Art Library","reserved_faculty":"Other","reserved":true},"geometry":{"type":"Polygon","coordinates":[[[48,2],[50,2],[50,3],[48,3],[48,2]]]}},{"type":"Feature","properties":{"shelf_id":917,"bookcase_id":153,"shelf_in_case":5,"side":"front","type":"shelf","reserved_name":"Art Library","reserved_faculty":"Other","reserved":true},"geometry":{"type":"Polygon","coordinates":[[[48,1],[50,1],[50,2],[48,2],[48,1]]]}},{"type":"Feature","properties":{"shelf_id":918,"bookcase_id":153,"shelf_in_case":6,"side":"front","type":"shelf","reserved_name":"Art Library","reserved_faculty":"Other","reserved":true},"geometry":{"type":"Polygon","coordinates":[[[48,0],[50,0],[50,1],[48,1],[48,0]]]}},{"type":"Feature","properties":{"shelf_id":919,"bookcase_id":154,"shelf_in_case":1,"side":"front","type":"shelf","reserved_name":"Art Library","reserved_faculty":"Other","reserved":true},"geometry":{"type":"Polygon","coordinates":[[[50,5],[52,5],[52,6],[50,6],[50,5]]]}},{"type":"Feature","properties":{"shelf_id":920,"bookcase_id":154,"shelf_in_case":2,"side":"front","type":"shelf","reserved_name":"Art Library","reserved_faculty":"Other","reserved":true},"geometry":{"type":"Polygon","coordinates":[[[50,4],[52,4],[52,5],[50,5],[50,4]]]}},{"type":"Feature","properties":{"shelf_id":921,"bookcase_id":154,"shelf_in_case":3,"side":"front","type":"shelf","reserved_name":"Art Library","reserved_faculty":"Other","reserved":true},"geometry":{"type":"Polygon","coordinates":[[[50,3],[52,3],[52,4],[50,4],[50,3]]]}},{"type":"Feature","properties":{"shelf_id":922,"bookcase_id":154,"shelf_in_case":4,"side":"front","type":"shelf","reserved_name":"Art Library","reserved_faculty":"Other","reserved":true},"geometry":{"type":"Polygon","coordinates":[[[50,2],[52,2],[52,3],[50,3],[50,2]]]}},{"type":"Feature","properties":{"shelf_id":923,"bookcase_id":154,"shelf_in_case":5,"side":"front","type":"shelf","reserved_name":"Art Library","reserved_faculty":"Other","reserved":true},"geometry":{"type":"Polygon","coordinates":[[[50,1],[52,1],[52,2],[50,2],[50,1]]]}},{"type":"Feature","properties":{"shelf_id":924,"bookcase_id":154,"shelf_in_case":6,"side":"front","type":"shelf","reserved_name":"Art Library","reserved_faculty":"Other","reserved":true},"geometry":{"type":"Polygon","coordinates":[[[50,0],[52,0],[52,1],[50,1],[50,0]]]}},{"type":"Feature","properties":{"shelf_id":925,"bookcase_id":155,"shelf_in_case":1,"side":"front","type":"shelf","reserved_name":null,"reserved_faculty":null,"reserved":false},"geometry":{"type":"Polygon","coordinates":[[[54,5],[56,5],[56,6],[54,6],[54,5]]]}},{"type":"Feature","properties":{"shelf_id":926,"bookcase_id":155,"shelf_in_case":2,"side":"front","type":"shelf","reserved_name":null,"reserved_faculty":null,"reserved":false},"geometry":{"type":"Polygon","coordinates":[[[54,4],[56,4],[56,5],[54,5],[54,4]]]}},{"type":"Feature","properties":{"shelf_id":927,"bookcase_id":155,"shelf_in_case":3,"side":"front","type":"shelf","reserved_name":null,"reserved_faculty":null,"reserved":false},"geometry":{"type":"Polygon","coordinates":[[[54,3],[56,3],[56,4],[54,4],[54,3]]]}},{"type":"Feature","properties":{"shelf_id":928,"bookcase_id":155,"shelf_in_case":4,"side":"front","type":"shelf","reserved_name":null,"reserved_faculty":null,"reserved":false},"geometry":{"type":"Polygon","coordinates":[[[54,2],[56,2],[56,3],[54,3],[54,2]]]}},{"type":"Feature","properties":{"shelf_id":929,"bookcase_id":155,"shelf_in_case":5,"side":"front","type":"shelf","reserved_name":null,"reserved_faculty":null,"reserved":false},"geometry":{"type":"Polygon","coordinates":[[[54,1],[56,1],[56,2],[54,2],[54,1]]]}},{"type":"Feature","properties":{"shelf_id":930,"bookcase_id":155,"shelf_in_case":6,"side":"front","type":"shelf","reserved_name":null,"reserved_faculty":null,"reserved":false},"geometry":{"type":"Polygon","coordinates":[[[54,0],[56,0],[56,1],[54,1],[54,0]]]}},{"type":"Feature","properties":{"shelf_id":931,"bookcase_id":156,"shelf_in_case":1,"side":"front","type":"shelf","reserved_name":null,"reserved_faculty":null,"reserved":false},"geometry":{"type":"Polygon","coordinates":[[[56,5],[58,5],[58,6],[56,6],[56,5]]]}},{"type":"Feature","properties":{"shelf_id":932,"bookcase_id":156,"shelf_in_case":2,"side":"front","type":"shelf","reserved_name":null,"reserved_faculty":null,"reserved":false},"geometry":{"type":"Polygon","coordinates":[[[56,4],[58,4],[58,5],[56,5],[56,4]]]}},{"type":"Feature","properties":{"shelf_id":933,"bookcase_id":156,"shelf_in_case":3,"side":"front","type":"shelf","reserved_name":null,"reserved_faculty":null,"reserved":false},"geometry":{"type":"Polygon","coordinates":[[[56,3],[58,3],[58,4],[56,4],[56,3]]]}},{"type":"Feature","properties":{"shelf_id":934,"bookcase_id":156,"shelf_in_case":4,"side":"front","type":"shelf","reserved_name":null,"reserved_faculty":null,"reserved":false},"geometry":{"type":"Polygon","coordinates":[[[56,2],[58,2],[58,3],[56,3],[56,2]]]}},{"type":"Feature","properties":{"shelf_id":935,"bookcase_id":156,"shelf_in_case":5,"side":"front","type":"shelf","reserved_name":null,"reserved_faculty":null,"reserved":false},"geometry":{"type":"Polygon","coordinates":[[[56,1],[58,1],[58,2],[56,2],[56,1]]]}},{"type":"Feature","properties":{"shelf_id":936,"bookcase_id":156,"shelf_in_case":6,"side":"front","type":"shelf","reserved_name":null,"reserved_faculty":null,"reserved":false},"geometry":{"type":"Polygon","coordinates":[[[56,0],[58,0],[58,1],[56,1],[56,0]]]}},{"type":"Feature","properties":{"shelf_id":937,"bookcase_id":157,"shelf_in_case":1,"side":"front","type":"shelf","reserved_name":null,"reserved_faculty":null,"reserved":false},"geometry":{"type":"Polygon","coordinates":[[[58,5],[60,5],[60,6],[58,6],[58,5]]]}},{"type":"Feature","properties":{"shelf_id":938,"bookcase_id":157,"shelf_in_case":2,"side":"front","type":"shelf","reserved_name":null,"reserved_faculty":null,"reserved":false},"geometry":{"type":"Polygon","coordinates":[[[58,4],[60,4],[60,5],[58,5],[58,4]]]}},{"type":"Feature","properties":{"shelf_id":939,"bookcase_id":157,"shelf_in_case":3,"side":"front","type":"shelf","reserved_name":null,"reserved_faculty":null,"reserved":false},"geometry":{"type":"Polygon","coordinates":[[[58,3],[60,3],[60,4],[58,4],[58,3]]]}},{"type":"Feature","properties":{"shelf_id":940,"bookcase_id":157,"shelf_in_case":4,"side":"front","type":"shelf","reserved_name":null,"reserved_faculty":null,"reserved":false},"geometry":{"type":"Polygon","coordinates":[[[58,2],[60,2],[60,3],[58,3],[58,2]]]}},{"type":"Feature","properties":{"shelf_id":941,"bookcase_id":157,"shelf_in_case":5,"side":"front","type":"shelf","reserved_name":null,"reserved_faculty":null,"reserved":false},"geometry":{"type":"Polygon","coordinates":[[[58,1],[60,1],[60,2],[58,2],[58,1]]]}},{"type":"Feature","properties":{"shelf_id":942,"bookcase_id":157,"shelf_in_case":6,"side":"front","type":"shelf","reserved_name":null,"reserved_faculty":null,"reserved":false},"geometry":{"type":"Polygon","coordinates":[[[58,0],[60,0],[60,1],[58,1],[58,0]]]}},{"type":"Feature","properties":{"shelf_id":943,"bookcase_id":158,"shelf_in_case":1,"side":"front","type":"shelf","reserved_name":null,"reserved_faculty":null,"reserved":false},"geometry":{"type":"Polygon","coordinates":[[[60,5],[62,5],[62,6],[60,6],[60,5]]]}},{"type":"Feature","properties":{"shelf_id":944,"bookcase_id":158,"shelf_in_case":2,"side":"front","type":"shelf","reserved_name":null,"reserved_faculty":null,"reserved":false},"geometry":{"type":"Polygon","coordinates":[[[60,4],[62,4],[62,5],[60,5],[60,4]]]}},{"type":"Feature","properties":{"shelf_id":945,"bookcase_id":158,"shelf_in_case":3,"side":"front","type":"shelf","reserved_name":null,"reserved_faculty":null,"reserved":false},"geometry":{"type":"Polygon","coordinates":[[[60,3],[62,3],[62,4],[60,4],[60,3]]]}},{"type":"Feature","properties":{"shelf_id":946,"bookcase_id":158,"shelf_in_case":4,"side":"front","type":"shelf","reserved_name":null,"reserved_faculty":null,"reserved":false},"geometry":{"type":"Polygon","coordinates":[[[60,2],[62,2],[62,3],[60,3],[60,2]]]}},{"type":"Feature","properties":{"shelf_id":947,"bookcase_id":158,"shelf_in_case":5,"side":"front","type":"shelf","reserved_name":null,"reserved_faculty":null,"reserved":false},"geometry":{"type":"Polygon","coordinates":[[[60,1],[62,1],[62,2],[60,2],[60,1]]]}},{"type":"Feature","properties":{"shelf_id":948,"bookcase_id":158,"shelf_in_case":6,"side":"front","type":"shelf","reserved_name":null,"reserved_faculty":null,"reserved":false},"geometry":{"type":"Polygon","coordinates":[[[60,0],[62,0],[62,1],[60,1],[60,0]]]}},{"type":"Feature","properties":{"shelf_id":949,"bookcase_id":159,"shelf_in_case":1,"side":"front","type":"shelf","reserved_name":null,"reserved_faculty":null,"reserved":false},"geometry":{"type":"Polygon","coordinates":[[[62,5],[64,5],[64,6],[62,6],[62,5]]]}},{"type":"Feature","properties":{"shelf_id":950,"bookcase_id":159,"shelf_in_case":2,"side":"front","type":"shelf","reserved_name":null,"reserved_faculty":null,"reserved":false},"geometry":{"type":"Polygon","coordinates":[[[62,4],[64,4],[64,5],[62,5],[62,4]]]}},{"type":"Feature","properties":{"shelf_id":951,"bookcase_id":159,"shelf_in_case":3,"side":"front","type":"shelf","reserved_name":null,"reserved_faculty":null,"reserved":false},"geometry":{"type":"Polygon","coordinates":[[[62,3],[64,3],[64,4],[62,4],[62,3]]]}},{"type":"Feature","properties":{"shelf_id":952,"bookcase_id":159,"shelf_in_case":4,"side":"front","type":"shelf","reserved_name":null,"reserved_faculty":null,"reserved":false},"geometry":{"type":"Polygon","coordinates":[[[62,2],[64,2],[64,3],[62,3],[62,2]]]}},{"type":"Feature","properties":{"shelf_id":953,"bookcase_id":159,"shelf_in_case":5,"side":"front","type":"shelf","reserved_name":null,"reserved_faculty":null,"reserved":false},"geometry":{"type":"Polygon","coordinates":[[[62,1],[64,1],[64,2],[62,2],[62,1]]]}},{"type":"Feature","properties":{"shelf_id":954,"bookcase_id":159,"shelf_in_case":6,"side":"front","type":"shelf","reserved_name":null,"reserved_faculty":null,"reserved":false},"geometry":{"type":"Polygon","coordinates":[[[62,0],[64,0],[64,1],[62,1],[62,0]]]}},{"type":"Feature","properties":{"shelf_id":955,"bookcase_id":160,"shelf_in_case":1,"side":"front","type":"shelf","reserved_name":null,"reserved_faculty":null,"reserved":false},"geometry":{"type":"Polygon","coordinates":[[[64,5],[66,5],[66,6],[64,6],[64,5]]]}},{"type":"Feature","properties":{"shelf_id":956,"bookcase_id":160,"shelf_in_case":2,"side":"front","type":"shelf","reserved_name":null,"reserved_faculty":null,"reserved":false},"geometry":{"type":"Polygon","coordinates":[[[64,4],[66,4],[66,5],[64,5],[64,4]]]}},{"type":"Feature","properties":{"shelf_id":957,"bookcase_id":160,"shelf_in_case":3,"side":"front","type":"shelf","reserved_name":null,"reserved_faculty":null,"reserved":false},"geometry":{"type":"Polygon","coordinates":[[[64,3],[66,3],[66,4],[64,4],[64,3]]]}},{"type":"Feature","properties":{"shelf_id":958,"bookcase_id":160,"shelf_in_case":4,"side":"front","type":"shelf","reserved_name":null,"reserved_faculty":null,"reserved":false},"geometry":{"type":"Polygon","coordinates":[[[64,2],[66,2],[66,3],[64,3],[64,2]]]}},{"type":"Feature","properties":{"shelf_id":959,"bookcase_id":160,"shelf_in_case":5,"side":"front","type":"shelf","reserved_name":null,"reserved_faculty":null,"reserved":false},"geometry":{"type":"Polygon","coordinates":[[[64,1],[66,1],[66,2],[64,2],[64,1]]]}},{"type":"Feature","properties":{"shelf_id":960,"bookcase_id":160,"shelf_in_case":6,"side":"front","type":"shelf","reserved_name":null,"reserved_faculty":null,"reserved":false},"geometry":{"type":"Polygon","coordinates":[[[64,0],[66,0],[66,1],[64,1],[64,0]]]}},{"type":"Feature","properties":{"shelf_id":961,"bookcase_id":161,"shelf_in_case":1,"side":"front","type":"shelf","reserved_name":null,"reserved_faculty":null,"reserved":false},"geometry":{"type":"Polygon","coordinates":[[[66,5],[68,5],[68,6],[66,6],[66,5]]]}},{"type":"Feature","properties":{"shelf_id":962,"bookcase_id":161,"shelf_in_case":2,"side":"front","type":"shelf","reserved_name":null,"reserved_faculty":null,"reserved":false},"geometry":{"type":"Polygon","coordinates":[[[66,4],[68,4],[68,5],[66,5],[66,4]]]}},{"type":"Feature","properties":{"shelf_id":963,"bookcase_id":161,"shelf_in_case":3,"side":"front","type":"shelf","reserved_name":null,"reserved_faculty":null,"reserved":false},"geometry":{"type":"Polygon","coordinates":[[[66,3],[68,3],[68,4],[66,4],[66,3]]]}},{"type":"Feature","properties":{"shelf_id":964,"bookcase_id":161,"shelf_in_case":4,"side":"front","type":"shelf","reserved_name":null,"reserved_faculty":null,"reserved":false},"geometry":{"type":"Polygon","coordinates":[[[66,2],[68,2],[68,3],[66,3],[66,2]]]}},{"type":"Feature","properties":{"shelf_id":965,"bookcase_id":161,"shelf_in_case":5,"side":"front","type":"shelf","reserved_name":null,"reserved_faculty":null,"reserved":false},"geometry":{"type":"Polygon","coordinates":[[[66,1],[68,1],[68,2],[66,2],[66,1]]]}},{"type":"Feature","properties":{"shelf_id":966,"bookcase_id":161,"shelf_in_case":6,"side":"front","type":"shelf","reserved_name":null,"reserved_faculty":null,"reserved":false},"geometry":{"type":"Polygon","coordinates":[[[66,0],[68,0],[68,1],[66,1],[66,0]]]}},{"type":"Feature","properties":{"shelf_id":967,"bookcase_id":162,"shelf_in_case":1,"side":"front","type":"shelf","reserved_name":null,"reserved_faculty":null,"reserved":false},"geometry":{"type":"Polygon","coordinates":[[[68,5],[70,5],[70,6],[68,6],[68,5]]]}},{"type":"Feature","properties":{"shelf_id":968,"bookcase_id":162,"shelf_in_case":2,"side":"front","type":"shelf","reserved_name":null,"reserved_faculty":null,"reserved":false},"geometry":{"type":"Polygon","coordinates":[[[68,4],[70,4],[70,5],[68,5],[68,4]]]}},{"type":"Feature","properties":{"shelf_id":969,"bookcase_id":162,"shelf_in_case":3,"side":"front","type":"shelf","reserved_name":null,"reserved_faculty":null,"reserved":false},"geometry":{"type":"Polygon","coordinates":[[[68,3],[70,3],[70,4],[68,4],[68,3]]]}},{"type":"Feature","properties":{"shelf_id":970,"bookcase_id":162,"shelf_in_case":4,"side":"front","type":"shelf","reserved_name":null,"reserved_faculty":null,"reserved":false},"geometry":{"type":"Polygon","coordinates":[[[68,2],[70,2],[70,3],[68,3],[68,2]]]}},{"type":"Feature","properties":{"shelf_id":971,"bookcase_id":162,"shelf_in_case":5,"side":"front","type":"shelf","reserved_name":null,"reserved_faculty":null,"reserved":false},"geometry":{"type":"Polygon","coordinates":[[[68,1],[70,1],[70,2],[68,2],[68,1]]]}},{"type":"Feature","properties":{"shelf_id":972,"bookcase_id":162,"shelf_in_case":6,"side":"front","type":"shelf","reserved_name":null,"reserved_faculty":null,"reserved":false},"geometry":{"type":"Polygon","coordinates":[[[68,0],[70,0],[70,1],[68,1],[68,0]]]}},{"type":"Feature","properties":{"shelf_id":973,"bookcase_id":163,"shelf_in_case":1,"side":"front","type":"shelf","reserved_name":null,"reserved_faculty":null,"reserved":false},"geometry":{"type":"Polygon","coordinates":[[[70,5],[72,5],[72,6],[70,6],[70,5]]]}},{"type":"Feature","properties":{"shelf_id":974,"bookcase_id":163,"shelf_in_case":2,"side":"front","type":"shelf","reserved_name":null,"reserved_faculty":null,"reserved":false},"geometry":{"type":"Polygon","coordinates":[[[70,4],[72,4],[72,5],[70,5],[70,4]]]}},{"type":"Feature","properties":{"shelf_id":975,"bookcase_id":163,"shelf_in_case":3,"side":"front","type":"shelf","reserved_name":null,"reserved_faculty":null,"reserved":false},"geometry":{"type":"Polygon","coordinates":[[[70,3],[72,3],[72,4],[70,4],[70,3]]]}},{"type":"Feature","properties":{"shelf_id":976,"bookcase_id":163,"shelf_in_case":4,"side":"front","type":"shelf","reserved_name":null,"reserved_faculty":null,"reserved":false},"geometry":{"type":"Polygon","coordinates":[[[70,2],[72,2],[72,3],[70,3],[70,2]]]}},{"type":"Feature","properties":{"shelf_id":977,"bookcase_id":163,"shelf_in_case":5,"side":"front","type":"shelf","reserved_name":null,"reserved_faculty":null,"reserved":false},"geometry":{"type":"Polygon","coordinates":[[[70,1],[72,1],[72,2],[70,2],[70,1]]]}},{"type":"Feature","properties":{"shelf_id":978,"bookcase_id":163,"shelf_in_case":6,"side":"front","type":"shelf","reserved_name":null,"reserved_faculty":null,"reserved":false},"geometry":{"type":"Polygon","coordinates":[[[70,0],[72,0],[72,1],[70,1],[70,0]]]}},{"type":"Feature","properties":{"shelf_id":979,"bookcase_id":164,"shelf_in_case":1,"side":"front","type":"shelf","reserved_name":null,"reserved_faculty":null,"reserved":false},"geometry":{"type":"Polygon","coordinates":[[[72,5],[74,5],[74,6],[72,6],[72,5]]]}},{"type":"Feature","properties":{"shelf_id":980,"bookcase_id":164,"shelf_in_case":2,"side":"front","type":"shelf","reserved_name":null,"reserved_faculty":null,"reserved":false},"geometry":{"type":"Polygon","coordinates":[[[72,4],[74,4],[74,5],[72,5],[72,4]]]}},{"type":"Feature","properties":{"shelf_id":981,"bookcase_id":164,"shelf_in_case":3,"side":"front","type":"shelf","reserved_name":null,"reserved_faculty":null,"reserved":false},"geometry":{"type":"Polygon","coordinates":[[[72,3],[74,3],[74,4],[72,4],[72,3]]]}},{"type":"Feature","properties":{"shelf_id":982,"bookcase_id":164,"shelf_in_case":4,"side":"front","type":"shelf","reserved_name":null,"reserved_faculty":null,"reserved":false},"geometry":{"type":"Polygon","coordinates":[[[72,2],[74,2],[74,3],[72,3],[72,2]]]}},{"type":"Feature","properties":{"shelf_id":983,"bookcase_id":164,"shelf_in_case":5,"side":"front","type":"shelf","reserved_name":null,"reserved_faculty":null,"reserved":false},"geometry":{"type":"Polygon","coordinates":[[[72,1],[74,1],[74,2],[72,2],[72,1]]]}},{"type":"Feature","properties":{"shelf_id":984,"bookcase_id":164,"shelf_in_case":6,"side":"front","type":"shelf","reserved_name":null,"reserved_faculty":null,"reserved":false},"geometry":{"type":"Polygon","coordinates":[[[72,0],[74,0],[74,1],[72,1],[72,0]]]}},{"type":"Feature","properties":{"shelf_id":985,"bookcase_id":165,"shelf_in_case":1,"side":"front","type":"shelf","reserved_name":null,"reserved_faculty":null,"reserved":false},"geometry":{"type":"Polygon","coordinates":[[[74,5],[76,5],[76,6],[74,6],[74,5]]]}},{"type":"Feature","properties":{"shelf_id":986,"bookcase_id":165,"shelf_in_case":2,"side":"front","type":"shelf","reserved_name":null,"reserved_faculty":null,"reserved":false},"geometry":{"type":"Polygon","coordinates":[[[74,4],[76,4],[76,5],[74,5],[74,4]]]}},{"type":"Feature","properties":{"shelf_id":987,"bookcase_id":165,"shelf_in_case":3,"side":"front","type":"shelf","reserved_name":null,"reserved_faculty":null,"reserved":false},"geometry":{"type":"Polygon","coordinates":[[[74,3],[76,3],[76,4],[74,4],[74,3]]]}},{"type":"Feature","properties":{"shelf_id":988,"bookcase_id":165,"shelf_in_case":4,"side":"front","type":"shelf","reserved_name":null,"reserved_faculty":null,"reserved":false},"geometry":{"type":"Polygon","coordinates":[[[74,2],[76,2],[76,3],[74,3],[74,2]]]}},{"type":"Feature","properties":{"shelf_id":989,"bookcase_id":165,"shelf_in_case":5,"side":"front","type":"shelf","reserved_name":null,"reserved_faculty":null,"reserved":false},"geometry":{"type":"Polygon","coordinates":[[[74,1],[76,1],[76,2],[74,2],[74,1]]]}},{"type":"Feature","properties":{"shelf_id":990,"bookcase_id":165,"shelf_in_case":6,"side":"front","type":"shelf","reserved_name":null,"reserved_faculty":null,"reserved":false},"geometry":{"type":"Polygon","coordinates":[[[74,0],[76,0],[76,1],[74,1],[74,0]]]}},{"type":"Feature","properties":{"shelf_id":991,"bookcase_id":166,"shelf_in_case":1,"side":"front","type":"shelf","reserved_name":null,"reserved_faculty":null,"reserved":false},"geometry":{"type":"Polygon","coordinates":[[[76,5],[78,5],[78,6],[76,6],[76,5]]]}},{"type":"Feature","properties":{"shelf_id":992,"bookcase_id":166,"shelf_in_case":2,"side":"front","type":"shelf","reserved_name":null,"reserved_faculty":null,"reserved":false},"geometry":{"type":"Polygon","coordinates":[[[76,4],[78,4],[78,5],[76,5],[76,4]]]}},{"type":"Feature","properties":{"shelf_id":993,"bookcase_id":166,"shelf_in_case":3,"side":"front","type":"shelf","reserved_name":null,"reserved_faculty":null,"reserved":false},"geometry":{"type":"Polygon","coordinates":[[[76,3],[78,3],[78,4],[76,4],[76,3]]]}},{"type":"Feature","properties":{"shelf_id":994,"bookcase_id":166,"shelf_in_case":4,"side":"front","type":"shelf","reserved_name":null,"reserved_faculty":null,"reserved":false},"geometry":{"type":"Polygon","coordinates":[[[76,2],[78,2],[78,3],[76,3],[76,2]]]}},{"type":"Feature","properties":{"shelf_id":995,"bookcase_id":166,"shelf_in_case":5,"side":"front","type":"shelf","reserved_name":null,"reserved_faculty":null,"reserved":false},"geometry":{"type":"Polygon","coordinates":[[[76,1],[78,1],[78,2],[76,2],[76,1]]]}},{"type":"Feature","properties":{"shelf_id":996,"bookcase_id":166,"shelf_in_case":6,"side":"front","type":"shelf","reserved_name":null,"reserved_faculty":null,"reserved":false},"geometry":{"type":"Polygon","coordinates":[[[76,0],[78,0],[78,1],[76,1],[76,0]]]}},{"type":"Feature","properties":{"shelf_id":997,"bookcase_id":167,"shelf_in_case":1,"side":"front","type":"shelf","reserved_name":null,"reserved_faculty":null,"reserved":false},"geometry":{"type":"Polygon","coordinates":[[[84,5],[86,5],[86,6],[84,6],[84,5]]]}},{"type":"Feature","properties":{"shelf_id":998,"bookcase_id":167,"shelf_in_case":2,"side":"front","type":"shelf","reserved_name":null,"reserved_faculty":null,"reserved":false},"geometry":{"type":"Polygon","coordinates":[[[84,4],[86,4],[86,5],[84,5],[84,4]]]}},{"type":"Feature","properties":{"shelf_id":999,"bookcase_id":167,"shelf_in_case":3,"side":"front","type":"shelf","reserved_name":null,"reserved_faculty":null,"reserved":false},"geometry":{"type":"Polygon","coordinates":[[[84,3],[86,3],[86,4],[84,4],[84,3]]]}},{"type":"Feature","properties":{"shelf_id":1000,"bookcase_id":167,"shelf_in_case":4,"side":"front","type":"shelf","reserved_name":null,"reserved_faculty":null,"reserved":false},"geometry":{"type":"Polygon","coordinates":[[[84,2],[86,2],[86,3],[84,3],[84,2]]]}},{"type":"Feature","properties":{"shelf_id":1001,"bookcase_id":167,"shelf_in_case":5,"side":"front","type":"shelf","reserved_name":null,"reserved_faculty":null,"reserved":false},"geometry":{"type":"Polygon","coordinates":[[[84,1],[86,1],[86,2],[84,2],[84,1]]]}},{"type":"Feature","properties":{"shelf_id":1002,"bookcase_id":167,"shelf_in_case":6,"side":"front","type":"shelf","reserved_name":null,"reserved_faculty":null,"reserved":false},"geometry":{"type":"Polygon","coordinates":[[[84,0],[86,0],[86,1],[84,1],[84,0]]]}},{"type":"Feature","properties":{"shelf_id":1003,"bookcase_id":168,"shelf_in_case":1,"side":"front","type":"shelf","reserved_name":null,"reserved_faculty":null,"reserved":false},"geometry":{"type":"Polygon","coordinates":[[[86,5],[88,5],[88,6],[86,6],[86,5]]]}},{"type":"Feature","properties":{"shelf_id":1004,"bookcase_id":168,"shelf_in_case":2,"side":"front","type":"shelf","reserved_name":null,"reserved_faculty":null,"reserved":false},"geometry":{"type":"Polygon","coordinates":[[[86,4],[88,4],[88,5],[86,5],[86,4]]]}},{"type":"Feature","properties":{"shelf_id":1005,"bookcase_id":168,"shelf_in_case":3,"side":"front","type":"shelf","reserved_name":null,"reserved_faculty":null,"reserved":false},"geometry":{"type":"Polygon","coordinates":[[[86,3],[88,3],[88,4],[86,4],[86,3]]]}},{"type":"Feature","properties":{"shelf_id":1006,"bookcase_id":168,"shelf_in_case":4,"side":"front","type":"shelf","reserved_name":null,"reserved_faculty":null,"reserved":false},"geometry":{"type":"Polygon","coordinates":[[[86,2],[88,2],[88,3],[86,3],[86,2]]]}},{"type":"Feature","properties":{"shelf_id":1007,"bookcase_id":168,"shelf_in_case":5,"side":"front","type":"shelf","reserved_name":null,"reserved_faculty":null,"reserved":false},"geometry":{"type":"Polygon","coordinates":[[[86,1],[88,1],[88,2],[86,2],[86,1]]]}},{"type":"Feature","properties":{"shelf_id":1008,"bookcase_id":168,"shelf_in_case":6,"side":"front","type":"shelf","reserved_name":null,"reserved_faculty":null,"reserved":false},"geometry":{"type":"Polygon","coordinates":[[[86,0],[88,0],[88,1],[86,1],[86,0]]]}},{"type":"Feature","properties":{"shelf_id":1009,"bookcase_id":169,"shelf_in_case":1,"side":"front","type":"shelf","reserved_name":null,"reserved_faculty":null,"reserved":false},"geometry":{"type":"Polygon","coordinates":[[[88,5],[90,5],[90,6],[88,6],[88,5]]]}},{"type":"Feature","properties":{"shelf_id":1010,"bookcase_id":169,"shelf_in_case":2,"side":"front","type":"shelf","reserved_name":null,"reserved_faculty":null,"reserved":false},"geometry":{"type":"Polygon","coordinates":[[[88,4],[90,4],[90,5],[88,5],[88,4]]]}},{"type":"Feature","properties":{"shelf_id":1011,"bookcase_id":169,"shelf_in_case":3,"side":"front","type":"shelf","reserved_name":null,"reserved_faculty":null,"reserved":false},"geometry":{"type":"Polygon","coordinates":[[[88,3],[90,3],[90,4],[88,4],[88,3]]]}},{"type":"Feature","properties":{"shelf_id":1012,"bookcase_id":169,"shelf_in_case":4,"side":"front","type":"shelf","reserved_name":null,"reserved_faculty":null,"reserved":false},"geometry":{"type":"Polygon","coordinates":[[[88,2],[90,2],[90,3],[88,3],[88,2]]]}},{"type":"Feature","properties":{"shelf_id":1013,"bookcase_id":169,"shelf_in_case":5,"side":"front","type":"shelf","reserved_name":null,"reserved_faculty":null,"reserved":false},"geometry":{"type":"Polygon","coordinates":[[[88,1],[90,1],[90,2],[88,2],[88,1]]]}},{"type":"Feature","properties":{"shelf_id":1014,"bookcase_id":169,"shelf_in_case":6,"side":"front","type":"shelf","reserved_name":null,"reserved_faculty":null,"reserved":false},"geometry":{"type":"Polygon","coordinates":[[[88,0],[90,0],[90,1],[88,1],[88,0]]]}},{"type":"Feature","properties":{"shelf_id":1015,"bookcase_id":170,"shelf_in_case":1,"side":"front","type":"shelf","reserved_name":null,"reserved_faculty":null,"reserved":false},"geometry":{"type":"Polygon","coordinates":[[[90,5],[92,5],[92,6],[90,6],[90,5]]]}},{"type":"Feature","properties":{"shelf_id":1016,"bookcase_id":170,"shelf_in_case":2,"side":"front","type":"shelf","reserved_name":null,"reserved_faculty":null,"reserved":false},"geometry":{"type":"Polygon","coordinates":[[[90,4],[92,4],[92,5],[90,5],[90,4]]]}},{"type":"Feature","properties":{"shelf_id":1017,"bookcase_id":170,"shelf_in_case":3,"side":"front","type":"shelf","reserved_name":null,"reserved_faculty":null,"reserved":false},"geometry":{"type":"Polygon","coordinates":[[[90,3],[92,3],[92,4],[90,4],[90,3]]]}},{"type":"Feature","properties":{"shelf_id":1018,"bookcase_id":170,"shelf_in_case":4,"side":"front","type":"shelf","reserved_name":null,"reserved_faculty":null,"reserved":false},"geometry":{"type":"Polygon","coordinates":[[[90,2],[92,2],[92,3],[90,3],[90,2]]]}},{"type":"Feature","properties":{"shelf_id":1019,"bookcase_id":170,"shelf_in_case":5,"side":"front","type":"shelf","reserved_name":null,"reserved_faculty":null,"reserved":false},"geometry":{"type":"Polygon","coordinates":[[[90,1],[92,1],[92,2],[90,2],[90,1]]]}},{"type":"Feature","properties":{"shelf_id":1020,"bookcase_id":170,"shelf_in_case":6,"side":"front","type":"shelf","reserved_name":null,"reserved_faculty":null,"reserved":false},"geometry":{"type":"Polygon","coordinates":[[[90,0],[92,0],[92,1],[90,1],[90,0]]]}},{"type":"Feature","properties":{"shelf_id":1021,"bookcase_id":171,"shelf_in_case":1,"side":"front","type":"shelf","reserved_name":null,"reserved_faculty":null,"reserved":false},"geometry":{"type":"Polygon","coordinates":[[[92,5],[94,5],[94,6],[92,6],[92,5]]]}},{"type":"Feature","properties":{"shelf_id":1022,"bookcase_id":171,"shelf_in_case":2,"side":"front","type":"shelf","reserved_name":null,"reserved_faculty":null,"reserved":false},"geometry":{"type":"Polygon","coordinates":[[[92,4],[94,4],[94,5],[92,5],[92,4]]]}},{"type":"Feature","properties":{"shelf_id":1023,"bookcase_id":171,"shelf_in_case":3,"side":"front","type":"shelf","reserved_name":null,"reserved_faculty":null,"reserved":false},"geometry":{"type":"Polygon","coordinates":[[[92,3],[94,3],[94,4],[92,4],[92,3]]]}},{"type":"Feature","properties":{"shelf_id":1024,"bookcase_id":171,"shelf_in_case":4,"side":"front","type":"shelf","reserved_name":null,"reserved_faculty":null,"reserved":false},"geometry":{"type":"Polygon","coordinates":[[[92,2],[94,2],[94,3],[92,3],[92,2]]]}},{"type":"Feature","properties":{"shelf_id":1025,"bookcase_id":171,"shelf_in_case":5,"side":"front","type":"shelf","reserved_name":null,"reserved_faculty":null,"reserved":false},"geometry":{"type":"Polygon","coordinates":[[[92,1],[94,1],[94,2],[92,2],[92,1]]]}},{"type":"Feature","properties":{"shelf_id":1026,"bookcase_id":171,"shelf_in_case":6,"side":"front","type":"shelf","reserved_name":null,"reserved_faculty":null,"reserved":false},"geometry":{"type":"Polygon","coordinates":[[[92,0],[94,0],[94,1],[92,1],[92,0]]]}},{"type":"Feature","properties":{"shelf_id":1027,"bookcase_id":172,"shelf_in_case":1,"side":"front","type":"shelf","reserved_name":null,"reserved_faculty":null,"reserved":false},"geometry":{"type":"Polygon","coordinates":[[[94,5],[96,5],[96,6],[94,6],[94,5]]]}},{"type":"Feature","properties":{"shelf_id":1028,"bookcase_id":172,"shelf_in_case":2,"side":"front","type":"shelf","reserved_name":null,"reserved_faculty":null,"reserved":false},"geometry":{"type":"Polygon","coordinates":[[[94,4],[96,4],[96,5],[94,5],[94,4]]]}},{"type":"Feature","properties":{"shelf_id":1029,"bookcase_id":172,"shelf_in_case":3,"side":"front","type":"shelf","reserved_name":null,"reserved_faculty":null,"reserved":false},"geometry":{"type":"Polygon","coordinates":[[[94,3],[96,3],[96,4],[94,4],[94,3]]]}},{"type":"Feature","properties":{"shelf_id":1030,"bookcase_id":172,"shelf_in_case":4,"side":"front","type":"shelf","reserved_name":null,"reserved_faculty":null,"reserved":false},"geometry":{"type":"Polygon","coordinates":[[[94,2],[96,2],[96,3],[94,3],[94,2]]]}},{"type":"Feature","properties":{"shelf_id":1031,"bookcase_id":172,"shelf_in_case":5,"side":"front","type":"shelf","reserved_name":null,"reserved_faculty":null,"reserved":false},"geometry":{"type":"Polygon","coordinates":[[[94,1],[96,1],[96,2],[94,2],[94,1]]]}},{"type":"Feature","properties":{"shelf_id":1032,"bookcase_id":172,"shelf_in_case":6,"side":"front","type":"shelf","reserved_name":null,"reserved_faculty":null,"reserved":false},"geometry":{"type":"Polygon","coordinates":[[[94,0],[96,0],[96,1],[94,1],[94,0]]]}},{"type":"Feature","properties":{"shelf_id":1033,"bookcase_id":173,"shelf_in_case":1,"side":"front","type":"shelf","reserved_name":null,"reserved_faculty":null,"reserved":false},"geometry":{"type":"Polygon","coordinates":[[[96,5],[98,5],[98,6],[96,6],[96,5]]]}},{"type":"Feature","properties":{"shelf_id":1034,"bookcase_id":173,"shelf_in_case":2,"side":"front","type":"shelf","reserved_name":null,"reserved_faculty":null,"reserved":false},"geometry":{"type":"Polygon","coordinates":[[[96,4],[98,4],[98,5],[96,5],[96,4]]]}},{"type":"Feature","properties":{"shelf_id":1035,"bookcase_id":173,"shelf_in_case":3,"side":"front","type":"shelf","reserved_name":null,"reserved_faculty":null,"reserved":false},"geometry":{"type":"Polygon","coordinates":[[[96,3],[98,3],[98,4],[96,4],[96,3]]]}},{"type":"Feature","properties":{"shelf_id":1036,"bookcase_id":173,"shelf_in_case":4,"side":"front","type":"shelf","reserved_name":null,"reserved_faculty":null,"reserved":false},"geometry":{"type":"Polygon","coordinates":[[[96,2],[98,2],[98,3],[96,3],[96,2]]]}},{"type":"Feature","properties":{"shelf_id":1037,"bookcase_id":173,"shelf_in_case":5,"side":"front","type":"shelf","reserved_name":null,"reserved_faculty":null,"reserved":false},"geometry":{"type":"Polygon","coordinates":[[[96,1],[98,1],[98,2],[96,2],[96,1]]]}},{"type":"Feature","properties":{"shelf_id":1038,"bookcase_id":173,"shelf_in_case":6,"side":"front","type":"shelf","reserved_name":null,"reserved_faculty":null,"reserved":false},"geometry":{"type":"Polygon","coordinates":[[[96,0],[98,0],[98,1],[96,1],[96,0]]]}},{"type":"Feature","properties":{"shelf_id":1039,"bookcase_id":174,"shelf_in_case":1,"side":"front","type":"shelf","reserved_name":null,"reserved_faculty":null,"reserved":false},"geometry":{"type":"Polygon","coordinates":[[[100,5],[102,5],[102,6],[100,6],[100,5]]]}},{"type":"Feature","properties":{"shelf_id":1040,"bookcase_id":174,"shelf_in_case":2,"side":"front","type":"shelf","reserved_name":null,"reserved_faculty":null,"reserved":false},"geometry":{"type":"Polygon","coordinates":[[[100,4],[102,4],[102,5],[100,5],[100,4]]]}},{"type":"Feature","properties":{"shelf_id":1041,"bookcase_id":174,"shelf_in_case":3,"side":"front","type":"shelf","reserved_name":null,"reserved_faculty":null,"reserved":false},"geometry":{"type":"Polygon","coordinates":[[[100,3],[102,3],[102,4],[100,4],[100,3]]]}},{"type":"Feature","properties":{"shelf_id":1042,"bookcase_id":174,"shelf_in_case":4,"side":"front","type":"shelf","reserved_name":null,"reserved_faculty":null,"reserved":false},"geometry":{"type":"Polygon","coordinates":[[[100,2],[102,2],[102,3],[100,3],[100,2]]]}},{"type":"Feature","properties":{"shelf_id":1043,"bookcase_id":174,"shelf_in_case":5,"side":"front","type":"shelf","reserved_name":null,"reserved_faculty":null,"reserved":false},"geometry":{"type":"Polygon","coordinates":[[[100,1],[102,1],[102,2],[100,2],[100,1]]]}},{"type":"Feature","properties":{"shelf_id":1044,"bookcase_id":174,"shelf_in_case":6,"side":"front","type":"shelf","reserved_name":null,"reserved_faculty":null,"reserved":false},"geometry":{"type":"Polygon","coordinates":[[[100,0],[102,0],[102,1],[100,1],[100,0]]]}},{"type":"Feature","properties":{"shelf_id":1045,"bookcase_id":175,"shelf_in_case":1,"side":"front","type":"shelf","reserved_name":null,"reserved_faculty":null,"reserved":false},"geometry":{"type":"Polygon","coordinates":[[[102,5],[104,5],[104,6],[102,6],[102,5]]]}},{"type":"Feature","properties":{"shelf_id":1046,"bookcase_id":175,"shelf_in_case":2,"side":"front","type":"shelf","reserved_name":null,"reserved_faculty":null,"reserved":false},"geometry":{"type":"Polygon","coordinates":[[[102,4],[104,4],[104,5],[102,5],[102,4]]]}},{"type":"Feature","properties":{"shelf_id":1047,"bookcase_id":175,"shelf_in_case":3,"side":"front","type":"shelf","reserved_name":null,"reserved_faculty":null,"reserved":false},"geometry":{"type":"Polygon","coordinates":[[[102,3],[104,3],[104,4],[102,4],[102,3]]]}},{"type":"Feature","properties":{"shelf_id":1048,"bookcase_id":175,"shelf_in_case":4,"side":"front","type":"shelf","reserved_name":null,"reserved_faculty":null,"reserved":false},"geometry":{"type":"Polygon","coordinates":[[[102,2],[104,2],[104,3],[102,3],[102,2]]]}},{"type":"Feature","properties":{"shelf_id":1049,"bookcase_id":175,"shelf_in_case":5,"side":"front","type":"shelf","reserved_name":null,"reserved_faculty":null,"reserved":false},"geometry":{"type":"Polygon","coordinates":[[[102,1],[104,1],[104,2],[102,2],[102,1]]]}},{"type":"Feature","properties":{"shelf_id":1050,"bookcase_id":175,"shelf_in_case":6,"side":"front","type":"shelf","reserved_name":null,"reserved_faculty":null,"reserved":false},"geometry":{"type":"Polygon","coordinates":[[[102,0],[104,0],[104,1],[102,1],[102,0]]]}},{"type":"Feature","properties":{"shelf_id":1051,"bookcase_id":176,"shelf_in_case":1,"side":"front","type":"shelf","reserved_name":null,"reserved_faculty":null,"reserved":false},"geometry":{"type":"Polygon","coordinates":[[[104,5],[106,5],[106,6],[104,6],[104,5]]]}},{"type":"Feature","properties":{"shelf_id":1052,"bookcase_id":176,"shelf_in_case":2,"side":"front","type":"shelf","reserved_name":null,"reserved_faculty":null,"reserved":false},"geometry":{"type":"Polygon","coordinates":[[[104,4],[106,4],[106,5],[104,5],[104,4]]]}},{"type":"Feature","properties":{"shelf_id":1053,"bookcase_id":176,"shelf_in_case":3,"side":"front","type":"shelf","reserved_name":null,"reserved_faculty":null,"reserved":false},"geometry":{"type":"Polygon","coordinates":[[[104,3],[106,3],[106,4],[104,4],[104,3]]]}},{"type":"Feature","properties":{"shelf_id":1054,"bookcase_id":176,"shelf_in_case":4,"side":"front","type":"shelf","reserved_name":null,"reserved_faculty":null,"reserved":false},"geometry":{"type":"Polygon","coordinates":[[[104,2],[106,2],[106,3],[104,3],[104,2]]]}},{"type":"Feature","properties":{"shelf_id":1055,"bookcase_id":176,"shelf_in_case":5,"side":"front","type":"shelf","reserved_name":null,"reserved_faculty":null,"reserved":false},"geometry":{"type":"Polygon","coordinates":[[[104,1],[106,1],[106,2],[104,2],[104,1]]]}},{"type":"Feature","properties":{"shelf_id":1056,"bookcase_id":176,"shelf_in_case":6,"side":"front","type":"shelf","reserved_name":null,"reserved_faculty":null,"reserved":false},"geometry":{"type":"Polygon","coordinates":[[[104,0],[106,0],[106,1],[104,1],[104,0]]]}},{"type":"Feature","properties":{"shelf_id":1057,"bookcase_id":177,"shelf_in_case":1,"side":"front","type":"shelf","reserved_name":null,"reserved_faculty":null,"reserved":false},"geometry":{"type":"Polygon","coordinates":[[[106,5],[108,5],[108,6],[106,6],[106,5]]]}},{"type":"Feature","properties":{"shelf_id":1058,"bookcase_id":177,"shelf_in_case":2,"side":"front","type":"shelf","reserved_name":null,"reserved_faculty":null,"reserved":false},"geometry":{"type":"Polygon","coordinates":[[[106,4],[108,4],[108,5],[106,5],[106,4]]]}},{"type":"Feature","properties":{"shelf_id":1059,"bookcase_id":177,"shelf_in_case":3,"side":"front","type":"shelf","reserved_name":null,"reserved_faculty":null,"reserved":false},"geometry":{"type":"Polygon","coordinates":[[[106,3],[108,3],[108,4],[106,4],[106,3]]]}},{"type":"Feature","properties":{"shelf_id":1060,"bookcase_id":177,"shelf_in_case":4,"side":"front","type":"shelf","reserved_name":null,"reserved_faculty":null,"reserved":false},"geometry":{"type":"Polygon","coordinates":[[[106,2],[108,2],[108,3],[106,3],[106,2]]]}},{"type":"Feature","properties":{"shelf_id":1061,"bookcase_id":177,"shelf_in_case":5,"side":"front","type":"shelf","reserved_name":null,"reserved_faculty":null,"reserved":false},"geometry":{"type":"Polygon","coordinates":[[[106,1],[108,1],[108,2],[106,2],[106,1]]]}},{"type":"Feature","properties":{"shelf_id":1062,"bookcase_id":177,"shelf_in_case":6,"side":"front","type":"shelf","reserved_name":null,"reserved_faculty":null,"reserved":false},"geometry":{"type":"Polygon","coordinates":[[[106,0],[108,0],[108,1],[106,1],[106,0]]]}},{"type":"Feature","properties":{"shelf_id":1063,"bookcase_id":178,"shelf_in_case":1,"side":"front","type":"shelf","reserved_name":"Heritage Vitrine","reserved_faculty":"Other","reserved":true},"geometry":{"type":"Polygon","coordinates":[[[108,5],[110,5],[110,6],[108,6],[108,5]]]}},{"type":"Feature","properties":{"shelf_id":1064,"bookcase_id":178,"shelf_in_case":2,"side":"front","type":"shelf","reserved_name":"Heritage Vitrine","reserved_faculty":"Other","reserved":true},"geometry":{"type":"Polygon","coordinates":[[[108,4],[110,4],[110,5],[108,5],[108,4]]]}},{"type":"Feature","properties":{"shelf_id":1065,"bookcase_id":178,"shelf_in_case":3,"side":"front","type":"shelf","reserved_name":"Heritage Vitrine","reserved_faculty":"Other","reserved":true},"geometry":{"type":"Polygon","coordinates":[[[108,3],[110,3],[110,4],[108,4],[108,3]]]}},{"type":"Feature","properties":{"shelf_id":1066,"bookcase_id":178,"shelf_in_case":4,"side":"front","type":"shelf","reserved_name":"Heritage Vitrine","reserved_faculty":"Other","reserved":true},"geometry":{"type":"Polygon","coordinates":[[[108,2],[110,2],[110,3],[108,3],[108,2]]]}},{"type":"Feature","properties":{"shelf_id":1067,"bookcase_id":178,"shelf_in_case":5,"side":"front","type":"shelf","reserved_name":"Heritage Vitrine","reserved_faculty":"Other","reserved":true},"geometry":{"type":"Polygon","coordinates":[[[108,1],[110,1],[110,2],[108,2],[108,1]]]}},{"type":"Feature","properties":{"shelf_id":1068,"bookcase_id":178,"shelf_in_case":6,"side":"front","type":"shelf","reserved_name":"Heritage Vitrine","reserved_faculty":"Other","reserved":true},"geometry":{"type":"Polygon","coordinates":[[[108,0],[110,0],[110,1],[108,1],[108,0]]]}},{"type":"Feature","properties":{"shelf_id":1069,"bookcase_id":179,"shelf_in_case":1,"side":"front","type":"shelf","reserved_name":"Heritage Vitrine","reserved_faculty":"Other","reserved":true},"geometry":{"type":"Polygon","coordinates":[[[110,5],[112,5],[112,6],[110,6],[110,5]]]}},{"type":"Feature","properties":{"shelf_id":1070,"bookcase_id":179,"shelf_in_case":2,"side":"front","type":"shelf","reserved_name":"Heritage Vitrine","reserved_faculty":"Other","reserved":true},"geometry":{"type":"Polygon","coordinates":[[[110,4],[112,4],[112,5],[110,5],[110,4]]]}},{"type":"Feature","properties":{"shelf_id":1071,"bookcase_id":179,"shelf_in_case":3,"side":"front","type":"shelf","reserved_name":"Heritage Vitrine","reserved_faculty":"Other","reserved":true},"geometry":{"type":"Polygon","coordinates":[[[110,3],[112,3],[112,4],[110,4],[110,3]]]}},{"type":"Feature","properties":{"shelf_id":1072,"bookcase_id":179,"shelf_in_case":4,"side":"front","type":"shelf","reserved_name":"Heritage Vitrine","reserved_faculty":"Other","reserved":true},"geometry":{"type":"Polygon","coordinates":[[[110,2],[112,2],[112,3],[110,3],[110,2]]]}},{"type":"Feature","properties":{"shelf_id":1073,"bookcase_id":179,"shelf_in_case":5,"side":"front","type":"shelf","reserved_name":"Heritage Vitrine","reserved_faculty":"Other","reserved":true},"geometry":{"type":"Polygon","coordinates":[[[110,1],[112,1],[112,2],[110,2],[110,1]]]}},{"type":"Feature","properties":{"shelf_id":1074,"bookcase_id":179,"shelf_in_case":6,"side":"front","type":"shelf","reserved_name":"Heritage Vitrine","reserved_faculty":"Other","reserved":true},"geometry":{"type":"Polygon","coordinates":[[[110,0],[112,0],[112,1],[110,1],[110,0]]]}},{"type":"Feature","properties":{"shelf_id":1075,"bookcase_id":180,"shelf_in_case":1,"side":"front","type":"shelf","reserved_name":"Heritage Vitrine","reserved_faculty":"Other","reserved":true},"geometry":{"type":"Polygon","coordinates":[[[112,5],[114,5],[114,6],[112,6],[112,5]]]}},{"type":"Feature","properties":{"shelf_id":1076,"bookcase_id":180,"shelf_in_case":2,"side":"front","type":"shelf","reserved_name":"Heritage Vitrine","reserved_faculty":"Other","reserved":true},"geometry":{"type":"Polygon","coordinates":[[[112,4],[114,4],[114,5],[112,5],[112,4]]]}},{"type":"Feature","properties":{"shelf_id":1077,"bookcase_id":180,"shelf_in_case":3,"side":"front","type":"shelf","reserved_name":"Heritage Vitrine","reserved_faculty":"Other","reserved":true},"geometry":{"type":"Polygon","coordinates":[[[112,3],[114,3],[114,4],[112,4],[112,3]]]}},{"type":"Feature","properties":{"shelf_id":1078,"bookcase_id":180,"shelf_in_case":4,"side":"front","type":"shelf","reserved_name":"Heritage Vitrine","reserved_faculty":"Other","reserved":true},"geometry":{"type":"Polygon","coordinates":[[[112,2],[114,2],[114,3],[112,3],[112,2]]]}},{"type":"Feature","properties":{"shelf_id":1079,"bookcase_id":180,"shelf_in_case":5,"side":"front","type":"shelf","reserved_name":"Heritage Vitrine","reserved_faculty":"Other","reserved":true},"geometry":{"type":"Polygon","coordinates":[[[112,1],[114,1],[114,2],[112,2],[112,1]]]}},{"type":"Feature","properties":{"shelf_id":1080,"bookcase_id":180,"shelf_in_case":6,"side":"front","type":"shelf","reserved_name":"Heritage Vitrine","reserved_faculty":"Other","reserved":true},"geometry":{"type":"Polygon","coordinates":[[[112,0],[114,0],[114,1],[112,1],[112,0]]]}}]}